2025-10-30 11:10:24,447 - root - INFO - Se procede a iniciar sesion
2025-10-30 11:10:45,895 - root - INFO - Se incia sesion correctamente
2025-10-30 11:10:56,363 - root - INFO - Se ingresa al modulo de URL_ADMIN_USUARIOS
2025-10-30 11:10:57,980 - config - INFO - Se selecciona la empresa
2025-10-30 11:10:58,028 - config - INFO - usuario en estado 1, se continua con el siguiente registro
2025-10-30 11:10:58,029 - config - INFO - usuario en estado 1, se continua con el siguiente registro
2025-10-30 11:10:58,029 - config - INFO - usuario en estado 1, se continua con el siguiente registro
2025-10-30 11:10:58,030 - config - INFO - usuario en estado 1, se continua con el siguiente registro
2025-10-30 11:10:58,031 - config - INFO - Se prepara para consultar el siguiente usuario:
2025-10-30 11:10:58,031 - config - INFO - 65795239 - ALFONSO MERCHAN MARTHA LILIANA - lilianalamona@live.com
2025-10-30 11:11:00,115 - config - INFO - Se consultó el usuario: 65795239
2025-10-30 11:11:02,253 - config - INFO - Se ingresa a editar usuario
2025-10-30 11:11:02,253 - config - INFO - Se prepara para escribir el correo: lilianalamona@live.com
2025-10-30 11:11:05,288 - config - INFO - Se escribió el correo: lilianalamona@live.com
2025-10-30 11:11:05,288 - config - INFO - Se prepara para confirmar el correo: lilianalamona@live.com
2025-10-30 11:11:08,322 - config - INFO - Se confirma el correo: lilianalamona@live.com
2025-10-30 11:11:17,571 - config - INFO - Correo actualizado correctamente: lilianalamona@live.com
2025-10-30 11:11:22,653 - config - INFO - Campo de identificación encontrado. Actualización exitosa.
2025-10-30 11:11:27,115 - config - INFO - Se prepara para consultar el siguiente usuario:
2025-10-30 11:11:27,115 - config - INFO - 1001270374 - ALGECIRA SEGURA LEIDY CELENA - celenaalgecirasegura@gmail.com
2025-10-30 11:11:29,197 - config - INFO - Se consultó el usuario: 1001270374
2025-10-30 11:11:31,405 - config - INFO - Se ingresa a editar usuario
2025-10-30 11:11:31,405 - config - INFO - Se prepara para escribir el correo: celenaalgecirasegura@gmail.com
2025-10-30 11:11:34,442 - config - INFO - Se escribió el correo: celenaalgecirasegura@gmail.com
2025-10-30 11:11:34,442 - config - INFO - Se prepara para confirmar el correo: celenaalgecirasegura@gmail.com
2025-10-30 11:11:37,478 - config - INFO - Se confirma el correo: celenaalgecirasegura@gmail.com
2025-10-30 11:11:46,755 - config - INFO - Correo actualizado correctamente: celenaalgecirasegura@gmail.com
2025-10-30 11:11:51,822 - config - INFO - Campo de identificación encontrado. Actualización exitosa.
2025-10-30 11:11:55,893 - config - INFO - Se prepara para consultar el siguiente usuario:
2025-10-30 11:11:55,894 - config - INFO - 40371629 - ALVARADO GUTIERREZ CARMEN JULIA - julia.alvarado1307@gmail.com
2025-10-30 11:11:57,989 - config - INFO - Se consultó el usuario: 40371629
2025-10-30 11:12:00,106 - config - INFO - Se ingresa a editar usuario
2025-10-30 11:12:00,106 - config - INFO - Se prepara para escribir el correo: julia.alvarado1307@gmail.com
2025-10-30 11:12:03,133 - config - INFO - Se escribió el correo: julia.alvarado1307@gmail.com
2025-10-30 11:12:03,133 - config - INFO - Se prepara para confirmar el correo: julia.alvarado1307@gmail.com
2025-10-30 11:12:06,169 - config - INFO - Se confirma el correo: julia.alvarado1307@gmail.com
2025-10-30 11:12:15,423 - config - INFO - Correo actualizado correctamente: julia.alvarado1307@gmail.com
2025-10-30 11:12:20,493 - config - INFO - Campo de identificación encontrado. Actualización exitosa.
2025-10-30 11:12:24,551 - config - INFO - Se prepara para consultar el siguiente usuario:
2025-10-30 11:12:24,551 - config - INFO - 1193581832 - ALVAREZ MORENO DANNA CAMILA - da1717463@gmail.com
2025-10-30 11:12:26,625 - config - INFO - Se consultó el usuario: 1193581832
2025-10-30 11:12:28,867 - config - INFO - Se ingresa a editar usuario
2025-10-30 11:12:28,868 - config - INFO - Se prepara para escribir el correo: da1717463@gmail.com
2025-10-30 11:12:31,892 - config - INFO - Se escribió el correo: da1717463@gmail.com
2025-10-30 11:12:31,893 - config - INFO - Se prepara para confirmar el correo: da1717463@gmail.com
2025-10-30 11:12:34,924 - config - INFO - Se confirma el correo: da1717463@gmail.com
2025-10-30 11:12:44,201 - config - INFO - Correo actualizado correctamente: da1717463@gmail.com
2025-10-30 11:12:49,281 - config - INFO - Campo de identificación encontrado. Actualización exitosa.
2025-10-30 11:12:53,342 - config - INFO - Se prepara para consultar el siguiente usuario:
2025-10-30 11:12:53,343 - config - INFO - 40449564 - AMADO MORALES LADY DIANA - gaba400@hotmail.com
2025-10-30 11:12:55,428 - config - INFO - Se consultó el usuario: 40449564
2025-10-30 11:12:57,534 - config - INFO - Se ingresa a editar usuario
2025-10-30 11:12:57,534 - config - INFO - Se prepara para escribir el correo: gaba400@hotmail.com
2025-10-30 11:13:00,568 - config - INFO - Se escribió el correo: gaba400@hotmail.com
2025-10-30 11:13:00,568 - config - INFO - Se prepara para confirmar el correo: gaba400@hotmail.com
2025-10-30 11:13:03,602 - config - INFO - Se confirma el correo: gaba400@hotmail.com
2025-10-30 11:13:12,810 - config - INFO - Correo actualizado correctamente: gaba400@hotmail.com
2025-10-30 11:13:24,897 - config - ERROR - No se encontró el campo de identificación tras actualizar.
2025-10-30 11:13:24,898 - config - INFO - Error al actualizar el usuario
2025-10-30 11:13:27,499 - config - INFO - Se prepara para consultar el siguiente usuario:
2025-10-30 11:13:27,499 - config - INFO - 30080723 - AMAYA ACERO DEISY NAYIVER - deysi.a.0109@gmail.com
2025-10-30 11:13:29,590 - config - INFO - Se consultó el usuario: 30080723
2025-10-30 11:13:31,703 - config - INFO - Se ingresa a editar usuario
2025-10-30 11:13:31,703 - config - INFO - Se prepara para escribir el correo: deysi.a.0109@gmail.com
2025-10-30 11:13:34,738 - config - INFO - Se escribió el correo: deysi.a.0109@gmail.com
2025-10-30 11:13:34,738 - config - INFO - Se prepara para confirmar el correo: deysi.a.0109@gmail.com
2025-10-30 11:13:37,768 - config - INFO - Se confirma el correo: deysi.a.0109@gmail.com
2025-10-30 11:13:47,065 - config - INFO - Correo actualizado correctamente: deysi.a.0109@gmail.com
2025-10-30 11:13:52,146 - config - INFO - Campo de identificación encontrado. Actualización exitosa.
2025-10-30 11:13:56,207 - config - INFO - Se prepara para consultar el siguiente usuario:
2025-10-30 11:13:56,207 - config - INFO - 1121844532 - ANAYA GONZALEZ CLAUDIA MARCELA - claudiamarcelaanayagonzalez@gmail.com
2025-10-30 11:13:58,284 - config - INFO - Se consultó el usuario: 1121844532
2025-10-30 11:14:00,398 - config - INFO - Se ingresa a editar usuario
2025-10-30 11:14:00,398 - config - INFO - Se prepara para escribir el correo: claudiamarcelaanayagonzalez@gmail.com
2025-10-30 11:14:03,420 - config - INFO - Se escribió el correo: claudiamarcelaanayagonzalez@gmail.com
2025-10-30 11:14:03,420 - config - INFO - Se prepara para confirmar el correo: claudiamarcelaanayagonzalez@gmail.com
2025-10-30 11:14:06,446 - config - INFO - Se confirma el correo: claudiamarcelaanayagonzalez@gmail.com
2025-10-30 11:14:15,686 - config - INFO - Correo actualizado correctamente: claudiamarcelaanayagonzalez@gmail.com
2025-10-30 11:14:20,763 - config - INFO - Campo de identificación encontrado. Actualización exitosa.
2025-10-30 11:14:24,823 - config - INFO - Se prepara para consultar el siguiente usuario:
2025-10-30 11:14:24,823 - config - INFO - 1234788097 - APONTE CARDONA CRISTIAN JESUS - maicolysofia12@gmail.com
2025-10-30 11:14:26,899 - config - INFO - Se consultó el usuario: 1234788097
2025-10-30 11:14:29,017 - config - INFO - Se ingresa a editar usuario
2025-10-30 11:14:29,017 - config - INFO - Se prepara para escribir el correo: maicolysofia12@gmail.com
2025-10-30 11:14:32,055 - config - INFO - Se escribió el correo: maicolysofia12@gmail.com
2025-10-30 11:14:32,055 - config - INFO - Se prepara para confirmar el correo: maicolysofia12@gmail.com
2025-10-30 11:14:35,093 - config - INFO - Se confirma el correo: maicolysofia12@gmail.com
2025-10-30 11:14:44,352 - config - INFO - Correo actualizado correctamente: maicolysofia12@gmail.com
2025-10-30 11:14:49,437 - config - INFO - Campo de identificación encontrado. Actualización exitosa.
2025-10-30 11:14:53,509 - config - INFO - Se prepara para consultar el siguiente usuario:
2025-10-30 11:14:53,509 - config - INFO - 1121960138 - ARDILA DIAZ JENNIFER TATIANA - jennifertatianaardila@gmail.com
2025-10-30 11:14:55,592 - config - INFO - Se consultó el usuario: 1121960138
2025-10-30 11:14:57,740 - config - INFO - Se ingresa a editar usuario
2025-10-30 11:14:57,740 - config - INFO - Se prepara para escribir el correo: jennifertatianaardila@gmail.com
2025-10-30 11:15:00,901 - config - INFO - Se escribió el correo: jennifertatianaardila@gmail.com
2025-10-30 11:15:00,901 - config - INFO - Se prepara para confirmar el correo: jennifertatianaardila@gmail.com
2025-10-30 11:15:03,933 - config - INFO - Se confirma el correo: jennifertatianaardila@gmail.com
2025-10-30 11:15:13,178 - config - INFO - Correo actualizado correctamente: jennifertatianaardila@gmail.com
2025-10-30 11:15:18,258 - config - INFO - Campo de identificación encontrado. Actualización exitosa.
2025-10-30 11:15:22,331 - config - INFO - Se prepara para consultar el siguiente usuario:
2025-10-30 11:15:22,331 - config - INFO - 1006775869 - ARIZA CRUZ ANA LUCIA - analuciaarizacruz709@gmail.com
2025-10-30 11:15:24,406 - config - INFO - Se consultó el usuario: 1006775869
2025-10-30 11:15:26,527 - config - INFO - Se ingresa a editar usuario
2025-10-30 11:15:26,527 - config - INFO - Se prepara para escribir el correo: analuciaarizacruz709@gmail.com
2025-10-30 11:15:29,560 - config - INFO - Se escribió el correo: analuciaarizacruz709@gmail.com
2025-10-30 11:15:29,560 - config - INFO - Se prepara para confirmar el correo: analuciaarizacruz709@gmail.com
2025-10-30 11:15:32,592 - config - INFO - Se confirma el correo: analuciaarizacruz709@gmail.com
2025-10-30 11:15:41,837 - config - INFO - Correo actualizado correctamente: analuciaarizacruz709@gmail.com
2025-10-30 11:15:46,922 - config - INFO - Campo de identificación encontrado. Actualización exitosa.
2025-10-30 11:15:50,999 - config - INFO - Se prepara para consultar el siguiente usuario:
2025-10-30 11:15:50,999 - config - INFO - 1001203921 - BAQUERO ORTIZ VANESSA ALEXANDRA - baquerovanessa91@gmail.com
2025-10-30 11:15:53,096 - config - INFO - Se consultó el usuario: 1001203921
2025-10-30 11:15:55,248 - config - INFO - Se ingresa a editar usuario
2025-10-30 11:15:55,248 - config - INFO - Se prepara para escribir el correo: baquerovanessa91@gmail.com
2025-10-30 11:15:58,290 - config - INFO - Se escribió el correo: baquerovanessa91@gmail.com
2025-10-30 11:15:58,290 - config - INFO - Se prepara para confirmar el correo: baquerovanessa91@gmail.com
2025-10-30 11:16:01,326 - config - INFO - Se confirma el correo: baquerovanessa91@gmail.com
2025-10-30 11:16:10,579 - config - INFO - Correo actualizado correctamente: baquerovanessa91@gmail.com
2025-10-30 11:16:15,647 - config - INFO - Campo de identificación encontrado. Actualización exitosa.
2025-10-30 11:16:19,714 - config - INFO - Se prepara para consultar el siguiente usuario:
2025-10-30 11:16:19,714 - config - INFO - 1121845186 - BARAHONA SUAREZ DAYANA PAOLA - dwmotors0824@gmail.com
2025-10-30 11:16:21,765 - config - INFO - Se consultó el usuario: 1121845186
2025-10-30 11:16:23,877 - config - INFO - Se ingresa a editar usuario
2025-10-30 11:16:23,877 - config - INFO - Se prepara para escribir el correo: dwmotors0824@gmail.com
2025-10-30 11:16:26,911 - config - INFO - Se escribió el correo: dwmotors0824@gmail.com
2025-10-30 11:16:26,911 - config - INFO - Se prepara para confirmar el correo: dwmotors0824@gmail.com
2025-10-30 11:16:29,945 - config - INFO - Se confirma el correo: dwmotors0824@gmail.com
2025-10-30 11:16:39,154 - config - INFO - Correo actualizado correctamente: dwmotors0824@gmail.com
2025-10-30 11:16:44,214 - config - INFO - Campo de identificación encontrado. Actualización exitosa.
2025-10-30 11:16:48,284 - config - INFO - Se prepara para consultar el siguiente usuario:
2025-10-30 11:16:48,284 - config - INFO - 40367231 - BARBOSA CORDERO GEORGINA - bohorquezviviana174@gmail.com
2025-10-30 11:16:50,362 - config - INFO - Se consultó el usuario: 40367231
2025-10-30 11:16:52,476 - config - INFO - Se ingresa a editar usuario
2025-10-30 11:16:52,476 - config - INFO - Se prepara para escribir el correo: bohorquezviviana174@gmail.com
2025-10-30 11:16:55,505 - config - INFO - Se escribió el correo: bohorquezviviana174@gmail.com
2025-10-30 11:16:55,505 - config - INFO - Se prepara para confirmar el correo: bohorquezviviana174@gmail.com
2025-10-30 11:16:58,542 - config - INFO - Se confirma el correo: bohorquezviviana174@gmail.com
2025-10-30 11:17:07,768 - config - INFO - Correo actualizado correctamente: bohorquezviviana174@gmail.com
2025-10-30 11:17:12,837 - config - INFO - Campo de identificación encontrado. Actualización exitosa.
2025-10-30 11:17:16,905 - config - INFO - Se prepara para consultar el siguiente usuario:
2025-10-30 11:17:16,905 - config - INFO - 1121968001 - BARRETO SACRISTAN DEISY ANDREA - barretoandrea932@gmail.com
2025-10-30 11:17:18,973 - config - INFO - Se consultó el usuario: 1121968001
2025-10-30 11:17:21,101 - config - INFO - Se ingresa a editar usuario
2025-10-30 11:17:21,101 - config - INFO - Se prepara para escribir el correo: barretoandrea932@gmail.com
2025-10-30 11:17:24,135 - config - INFO - Se escribió el correo: barretoandrea932@gmail.com
2025-10-30 11:17:24,135 - config - INFO - Se prepara para confirmar el correo: barretoandrea932@gmail.com
2025-10-30 11:17:27,166 - config - INFO - Se confirma el correo: barretoandrea932@gmail.com
2025-10-30 11:17:36,426 - config - INFO - Correo actualizado correctamente: barretoandrea932@gmail.com
2025-10-30 11:17:41,502 - config - INFO - Campo de identificación encontrado. Actualización exitosa.
2025-10-30 11:17:45,577 - config - INFO - Se prepara para consultar el siguiente usuario:
2025-10-30 11:17:45,577 - config - INFO - 1193128654 - BARRIGA BARRERA LISETH - lisethbarriga648@gmail.com
2025-10-30 11:17:47,650 - config - INFO - Se consultó el usuario: 1193128654
2025-10-30 11:17:49,756 - config - INFO - Se ingresa a editar usuario
2025-10-30 11:17:49,756 - config - INFO - Se prepara para escribir el correo: lisethbarriga648@gmail.com
2025-10-30 11:17:52,793 - config - INFO - Se escribió el correo: lisethbarriga648@gmail.com
2025-10-30 11:17:52,794 - config - INFO - Se prepara para confirmar el correo: lisethbarriga648@gmail.com
2025-10-30 11:17:55,820 - config - INFO - Se confirma el correo: lisethbarriga648@gmail.com
2025-10-30 11:18:05,052 - config - INFO - Correo actualizado correctamente: lisethbarriga648@gmail.com
2025-10-30 11:18:10,125 - config - INFO - Campo de identificación encontrado. Actualización exitosa.
2025-10-30 11:18:14,193 - config - INFO - Se prepara para consultar el siguiente usuario:
2025-10-30 11:18:14,193 - config - INFO - 4561950 - BARROS ARENAS GESER ALEXANDER - gaba400@hotmail.com
2025-10-30 11:18:16,259 - config - INFO - Se consultó el usuario: 4561950
2025-10-30 11:18:18,372 - config - INFO - Se ingresa a editar usuario
2025-10-30 11:18:18,372 - config - INFO - Se prepara para escribir el correo: gaba400@hotmail.com
2025-10-30 11:18:21,393 - config - INFO - Se escribió el correo: gaba400@hotmail.com
2025-10-30 11:18:21,393 - config - INFO - Se prepara para confirmar el correo: gaba400@hotmail.com
2025-10-30 11:18:24,434 - config - INFO - Se confirma el correo: gaba400@hotmail.com
2025-10-30 11:18:33,832 - config - INFO - Correo actualizado correctamente: gaba400@hotmail.com
2025-10-30 11:18:45,967 - config - ERROR - No se encontró el campo de identificación tras actualizar.
2025-10-30 11:18:45,967 - config - INFO - Error al actualizar el usuario
2025-10-30 11:18:48,834 - config - INFO - Se prepara para consultar el siguiente usuario:
2025-10-30 11:18:48,834 - config - INFO - 1119946010 - BAUTISTA ANZOLA HEIDY YURANI - anzolaheidy907@gmail.com
2025-10-30 11:18:50,900 - config - INFO - Se consultó el usuario: 1119946010
2025-10-30 11:18:53,013 - config - INFO - Se ingresa a editar usuario
2025-10-30 11:18:53,013 - config - INFO - Se prepara para escribir el correo: anzolaheidy907@gmail.com
2025-10-30 11:18:56,073 - config - INFO - Se escribió el correo: anzolaheidy907@gmail.com
2025-10-30 11:18:56,073 - config - INFO - Se prepara para confirmar el correo: anzolaheidy907@gmail.com
2025-10-30 11:18:59,308 - config - INFO - Se confirma el correo: anzolaheidy907@gmail.com
2025-10-30 11:19:08,633 - config - INFO - Correo actualizado correctamente: anzolaheidy907@gmail.com
2025-10-30 11:19:13,723 - config - INFO - Campo de identificación encontrado. Actualización exitosa.
2025-10-30 11:19:17,795 - config - INFO - Se prepara para consultar el siguiente usuario:
2025-10-30 11:19:17,795 - config - INFO - 41767235 - BAUTISTA PLATA LUCINDA - mi_oficinaguamal@hotmail.com
2025-10-30 11:19:19,854 - config - INFO - Se consultó el usuario: 41767235
2025-10-30 11:19:21,975 - config - INFO - Se ingresa a editar usuario
2025-10-30 11:19:21,975 - config - INFO - Se prepara para escribir el correo: mi_oficinaguamal@hotmail.com
2025-10-30 11:19:25,000 - config - INFO - Se escribió el correo: mi_oficinaguamal@hotmail.com
2025-10-30 11:19:25,000 - config - INFO - Se prepara para confirmar el correo: mi_oficinaguamal@hotmail.com
2025-10-30 11:19:28,039 - config - INFO - Se confirma el correo: mi_oficinaguamal@hotmail.com
2025-10-30 11:19:37,313 - config - INFO - Correo actualizado correctamente: mi_oficinaguamal@hotmail.com
2025-10-30 11:19:42,393 - config - INFO - Campo de identificación encontrado. Actualización exitosa.
2025-10-30 11:19:46,570 - config - INFO - Se prepara para consultar el siguiente usuario:
2025-10-30 11:19:46,570 - config - INFO - 1122918095 - BECERRA PEREZ DEILY HASBLEIDY - hasbleidybecerra190@gmail.com
2025-10-30 11:19:48,637 - config - INFO - Se consultó el usuario: 1122918095
2025-10-30 11:19:50,749 - config - INFO - Se ingresa a editar usuario
2025-10-30 11:19:50,749 - config - INFO - Se prepara para escribir el correo: hasbleidybecerra190@gmail.com
2025-10-30 11:19:53,788 - config - INFO - Se escribió el correo: hasbleidybecerra190@gmail.com
2025-10-30 11:19:53,788 - config - INFO - Se prepara para confirmar el correo: hasbleidybecerra190@gmail.com
2025-10-30 11:19:56,814 - config - INFO - Se confirma el correo: hasbleidybecerra190@gmail.com
2025-10-30 11:20:06,035 - config - INFO - Correo actualizado correctamente: hasbleidybecerra190@gmail.com
2025-10-30 11:20:11,097 - config - INFO - Campo de identificación encontrado. Actualización exitosa.
2025-10-30 11:20:15,196 - config - INFO - Se prepara para consultar el siguiente usuario:
2025-10-30 11:20:15,196 - config - INFO - 1121966736 - BECERRA RICO DAIHANA ANDREA - daihanarico@gmail.com
2025-10-30 11:20:17,262 - config - INFO - Se consultó el usuario: 1121966736
2025-10-30 11:20:19,390 - config - INFO - Se ingresa a editar usuario
2025-10-30 11:20:19,391 - config - INFO - Se prepara para escribir el correo: daihanarico@gmail.com
2025-10-30 11:20:22,428 - config - INFO - Se escribió el correo: daihanarico@gmail.com
2025-10-30 11:20:22,428 - config - INFO - Se prepara para confirmar el correo: daihanarico@gmail.com
2025-10-30 11:20:25,471 - config - INFO - Se confirma el correo: daihanarico@gmail.com
2025-10-30 11:20:34,716 - config - INFO - Correo actualizado correctamente: daihanarico@gmail.com
2025-10-30 11:20:39,799 - config - INFO - Campo de identificación encontrado. Actualización exitosa.
2025-10-30 11:20:43,867 - config - INFO - Se prepara para consultar el siguiente usuario:
2025-10-30 11:20:43,867 - config - INFO - 1121842098 - BEJARANO CARRILLO LADY TATIANA - bejaranocarrilloladytatiana@gmail.com
2025-10-30 11:20:45,949 - config - INFO - Se consultó el usuario: 1121842098
2025-10-30 11:20:48,068 - config - INFO - Se ingresa a editar usuario
2025-10-30 11:20:48,068 - config - INFO - Se prepara para escribir el correo: bejaranocarrilloladytatiana@gmail.com
2025-10-30 11:20:51,104 - config - INFO - Se escribió el correo: bejaranocarrilloladytatiana@gmail.com
2025-10-30 11:20:51,104 - config - INFO - Se prepara para confirmar el correo: bejaranocarrilloladytatiana@gmail.com
2025-10-30 11:20:54,141 - config - INFO - Se confirma el correo: bejaranocarrilloladytatiana@gmail.com
2025-10-30 11:21:03,373 - config - INFO - Correo actualizado correctamente: bejaranocarrilloladytatiana@gmail.com
2025-10-30 11:21:08,438 - config - INFO - Campo de identificación encontrado. Actualización exitosa.
2025-10-30 11:21:12,574 - config - INFO - Se prepara para consultar el siguiente usuario:
2025-10-30 11:21:12,574 - config - INFO - 40371926 - BERNAL RAMIREZ NELSY ALICIA - nelcybernal26@gmail.com
2025-10-30 11:21:14,773 - config - INFO - Se consultó el usuario: 40371926
2025-10-30 11:21:16,903 - config - INFO - Se ingresa a editar usuario
2025-10-30 11:21:16,903 - config - INFO - Se prepara para escribir el correo: nelcybernal26@gmail.com
2025-10-30 11:21:19,937 - config - INFO - Se escribió el correo: nelcybernal26@gmail.com
2025-10-30 11:21:19,937 - config - INFO - Se prepara para confirmar el correo: nelcybernal26@gmail.com
2025-10-30 11:21:22,972 - config - INFO - Se confirma el correo: nelcybernal26@gmail.com
2025-10-30 11:21:32,235 - config - INFO - Correo actualizado correctamente: nelcybernal26@gmail.com
2025-10-30 11:21:37,316 - config - INFO - Campo de identificación encontrado. Actualización exitosa.
2025-10-30 11:21:41,391 - config - INFO - Se prepara para consultar el siguiente usuario:
2025-10-30 11:21:41,391 - config - INFO - 86064088 - BONILLA URREGO OLGER FERNEY - ferneybonilla@hotmail.com
2025-10-30 11:21:43,459 - config - INFO - Se consultó el usuario: 86064088
2025-10-30 11:21:45,599 - config - INFO - Se ingresa a editar usuario
2025-10-30 11:21:45,599 - config - INFO - Se prepara para escribir el correo: ferneybonilla@hotmail.com
2025-10-30 11:21:48,636 - config - INFO - Se escribió el correo: ferneybonilla@hotmail.com
2025-10-30 11:21:48,636 - config - INFO - Se prepara para confirmar el correo: ferneybonilla@hotmail.com
2025-10-30 11:21:51,673 - config - INFO - Se confirma el correo: ferneybonilla@hotmail.com
2025-10-30 11:22:00,960 - config - INFO - Correo actualizado correctamente: ferneybonilla@hotmail.com
2025-10-30 11:22:06,053 - config - INFO - Campo de identificación encontrado. Actualización exitosa.
2025-10-30 11:22:10,129 - config - INFO - Se prepara para consultar el siguiente usuario:
2025-10-30 11:22:10,129 - config - INFO - 1054708466 - BUITRAGO APONTE JAIRO - limpiexvillavicencio@gmail.com
2025-10-30 11:22:12,196 - config - INFO - Se consultó el usuario: 1054708466
2025-10-30 11:22:14,308 - config - INFO - Se ingresa a editar usuario
2025-10-30 11:22:14,308 - config - INFO - Se prepara para escribir el correo: limpiexvillavicencio@gmail.com
2025-10-30 11:22:17,334 - config - INFO - Se escribió el correo: limpiexvillavicencio@gmail.com
2025-10-30 11:22:17,334 - config - INFO - Se prepara para confirmar el correo: limpiexvillavicencio@gmail.com
2025-10-30 11:22:20,372 - config - INFO - Se confirma el correo: limpiexvillavicencio@gmail.com
2025-10-30 11:22:29,583 - config - INFO - Correo actualizado correctamente: limpiexvillavicencio@gmail.com
2025-10-30 11:22:34,648 - config - INFO - Campo de identificación encontrado. Actualización exitosa.
2025-10-30 11:22:38,716 - config - INFO - Se prepara para consultar el siguiente usuario:
2025-10-30 11:22:38,717 - config - INFO - 52996012 - BUITRAGO CANON LEIDY CONSUELO - leidyc_84@hotmail.com
2025-10-30 11:22:40,851 - config - INFO - Se consultó el usuario: 52996012
2025-10-30 11:22:43,078 - config - INFO - Se ingresa a editar usuario
2025-10-30 11:22:43,078 - config - INFO - Se prepara para escribir el correo: leidyc_84@hotmail.com
2025-10-30 11:22:46,167 - config - INFO - Se escribió el correo: leidyc_84@hotmail.com
2025-10-30 11:22:46,167 - config - INFO - Se prepara para confirmar el correo: leidyc_84@hotmail.com
2025-10-30 11:22:49,208 - config - INFO - Se confirma el correo: leidyc_84@hotmail.com
2025-10-30 11:22:58,522 - config - INFO - Correo actualizado correctamente: leidyc_84@hotmail.com
2025-10-30 11:23:03,626 - config - INFO - Campo de identificación encontrado. Actualización exitosa.
2025-10-30 11:23:07,726 - config - INFO - Se prepara para consultar el siguiente usuario:
2025-10-30 11:23:07,726 - config - INFO - 1124190794 - BUSTOS RODRIGUEZ LEIDY JOHANA - juanceleste822@gmail.com
2025-10-30 11:23:09,807 - config - INFO - Se consultó el usuario: 1124190794
2025-10-30 11:23:11,973 - config - INFO - Se ingresa a editar usuario
2025-10-30 11:23:11,973 - config - INFO - Se prepara para escribir el correo: juanceleste822@gmail.com
2025-10-30 11:23:15,014 - config - INFO - Se escribió el correo: juanceleste822@gmail.com
2025-10-30 11:23:15,014 - config - INFO - Se prepara para confirmar el correo: juanceleste822@gmail.com
2025-10-30 11:23:18,042 - config - INFO - Se confirma el correo: juanceleste822@gmail.com
2025-10-30 11:23:27,325 - config - INFO - Correo actualizado correctamente: juanceleste822@gmail.com
2025-10-30 11:23:32,403 - config - INFO - Campo de identificación encontrado. Actualización exitosa.
2025-10-30 11:23:36,474 - config - INFO - Se prepara para consultar el siguiente usuario:
2025-10-30 11:23:36,474 - config - INFO - 1002596538 - CAMELO GIRON MALLERLY PAOLA - mallerlycamelo@gmail.com
2025-10-30 11:23:38,529 - config - INFO - Se consultó el usuario: 1002596538
2025-10-30 11:23:40,644 - config - INFO - Se ingresa a editar usuario
2025-10-30 11:23:40,644 - config - INFO - Se prepara para escribir el correo: mallerlycamelo@gmail.com
2025-10-30 11:23:43,707 - config - INFO - Se escribió el correo: mallerlycamelo@gmail.com
2025-10-30 11:23:43,707 - config - INFO - Se prepara para confirmar el correo: mallerlycamelo@gmail.com
2025-10-30 11:23:46,780 - config - INFO - Se confirma el correo: mallerlycamelo@gmail.com
2025-10-30 11:23:56,046 - config - INFO - Correo actualizado correctamente: mallerlycamelo@gmail.com
2025-10-30 11:24:01,110 - config - INFO - Campo de identificación encontrado. Actualización exitosa.
2025-10-30 11:24:05,174 - config - INFO - Se prepara para consultar el siguiente usuario:
2025-10-30 11:24:05,174 - config - INFO - 1075315269 - CANACUE CHARRY YENI KATERINE - katerinecanacue.29@gmail.com
2025-10-30 11:24:07,237 - config - INFO - Se consultó el usuario: 1075315269
2025-10-30 11:24:09,343 - config - INFO - Se ingresa a editar usuario
2025-10-30 11:24:09,344 - config - INFO - Se prepara para escribir el correo: katerinecanacue.29@gmail.com
2025-10-30 11:24:12,380 - config - INFO - Se escribió el correo: katerinecanacue.29@gmail.com
2025-10-30 11:24:12,381 - config - INFO - Se prepara para confirmar el correo: katerinecanacue.29@gmail.com
2025-10-30 11:24:15,416 - config - INFO - Se confirma el correo: katerinecanacue.29@gmail.com
2025-10-30 11:24:24,621 - config - INFO - Correo actualizado correctamente: katerinecanacue.29@gmail.com
2025-10-30 11:24:29,685 - config - INFO - Campo de identificación encontrado. Actualización exitosa.
2025-10-30 11:24:33,766 - config - INFO - Se prepara para consultar el siguiente usuario:
2025-10-30 11:24:33,766 - config - INFO - 1123114061 - CANTILLO HINCAPIE ANGY FABIANA - AFCH123456789@GMAIL.COM
2025-10-30 11:24:35,840 - config - INFO - Se consultó el usuario: 1123114061
2025-10-30 11:24:37,953 - config - INFO - Se ingresa a editar usuario
2025-10-30 11:24:37,954 - config - INFO - Se prepara para escribir el correo: AFCH123456789@GMAIL.COM
2025-10-30 11:24:40,990 - config - INFO - Se escribió el correo: AFCH123456789@GMAIL.COM
2025-10-30 11:24:40,990 - config - INFO - Se prepara para confirmar el correo: AFCH123456789@GMAIL.COM
2025-10-30 11:24:44,016 - config - INFO - Se confirma el correo: AFCH123456789@GMAIL.COM
2025-10-30 11:24:53,251 - config - INFO - Correo actualizado correctamente: AFCH123456789@GMAIL.COM
2025-10-30 11:24:58,333 - config - INFO - Campo de identificación encontrado. Actualización exitosa.
2025-10-30 11:25:02,400 - config - INFO - Se prepara para consultar el siguiente usuario:
2025-10-30 11:25:02,400 - config - INFO - 1006874728 - CAPERA GARCIA VANESSA ALEXANDRA - vanessacaperaalexandra@gmail.com
2025-10-30 11:25:04,489 - config - INFO - Se consultó el usuario: 1006874728
2025-10-30 11:25:06,598 - config - INFO - Se ingresa a editar usuario
2025-10-30 11:25:06,598 - config - INFO - Se prepara para escribir el correo: vanessacaperaalexandra@gmail.com
2025-10-30 11:25:09,634 - config - INFO - Se escribió el correo: vanessacaperaalexandra@gmail.com
2025-10-30 11:25:09,635 - config - INFO - Se prepara para confirmar el correo: vanessacaperaalexandra@gmail.com
2025-10-30 11:25:12,673 - config - INFO - Se confirma el correo: vanessacaperaalexandra@gmail.com
2025-10-30 11:25:21,909 - config - INFO - Correo actualizado correctamente: vanessacaperaalexandra@gmail.com
2025-10-30 11:25:26,995 - config - INFO - Campo de identificación encontrado. Actualización exitosa.
2025-10-30 11:25:31,066 - config - INFO - Se prepara para consultar el siguiente usuario:
2025-10-30 11:25:31,067 - config - INFO - 7181062 - CARABUENA MONROY WILLIAM - willicarabuena@gmail.com
2025-10-30 11:25:33,128 - config - INFO - Se consultó el usuario: 7181062
2025-10-30 11:25:35,249 - config - INFO - Se ingresa a editar usuario
2025-10-30 11:25:35,249 - config - INFO - Se prepara para escribir el correo: willicarabuena@gmail.com
2025-10-30 11:25:38,278 - config - INFO - Se escribió el correo: willicarabuena@gmail.com
2025-10-30 11:25:38,278 - config - INFO - Se prepara para confirmar el correo: willicarabuena@gmail.com
2025-10-30 11:25:41,351 - config - INFO - Se confirma el correo: willicarabuena@gmail.com
2025-10-30 11:25:50,572 - config - INFO - Correo actualizado correctamente: willicarabuena@gmail.com
2025-10-30 11:26:02,674 - config - ERROR - No se encontró el campo de identificación tras actualizar.
2025-10-30 11:26:02,674 - config - INFO - Error al actualizar el usuario
2025-10-30 11:26:05,001 - config - INFO - Se prepara para consultar el siguiente usuario:
2025-10-30 11:26:05,001 - config - INFO - 21182937 - CARDENAS BEJARANO LIZ NADIA - lizcardenas882@gmail.com
2025-10-30 11:26:07,093 - config - INFO - Se consultó el usuario: 21182937
2025-10-30 11:26:09,202 - config - INFO - Se ingresa a editar usuario
2025-10-30 11:26:09,202 - config - INFO - Se prepara para escribir el correo: lizcardenas882@gmail.com
2025-10-30 11:26:12,273 - config - INFO - Se escribió el correo: lizcardenas882@gmail.com
2025-10-30 11:26:12,273 - config - INFO - Se prepara para confirmar el correo: lizcardenas882@gmail.com
2025-10-30 11:26:15,306 - config - INFO - Se confirma el correo: lizcardenas882@gmail.com
2025-10-30 11:26:24,560 - config - INFO - Correo actualizado correctamente: lizcardenas882@gmail.com
2025-10-30 11:26:29,643 - config - INFO - Campo de identificación encontrado. Actualización exitosa.
2025-10-30 11:26:33,721 - config - INFO - Se prepara para consultar el siguiente usuario:
2025-10-30 11:26:33,721 - config - INFO - 1080184705 - CARDENAS BENAVIDES ELIANA SOLANY - elsolca-12@hotmail.com
2025-10-30 11:26:35,804 - config - INFO - Se consultó el usuario: 1080184705
2025-10-30 11:26:37,913 - config - INFO - Se ingresa a editar usuario
2025-10-30 11:26:37,913 - config - INFO - Se prepara para escribir el correo: elsolca-12@hotmail.com
2025-10-30 11:26:40,953 - config - INFO - Se escribió el correo: elsolca-12@hotmail.com
2025-10-30 11:26:40,953 - config - INFO - Se prepara para confirmar el correo: elsolca-12@hotmail.com
2025-10-30 11:26:43,988 - config - INFO - Se confirma el correo: elsolca-12@hotmail.com
2025-10-30 11:26:53,304 - config - INFO - Correo actualizado correctamente: elsolca-12@hotmail.com
2025-10-30 11:27:05,396 - config - ERROR - No se encontró el campo de identificación tras actualizar.
2025-10-30 11:27:05,396 - config - INFO - Error al actualizar el usuario
2025-10-30 11:27:07,683 - config - INFO - Se prepara para consultar el siguiente usuario:
2025-10-30 11:27:07,683 - config - INFO - 40421967 - CARDONA GONZALEZ ROSALBA - roxy1413barranquilla@gmail.com
2025-10-30 11:27:09,760 - config - INFO - Se consultó el usuario: 40421967
2025-10-30 11:27:11,906 - config - INFO - Se ingresa a editar usuario
2025-10-30 11:27:11,906 - config - INFO - Se prepara para escribir el correo: roxy1413barranquilla@gmail.com
2025-10-30 11:27:14,967 - config - INFO - Se escribió el correo: roxy1413barranquilla@gmail.com
2025-10-30 11:27:14,967 - config - INFO - Se prepara para confirmar el correo: roxy1413barranquilla@gmail.com
2025-10-30 11:27:17,998 - config - INFO - Se confirma el correo: roxy1413barranquilla@gmail.com
2025-10-30 11:27:27,444 - config - INFO - Correo actualizado correctamente: roxy1413barranquilla@gmail.com
2025-10-30 11:27:32,575 - config - INFO - Campo de identificación encontrado. Actualización exitosa.
2025-10-30 11:27:36,658 - config - INFO - Se prepara para consultar el siguiente usuario:
2025-10-30 11:27:36,658 - config - INFO - 1022383499 - CARDONA SANTAMARIA YENIFER - yeniferc13@hotmail.com
2025-10-30 11:27:38,753 - config - INFO - Se consultó el usuario: 1022383499
2025-10-30 11:27:40,963 - config - INFO - Se ingresa a editar usuario
2025-10-30 11:27:40,963 - config - INFO - Se prepara para escribir el correo: yeniferc13@hotmail.com
2025-10-30 11:27:43,996 - config - INFO - Se escribió el correo: yeniferc13@hotmail.com
2025-10-30 11:27:43,996 - config - INFO - Se prepara para confirmar el correo: yeniferc13@hotmail.com
2025-10-30 11:27:47,021 - config - INFO - Se confirma el correo: yeniferc13@hotmail.com
2025-10-30 11:27:56,254 - config - INFO - Correo actualizado correctamente: yeniferc13@hotmail.com
2025-10-30 11:28:01,348 - config - INFO - Campo de identificación encontrado. Actualización exitosa.
2025-10-30 11:28:05,420 - config - INFO - Se prepara para consultar el siguiente usuario:
2025-10-30 11:28:05,420 - config - INFO - 1071304162 - CARRILLO GARZON LEIDY YURANY - carrilloleidy366@gmail.com
2025-10-30 11:28:07,510 - config - INFO - Se consultó el usuario: 1071304162
2025-10-30 11:28:09,625 - config - INFO - Se ingresa a editar usuario
2025-10-30 11:28:09,625 - config - INFO - Se prepara para escribir el correo: carrilloleidy366@gmail.com
2025-10-30 11:28:12,661 - config - INFO - Se escribió el correo: carrilloleidy366@gmail.com
2025-10-30 11:28:12,661 - config - INFO - Se prepara para confirmar el correo: carrilloleidy366@gmail.com
2025-10-30 11:28:15,689 - config - INFO - Se confirma el correo: carrilloleidy366@gmail.com
2025-10-30 11:28:24,977 - config - INFO - Correo actualizado correctamente: carrilloleidy366@gmail.com
2025-10-30 11:28:30,046 - config - INFO - Campo de identificación encontrado. Actualización exitosa.
2025-10-30 11:28:34,116 - config - INFO - Se prepara para consultar el siguiente usuario:
2025-10-30 11:28:34,116 - config - INFO - 1020725666 - CARRILLO GIRALDO JENNIFER - lepetitmarket1@gmail.com
2025-10-30 11:28:36,205 - config - INFO - Se consultó el usuario: 1020725666
2025-10-30 11:28:38,308 - config - INFO - Se ingresa a editar usuario
2025-10-30 11:28:38,308 - config - INFO - Se prepara para escribir el correo: lepetitmarket1@gmail.com
2025-10-30 11:28:41,331 - config - INFO - Se escribió el correo: lepetitmarket1@gmail.com
2025-10-30 11:28:41,331 - config - INFO - Se prepara para confirmar el correo: lepetitmarket1@gmail.com
2025-10-30 11:28:44,389 - config - INFO - Se confirma el correo: lepetitmarket1@gmail.com
2025-10-30 11:28:53,691 - config - INFO - Correo actualizado correctamente: lepetitmarket1@gmail.com
2025-10-30 11:28:58,760 - config - INFO - Campo de identificación encontrado. Actualización exitosa.
2025-10-30 11:29:02,831 - config - INFO - Se prepara para consultar el siguiente usuario:
2025-10-30 11:29:02,831 - config - INFO - 1003483201 - CASALLAS CASTELLANOS LAURA CRISTINA - lauracasallas751@gmail.com
2025-10-30 11:29:04,899 - config - INFO - Se consultó el usuario: 1003483201
2025-10-30 11:29:07,096 - config - INFO - Se ingresa a editar usuario
2025-10-30 11:29:07,096 - config - INFO - Se prepara para escribir el correo: lauracasallas751@gmail.com
2025-10-30 11:29:10,132 - config - INFO - Se escribió el correo: lauracasallas751@gmail.com
2025-10-30 11:29:10,132 - config - INFO - Se prepara para confirmar el correo: lauracasallas751@gmail.com
2025-10-30 11:29:13,177 - config - INFO - Se confirma el correo: lauracasallas751@gmail.com
2025-10-30 11:29:22,451 - config - INFO - Correo actualizado correctamente: lauracasallas751@gmail.com
2025-10-30 11:29:27,531 - config - INFO - Campo de identificación encontrado. Actualización exitosa.
2025-10-30 11:29:31,618 - config - INFO - Se prepara para consultar el siguiente usuario:
2025-10-30 11:29:31,618 - config - INFO - 1120506274 - CASTAÑEDA PERALES ANGIE LISETH - angielizethcastanedaperales@gmail.com
2025-10-30 11:29:33,677 - config - INFO - Se consultó el usuario: 1120506274
2025-10-30 11:29:35,778 - config - INFO - Se ingresa a editar usuario
2025-10-30 11:29:35,778 - config - INFO - Se prepara para escribir el correo: angielizethcastanedaperales@gmail.com
2025-10-30 11:29:38,812 - config - INFO - Se escribió el correo: angielizethcastanedaperales@gmail.com
2025-10-30 11:29:38,813 - config - INFO - Se prepara para confirmar el correo: angielizethcastanedaperales@gmail.com
2025-10-30 11:29:41,846 - config - INFO - Se confirma el correo: angielizethcastanedaperales@gmail.com
2025-10-30 11:29:51,104 - config - INFO - Correo actualizado correctamente: angielizethcastanedaperales@gmail.com
2025-10-30 11:29:56,176 - config - INFO - Campo de identificación encontrado. Actualización exitosa.
2025-10-30 11:30:00,280 - config - INFO - Se prepara para consultar el siguiente usuario:
2025-10-30 11:30:00,280 - config - INFO - 53062799 - CASTILLO MYRIAM - myrian2173@hotmail.com
2025-10-30 11:30:02,340 - config - INFO - Se consultó el usuario: 53062799
2025-10-30 11:30:04,450 - config - INFO - Se ingresa a editar usuario
2025-10-30 11:30:04,450 - config - INFO - Se prepara para escribir el correo: myrian2173@hotmail.com
2025-10-30 11:30:07,477 - config - INFO - Se escribió el correo: myrian2173@hotmail.com
2025-10-30 11:30:07,478 - config - INFO - Se prepara para confirmar el correo: myrian2173@hotmail.com
2025-10-30 11:30:10,519 - config - INFO - Se confirma el correo: myrian2173@hotmail.com
2025-10-30 11:30:19,769 - config - INFO - Correo actualizado correctamente: myrian2173@hotmail.com
2025-10-30 11:30:24,849 - config - INFO - Campo de identificación encontrado. Actualización exitosa.
2025-10-30 11:30:28,920 - config - INFO - Se prepara para consultar el siguiente usuario:
2025-10-30 11:30:28,920 - config - INFO - 40439256 - CASTILLO OVIEDO SOLEY ADRIANA - ceballos281182@gmail.com
2025-10-30 11:30:30,997 - config - INFO - Se consultó el usuario: 40439256
2025-10-30 11:30:33,120 - config - INFO - Se ingresa a editar usuario
2025-10-30 11:30:33,120 - config - INFO - Se prepara para escribir el correo: ceballos281182@gmail.com
2025-10-30 11:30:36,155 - config - INFO - Se escribió el correo: ceballos281182@gmail.com
2025-10-30 11:30:36,155 - config - INFO - Se prepara para confirmar el correo: ceballos281182@gmail.com
2025-10-30 11:30:39,190 - config - INFO - Se confirma el correo: ceballos281182@gmail.com
2025-10-30 11:30:48,517 - config - INFO - Correo actualizado correctamente: ceballos281182@gmail.com
2025-10-30 11:30:53,595 - config - INFO - Campo de identificación encontrado. Actualización exitosa.
2025-10-30 11:30:57,671 - config - INFO - Se prepara para consultar el siguiente usuario:
2025-10-30 11:30:57,671 - config - INFO - 1007258791 - CASTRO CUELLAR ANGIE TATIANA - 12angiecas@gmail.com
2025-10-30 11:30:59,748 - config - INFO - Se consultó el usuario: 1007258791
2025-10-30 11:31:01,864 - config - INFO - Se ingresa a editar usuario
2025-10-30 11:31:01,864 - config - INFO - Se prepara para escribir el correo: 12angiecas@gmail.com
2025-10-30 11:31:04,895 - config - INFO - Se escribió el correo: 12angiecas@gmail.com
2025-10-30 11:31:04,895 - config - INFO - Se prepara para confirmar el correo: 12angiecas@gmail.com
2025-10-30 11:31:07,919 - config - INFO - Se confirma el correo: 12angiecas@gmail.com
2025-10-30 11:31:17,156 - config - INFO - Correo actualizado correctamente: 12angiecas@gmail.com
2025-10-30 11:31:22,229 - config - INFO - Campo de identificación encontrado. Actualización exitosa.
2025-10-30 11:31:26,303 - config - INFO - Se prepara para consultar el siguiente usuario:
2025-10-30 11:31:26,303 - config - INFO - 1120872602 - CASULU BARAJAS KYMWERLYTH VAMNEESSA - kymcasulu96@gmail.com
2025-10-30 11:31:28,368 - config - INFO - Se consultó el usuario: 1120872602
2025-10-30 11:31:30,483 - config - INFO - Se ingresa a editar usuario
2025-10-30 11:31:30,483 - config - INFO - Se prepara para escribir el correo: kymcasulu96@gmail.com
2025-10-30 11:31:33,511 - config - INFO - Se escribió el correo: kymcasulu96@gmail.com
2025-10-30 11:31:33,511 - config - INFO - Se prepara para confirmar el correo: kymcasulu96@gmail.com
2025-10-30 11:31:36,543 - config - INFO - Se confirma el correo: kymcasulu96@gmail.com
2025-10-30 11:31:45,804 - config - INFO - Correo actualizado correctamente: kymcasulu96@gmail.com
2025-10-30 11:31:50,880 - config - INFO - Campo de identificación encontrado. Actualización exitosa.
2025-10-30 11:31:54,944 - config - INFO - Se prepara para consultar el siguiente usuario:
2025-10-30 11:31:54,945 - config - INFO - 1014237571 - CEDIEL CABEZAS KEVIN ERNESTO - cediel1992@gmail.com
2025-10-30 11:31:57,001 - config - INFO - Se consultó el usuario: 1014237571
2025-10-30 11:31:59,093 - config - INFO - Se ingresa a editar usuario
2025-10-30 11:31:59,093 - config - INFO - Se prepara para escribir el correo: cediel1992@gmail.com
2025-10-30 11:32:02,130 - config - INFO - Se escribió el correo: cediel1992@gmail.com
2025-10-30 11:32:02,130 - config - INFO - Se prepara para confirmar el correo: cediel1992@gmail.com
2025-10-30 11:32:05,161 - config - INFO - Se confirma el correo: cediel1992@gmail.com
2025-10-30 11:32:14,413 - config - INFO - Correo actualizado correctamente: cediel1992@gmail.com
2025-10-30 11:32:19,560 - config - INFO - Campo de identificación encontrado. Actualización exitosa.
2025-10-30 11:32:23,645 - config - INFO - Se prepara para consultar el siguiente usuario:
2025-10-30 11:32:23,645 - config - INFO - 40216167 - CHACON ROLDAN DIANA ISABEL - diane.isa.chacon05@gmail.com
2025-10-30 11:32:25,720 - config - INFO - Se consultó el usuario: 40216167
2025-10-30 11:32:27,832 - config - INFO - Se ingresa a editar usuario
2025-10-30 11:32:27,833 - config - INFO - Se prepara para escribir el correo: diane.isa.chacon05@gmail.com
2025-10-30 11:32:30,857 - config - INFO - Se escribió el correo: diane.isa.chacon05@gmail.com
2025-10-30 11:32:30,857 - config - INFO - Se prepara para confirmar el correo: diane.isa.chacon05@gmail.com
2025-10-30 11:32:33,890 - config - INFO - Se confirma el correo: diane.isa.chacon05@gmail.com
2025-10-30 11:32:43,152 - config - INFO - Correo actualizado correctamente: diane.isa.chacon05@gmail.com
2025-10-30 11:32:55,235 - config - ERROR - No se encontró el campo de identificación tras actualizar.
2025-10-30 11:32:55,236 - config - INFO - Error al actualizar el usuario
2025-10-30 11:32:57,513 - config - INFO - Se prepara para consultar el siguiente usuario:
2025-10-30 11:32:57,513 - config - INFO - 1020814606 - CHAVES BONILLA JUAN NICOLAS - nicolas21chaves09@gmail.com
2025-10-30 11:32:59,601 - config - INFO - Se consultó el usuario: 1020814606
2025-10-30 11:33:01,716 - config - INFO - Se ingresa a editar usuario
2025-10-30 11:33:01,716 - config - INFO - Se prepara para escribir el correo: nicolas21chaves09@gmail.com
2025-10-30 11:33:04,758 - config - INFO - Se escribió el correo: nicolas21chaves09@gmail.com
2025-10-30 11:33:04,758 - config - INFO - Se prepara para confirmar el correo: nicolas21chaves09@gmail.com
2025-10-30 11:33:07,781 - config - INFO - Se confirma el correo: nicolas21chaves09@gmail.com
2025-10-30 11:33:17,009 - config - INFO - Correo actualizado correctamente: nicolas21chaves09@gmail.com
2025-10-30 11:33:22,089 - config - INFO - Campo de identificación encontrado. Actualización exitosa.
2025-10-30 11:33:26,152 - config - INFO - Se prepara para consultar el siguiente usuario:
2025-10-30 11:33:26,152 - config - INFO - 1120504924 - CLAVIJO CARRILLO YEZMY AURORA - clavijoesteban0223@gmail.com
2025-10-30 11:33:28,204 - config - INFO - Se consultó el usuario: 1120504924
2025-10-30 11:33:30,319 - config - INFO - Se ingresa a editar usuario
2025-10-30 11:33:30,320 - config - INFO - Se prepara para escribir el correo: clavijoesteban0223@gmail.com
2025-10-30 11:33:33,355 - config - INFO - Se escribió el correo: clavijoesteban0223@gmail.com
2025-10-30 11:33:33,355 - config - INFO - Se prepara para confirmar el correo: clavijoesteban0223@gmail.com
2025-10-30 11:33:36,392 - config - INFO - Se confirma el correo: clavijoesteban0223@gmail.com
2025-10-30 11:33:45,737 - config - INFO - Correo actualizado correctamente: clavijoesteban0223@gmail.com
2025-10-30 11:33:50,828 - config - INFO - Campo de identificación encontrado. Actualización exitosa.
2025-10-30 11:33:54,910 - config - INFO - Se prepara para consultar el siguiente usuario:
2025-10-30 11:33:54,910 - config - INFO - 1122135332 - COCUY DUARTE DEISY KARINA - deisykarina2025@gmail.com
2025-10-30 11:33:56,972 - config - INFO - Se consultó el usuario: 1122135332
2025-10-30 11:33:59,084 - config - INFO - Se ingresa a editar usuario
2025-10-30 11:33:59,084 - config - INFO - Se prepara para escribir el correo: deisykarina2025@gmail.com
2025-10-30 11:34:02,119 - config - INFO - Se escribió el correo: deisykarina2025@gmail.com
2025-10-30 11:34:02,119 - config - INFO - Se prepara para confirmar el correo: deisykarina2025@gmail.com
2025-10-30 11:34:05,148 - config - INFO - Se confirma el correo: deisykarina2025@gmail.com
2025-10-30 11:34:14,419 - config - INFO - Correo actualizado correctamente: deisykarina2025@gmail.com
2025-10-30 11:34:19,571 - config - INFO - Campo de identificación encontrado. Actualización exitosa.
2025-10-30 11:34:23,623 - config - INFO - Se prepara para consultar el siguiente usuario:
2025-10-30 11:34:23,623 - config - INFO - 1121906197 - CORTES CESPEDES ALBA LUZ - albitacortes01@gmail.com
2025-10-30 11:34:25,673 - config - INFO - Se consultó el usuario: 1121906197
2025-10-30 11:34:27,771 - config - INFO - Se ingresa a editar usuario
2025-10-30 11:34:27,772 - config - INFO - Se prepara para escribir el correo: albitacortes01@gmail.com
2025-10-30 11:34:30,798 - config - INFO - Se escribió el correo: albitacortes01@gmail.com
2025-10-30 11:34:30,798 - config - INFO - Se prepara para confirmar el correo: albitacortes01@gmail.com
2025-10-30 11:34:33,828 - config - INFO - Se confirma el correo: albitacortes01@gmail.com
2025-10-30 11:34:43,057 - config - INFO - Correo actualizado correctamente: albitacortes01@gmail.com
2025-10-30 11:34:48,129 - config - INFO - Campo de identificación encontrado. Actualización exitosa.
2025-10-30 11:34:52,204 - config - INFO - Se prepara para consultar el siguiente usuario:
2025-10-30 11:34:52,205 - config - INFO - 40215468 - CORTES HERNANDEZ GLORIA PATRICIA - gloria2930@outlook.com
2025-10-30 11:34:54,272 - config - INFO - Se consultó el usuario: 40215468
2025-10-30 11:34:56,390 - config - INFO - Se ingresa a editar usuario
2025-10-30 11:34:56,390 - config - INFO - Se prepara para escribir el correo: gloria2930@outlook.com
2025-10-30 11:34:59,428 - config - INFO - Se escribió el correo: gloria2930@outlook.com
2025-10-30 11:34:59,428 - config - INFO - Se prepara para confirmar el correo: gloria2930@outlook.com
2025-10-30 11:35:02,460 - config - INFO - Se confirma el correo: gloria2930@outlook.com
2025-10-30 11:35:11,803 - config - INFO - Correo actualizado correctamente: gloria2930@outlook.com
2025-10-30 11:35:16,918 - config - INFO - Campo de identificación encontrado. Actualización exitosa.
2025-10-30 11:35:20,995 - config - INFO - Se prepara para consultar el siguiente usuario:
2025-10-30 11:35:20,995 - config - INFO - 1121849738 - COY MACHADO DAYANNE STEFFANY - dayannecoy_17@hotmail.com
2025-10-30 11:35:23,087 - config - INFO - Se consultó el usuario: 1121849738
2025-10-30 11:35:25,201 - config - INFO - Se ingresa a editar usuario
2025-10-30 11:35:25,201 - config - INFO - Se prepara para escribir el correo: dayannecoy_17@hotmail.com
2025-10-30 11:35:28,227 - config - INFO - Se escribió el correo: dayannecoy_17@hotmail.com
2025-10-30 11:35:28,227 - config - INFO - Se prepara para confirmar el correo: dayannecoy_17@hotmail.com
2025-10-30 11:35:31,249 - config - INFO - Se confirma el correo: dayannecoy_17@hotmail.com
2025-10-30 11:35:40,460 - config - INFO - Correo actualizado correctamente: dayannecoy_17@hotmail.com
2025-10-30 11:35:45,542 - config - INFO - Campo de identificación encontrado. Actualización exitosa.
2025-10-30 11:35:49,636 - config - INFO - Se prepara para consultar el siguiente usuario:
2025-10-30 11:35:49,636 - config - INFO - 1116505062 - CRUZ BEJARANO DORALIZ - docrube1999@gmail.com
2025-10-30 11:35:51,710 - config - INFO - Se consultó el usuario: 1116505062
2025-10-30 11:35:53,820 - config - INFO - Se ingresa a editar usuario
2025-10-30 11:35:53,820 - config - INFO - Se prepara para escribir el correo: docrube1999@gmail.com
2025-10-30 11:35:56,853 - config - INFO - Se escribió el correo: docrube1999@gmail.com
2025-10-30 11:35:56,853 - config - INFO - Se prepara para confirmar el correo: docrube1999@gmail.com
2025-10-30 11:35:59,878 - config - INFO - Se confirma el correo: docrube1999@gmail.com
2025-10-30 11:36:09,113 - config - INFO - Correo actualizado correctamente: docrube1999@gmail.com
2025-10-30 11:36:14,180 - config - INFO - Campo de identificación encontrado. Actualización exitosa.
2025-10-30 11:36:18,232 - config - INFO - Se prepara para consultar el siguiente usuario:
2025-10-30 11:36:18,232 - config - INFO - 1069735886 - CRUZ CRUZ ANGIE LORENA - angielorena1991@hotmail.com
2025-10-30 11:36:20,284 - config - INFO - Se consultó el usuario: 1069735886
2025-10-30 11:36:22,441 - config - INFO - Se ingresa a editar usuario
2025-10-30 11:36:22,441 - config - INFO - Se prepara para escribir el correo: angielorena1991@hotmail.com
2025-10-30 11:36:25,471 - config - INFO - Se escribió el correo: angielorena1991@hotmail.com
2025-10-30 11:36:25,471 - config - INFO - Se prepara para confirmar el correo: angielorena1991@hotmail.com
2025-10-30 11:36:28,506 - config - INFO - Se confirma el correo: angielorena1991@hotmail.com
2025-10-30 11:36:37,746 - config - INFO - Correo actualizado correctamente: angielorena1991@hotmail.com
2025-10-30 11:36:42,827 - config - INFO - Campo de identificación encontrado. Actualización exitosa.
2025-10-30 11:36:47,011 - config - INFO - Se prepara para consultar el siguiente usuario:
2025-10-30 11:36:47,011 - config - INFO - 1122138895 - CRUZ GARCIA ANGIE KATERINE - angiecruzzzzzzz@gmail.com
2025-10-30 11:36:49,123 - config - INFO - Se consultó el usuario: 1122138895
2025-10-30 11:36:51,377 - config - INFO - Se ingresa a editar usuario
2025-10-30 11:36:51,378 - config - INFO - Se prepara para escribir el correo: angiecruzzzzzzz@gmail.com
2025-10-30 11:36:54,414 - config - INFO - Se escribió el correo: angiecruzzzzzzz@gmail.com
2025-10-30 11:36:54,414 - config - INFO - Se prepara para confirmar el correo: angiecruzzzzzzz@gmail.com
2025-10-30 11:36:57,440 - config - INFO - Se confirma el correo: angiecruzzzzzzz@gmail.com
2025-10-30 11:37:06,838 - config - INFO - Correo actualizado correctamente: angiecruzzzzzzz@gmail.com
2025-10-30 11:37:11,932 - config - INFO - Campo de identificación encontrado. Actualización exitosa.
2025-10-30 11:37:16,009 - config - INFO - Se prepara para consultar el siguiente usuario:
2025-10-30 11:37:16,009 - config - INFO - 1127385585 - DELGADILLO ROMERO ROSA NIRVEDIS - rossdelgadillo30@gmail.com
2025-10-30 11:37:18,068 - config - INFO - Se consultó el usuario: 1127385585
2025-10-30 11:37:20,183 - config - INFO - Se ingresa a editar usuario
2025-10-30 11:37:20,184 - config - INFO - Se prepara para escribir el correo: rossdelgadillo30@gmail.com
2025-10-30 11:37:23,217 - config - INFO - Se escribió el correo: rossdelgadillo30@gmail.com
2025-10-30 11:37:23,217 - config - INFO - Se prepara para confirmar el correo: rossdelgadillo30@gmail.com
2025-10-30 11:37:26,255 - config - INFO - Se confirma el correo: rossdelgadillo30@gmail.com
2025-10-30 11:37:35,496 - config - INFO - Correo actualizado correctamente: rossdelgadillo30@gmail.com
2025-10-30 11:37:40,571 - config - INFO - Campo de identificación encontrado. Actualización exitosa.
2025-10-30 11:37:44,647 - config - INFO - Se prepara para consultar el siguiente usuario:
2025-10-30 11:37:44,647 - config - INFO - 16252087 - DELGADO FELIX ANTONIO - delgadofelix515189@hotmail.com
2025-10-30 11:37:46,744 - config - INFO - Se consultó el usuario: 16252087
2025-10-30 11:37:48,858 - config - INFO - Se ingresa a editar usuario
2025-10-30 11:37:48,858 - config - INFO - Se prepara para escribir el correo: delgadofelix515189@hotmail.com
2025-10-30 11:37:51,894 - config - INFO - Se escribió el correo: delgadofelix515189@hotmail.com
2025-10-30 11:37:51,895 - config - INFO - Se prepara para confirmar el correo: delgadofelix515189@hotmail.com
2025-10-30 11:37:54,923 - config - INFO - Se confirma el correo: delgadofelix515189@hotmail.com
2025-10-30 11:38:04,207 - config - INFO - Correo actualizado correctamente: delgadofelix515189@hotmail.com
2025-10-30 11:38:09,282 - config - INFO - Campo de identificación encontrado. Actualización exitosa.
2025-10-30 11:38:13,368 - config - INFO - Se prepara para consultar el siguiente usuario:
2025-10-30 11:38:13,368 - config - INFO - 50976844 - DIAZ GUERRA EIDA LUDIS - petrona958@hotmail.com
2025-10-30 11:38:15,426 - config - INFO - Se consultó el usuario: 50976844
2025-10-30 11:38:17,541 - config - INFO - Se ingresa a editar usuario
2025-10-30 11:38:17,542 - config - INFO - Se prepara para escribir el correo: petrona958@hotmail.com
2025-10-30 11:38:20,568 - config - INFO - Se escribió el correo: petrona958@hotmail.com
2025-10-30 11:38:20,568 - config - INFO - Se prepara para confirmar el correo: petrona958@hotmail.com
2025-10-30 11:38:23,603 - config - INFO - Se confirma el correo: petrona958@hotmail.com
2025-10-30 11:38:32,829 - config - INFO - Correo actualizado correctamente: petrona958@hotmail.com
2025-10-30 11:38:37,893 - config - INFO - Campo de identificación encontrado. Actualización exitosa.
2025-10-30 11:38:41,958 - config - INFO - Se prepara para consultar el siguiente usuario:
2025-10-30 11:38:41,958 - config - INFO - 1121958963 - DIAZ GUTIERREZ ARNULFO STEVEN - stevendiazgutierrez55@gmail.com
2025-10-30 11:38:44,028 - config - INFO - Se consultó el usuario: 1121958963
2025-10-30 11:38:46,128 - config - INFO - Se ingresa a editar usuario
2025-10-30 11:38:46,128 - config - INFO - Se prepara para escribir el correo: stevendiazgutierrez55@gmail.com
2025-10-30 11:38:49,166 - config - INFO - Se escribió el correo: stevendiazgutierrez55@gmail.com
2025-10-30 11:38:49,166 - config - INFO - Se prepara para confirmar el correo: stevendiazgutierrez55@gmail.com
2025-10-30 11:38:52,207 - config - INFO - Se confirma el correo: stevendiazgutierrez55@gmail.com
2025-10-30 11:39:01,461 - config - INFO - Correo actualizado correctamente: stevendiazgutierrez55@gmail.com
2025-10-30 11:39:06,538 - config - INFO - Campo de identificación encontrado. Actualización exitosa.
2025-10-30 11:39:10,629 - config - INFO - Se prepara para consultar el siguiente usuario:
2025-10-30 11:39:10,629 - config - INFO - 1006866651 - DIAZ MARTINEZ YURI YADIANA - yuridiazjf@gmail.com
2025-10-30 11:39:12,694 - config - INFO - Se consultó el usuario: 1006866651
2025-10-30 11:39:14,803 - config - INFO - Se ingresa a editar usuario
2025-10-30 11:39:14,803 - config - INFO - Se prepara para escribir el correo: yuridiazjf@gmail.com
2025-10-30 11:39:17,829 - config - INFO - Se escribió el correo: yuridiazjf@gmail.com
2025-10-30 11:39:17,829 - config - INFO - Se prepara para confirmar el correo: yuridiazjf@gmail.com
2025-10-30 11:39:20,864 - config - INFO - Se confirma el correo: yuridiazjf@gmail.com
2025-10-30 11:39:30,119 - config - INFO - Correo actualizado correctamente: yuridiazjf@gmail.com
2025-10-30 11:39:35,191 - config - INFO - Campo de identificación encontrado. Actualización exitosa.
2025-10-30 11:39:39,248 - config - INFO - Se prepara para consultar el siguiente usuario:
2025-10-30 11:39:39,249 - config - INFO - 40442969 - DUARTE RODRIGUEZ LUZ MERY - luzmery197703@gmail.com
2025-10-30 11:39:41,304 - config - INFO - Se consultó el usuario: 40442969
2025-10-30 11:39:43,416 - config - INFO - Se ingresa a editar usuario
2025-10-30 11:39:43,416 - config - INFO - Se prepara para escribir el correo: luzmery197703@gmail.com
2025-10-30 11:39:46,457 - config - INFO - Se escribió el correo: luzmery197703@gmail.com
2025-10-30 11:39:46,458 - config - INFO - Se prepara para confirmar el correo: luzmery197703@gmail.com
2025-10-30 11:39:49,485 - config - INFO - Se confirma el correo: luzmery197703@gmail.com
2025-10-30 11:39:58,712 - config - INFO - Correo actualizado correctamente: luzmery197703@gmail.com
2025-10-30 11:40:03,774 - config - INFO - Campo de identificación encontrado. Actualización exitosa.
2025-10-30 11:40:07,841 - config - INFO - Se prepara para consultar el siguiente usuario:
2025-10-30 11:40:07,841 - config - INFO - 1121923324 - ECHEVERRI DUARTE JESSICA MARCELA - jessiecheverri94@gmail.com
2025-10-30 11:40:09,916 - config - INFO - Se consultó el usuario: 1121923324
2025-10-30 11:40:12,031 - config - INFO - Se ingresa a editar usuario
2025-10-30 11:40:12,031 - config - INFO - Se prepara para escribir el correo: jessiecheverri94@gmail.com
2025-10-30 11:40:15,060 - config - INFO - Se escribió el correo: jessiecheverri94@gmail.com
2025-10-30 11:40:15,060 - config - INFO - Se prepara para confirmar el correo: jessiecheverri94@gmail.com
2025-10-30 11:40:18,094 - config - INFO - Se confirma el correo: jessiecheverri94@gmail.com
2025-10-30 11:40:27,317 - config - INFO - Correo actualizado correctamente: jessiecheverri94@gmail.com
2025-10-30 11:40:32,386 - config - INFO - Campo de identificación encontrado. Actualización exitosa.
2025-10-30 11:40:36,448 - config - INFO - Se prepara para consultar el siguiente usuario:
2025-10-30 11:40:36,448 - config - INFO - 1006774144 - ENCINOSA VARGAS KAREN NATALIA - encinosavargaskarennatalia@gmail.com
2025-10-30 11:40:38,525 - config - INFO - Se consultó el usuario: 1006774144
2025-10-30 11:40:40,635 - config - INFO - Se ingresa a editar usuario
2025-10-30 11:40:40,635 - config - INFO - Se prepara para escribir el correo: encinosavargaskarennatalia@gmail.com
2025-10-30 11:40:43,663 - config - INFO - Se escribió el correo: encinosavargaskarennatalia@gmail.com
2025-10-30 11:40:43,663 - config - INFO - Se prepara para confirmar el correo: encinosavargaskarennatalia@gmail.com
2025-10-30 11:40:46,694 - config - INFO - Se confirma el correo: encinosavargaskarennatalia@gmail.com
2025-10-30 11:40:55,914 - config - INFO - Correo actualizado correctamente: encinosavargaskarennatalia@gmail.com
2025-10-30 11:41:00,974 - config - INFO - Campo de identificación encontrado. Actualización exitosa.
2025-10-30 11:41:05,082 - config - INFO - Se prepara para consultar el siguiente usuario:
2025-10-30 11:41:05,082 - config - INFO - 1122508546 - ESPINOSA LOPEZ CAROL DAYANA - yorfanylopez943@gmail.com
2025-10-30 11:41:07,138 - config - INFO - Se consultó el usuario: 1122508546
2025-10-30 11:41:09,251 - config - INFO - Se ingresa a editar usuario
2025-10-30 11:41:09,251 - config - INFO - Se prepara para escribir el correo: yorfanylopez943@gmail.com
2025-10-30 11:41:12,283 - config - INFO - Se escribió el correo: yorfanylopez943@gmail.com
2025-10-30 11:41:12,283 - config - INFO - Se prepara para confirmar el correo: yorfanylopez943@gmail.com
2025-10-30 11:41:15,309 - config - INFO - Se confirma el correo: yorfanylopez943@gmail.com
2025-10-30 11:41:32,240 - config - INFO - Correo actualizado correctamente: yorfanylopez943@gmail.com
2025-10-30 11:41:39,282 - config - INFO - Campo de identificación encontrado. Actualización exitosa.
2025-10-30 11:41:43,503 - config - INFO - Se prepara para consultar el siguiente usuario:
2025-10-30 11:41:43,503 - config - INFO - 1121858655 - ESPITIA GONZALEZ YESICA VICTORIA - jejemariav29@hotmail.com
2025-10-30 11:41:46,616 - config - INFO - Se consultó el usuario: 1121858655
2025-10-30 11:41:52,705 - config - INFO - Se ingresa a editar usuario
2025-10-30 11:41:52,706 - config - INFO - Se prepara para escribir el correo: jejemariav29@hotmail.com
2025-10-30 11:41:55,771 - config - INFO - Se escribió el correo: jejemariav29@hotmail.com
2025-10-30 11:41:55,771 - config - INFO - Se prepara para confirmar el correo: jejemariav29@hotmail.com
2025-10-30 11:41:58,848 - config - INFO - Se confirma el correo: jejemariav29@hotmail.com
2025-10-30 11:42:16,015 - config - INFO - Correo actualizado correctamente: jejemariav29@hotmail.com
2025-10-30 11:42:23,063 - config - INFO - Campo de identificación encontrado. Actualización exitosa.
2025-10-30 11:42:27,133 - config - INFO - Se prepara para consultar el siguiente usuario:
2025-10-30 11:42:27,134 - config - INFO - 40186825 - FAJARDO CIFUENTES PATRICIA JOHANA - giovafajardo1981@hotmail.com
2025-10-30 11:42:30,397 - config - INFO - Se consultó el usuario: 40186825
2025-10-30 11:42:36,298 - config - INFO - Se ingresa a editar usuario
2025-10-30 11:42:36,298 - config - INFO - Se prepara para escribir el correo: giovafajardo1981@hotmail.com
2025-10-30 11:42:39,332 - config - INFO - Se escribió el correo: giovafajardo1981@hotmail.com
2025-10-30 11:42:39,332 - config - INFO - Se prepara para confirmar el correo: giovafajardo1981@hotmail.com
2025-10-30 11:42:42,371 - config - INFO - Se confirma el correo: giovafajardo1981@hotmail.com
2025-10-30 11:42:58,638 - config - INFO - Correo actualizado correctamente: giovafajardo1981@hotmail.com
2025-10-30 11:43:05,688 - config - INFO - Campo de identificación encontrado. Actualización exitosa.
2025-10-30 11:43:09,787 - config - INFO - Se prepara para consultar el siguiente usuario:
2025-10-30 11:43:09,787 - config - INFO - 1077976735 - FANDIÑO SABOGAL LAURA DANIELA - laurafandino2706@gmail.com
2025-10-30 11:43:12,842 - config - INFO - Se consultó el usuario: 1077976735
2025-10-30 11:43:18,940 - config - INFO - Se ingresa a editar usuario
2025-10-30 11:43:18,940 - config - INFO - Se prepara para escribir el correo: laurafandino2706@gmail.com
2025-10-30 11:43:21,971 - config - INFO - Se escribió el correo: laurafandino2706@gmail.com
2025-10-30 11:43:21,971 - config - INFO - Se prepara para confirmar el correo: laurafandino2706@gmail.com
2025-10-30 11:43:24,995 - config - INFO - Se confirma el correo: laurafandino2706@gmail.com
2025-10-30 11:43:41,283 - config - INFO - Correo actualizado correctamente: laurafandino2706@gmail.com
2025-10-30 11:43:48,324 - config - INFO - Campo de identificación encontrado. Actualización exitosa.
2025-10-30 11:43:52,397 - config - INFO - Se prepara para consultar el siguiente usuario:
2025-10-30 11:43:52,397 - config - INFO - 1073695360 - FLOREZ LOPEZ INGRID YULIE - florezyulie2@gmail.com
2025-10-30 11:43:55,459 - config - INFO - Se consultó el usuario: 1073695360
2025-10-30 11:44:01,565 - config - INFO - Se ingresa a editar usuario
2025-10-30 11:44:01,565 - config - INFO - Se prepara para escribir el correo: florezyulie2@gmail.com
2025-10-30 11:44:04,606 - config - INFO - Se escribió el correo: florezyulie2@gmail.com
2025-10-30 11:44:04,607 - config - INFO - Se prepara para confirmar el correo: florezyulie2@gmail.com
2025-10-30 11:44:07,633 - config - INFO - Se confirma el correo: florezyulie2@gmail.com
2025-10-30 11:44:23,903 - config - INFO - Correo actualizado correctamente: florezyulie2@gmail.com
2025-10-30 11:44:30,947 - config - INFO - Campo de identificación encontrado. Actualización exitosa.
2025-10-30 11:44:35,033 - config - INFO - Se prepara para consultar el siguiente usuario:
2025-10-30 11:44:35,033 - config - INFO - 52271974 - FLOREZ PRADA FLOR ALBA - florflorezprada@gmail.com
2025-10-30 11:44:38,101 - config - INFO - Se consultó el usuario: 52271974
2025-10-30 11:44:44,216 - config - INFO - Se ingresa a editar usuario
2025-10-30 11:44:44,217 - config - INFO - Se prepara para escribir el correo: florflorezprada@gmail.com
2025-10-30 11:44:47,248 - config - INFO - Se escribió el correo: florflorezprada@gmail.com
2025-10-30 11:44:47,249 - config - INFO - Se prepara para confirmar el correo: florflorezprada@gmail.com
2025-10-30 11:44:50,288 - config - INFO - Se confirma el correo: florflorezprada@gmail.com
2025-10-30 11:45:07,554 - config - INFO - Correo actualizado correctamente: florflorezprada@gmail.com
2025-10-30 11:45:14,594 - config - INFO - Campo de identificación encontrado. Actualización exitosa.
2025-10-30 11:45:18,667 - config - INFO - Se prepara para consultar el siguiente usuario:
2025-10-30 11:45:18,667 - config - INFO - 1097990010 - FONTECHA SERRANO YULY MARCELA - serranoyuly931@gmail.com
2025-10-30 11:45:20,729 - config - INFO - Se consultó el usuario: 1097990010
2025-10-30 11:45:22,847 - config - INFO - Se ingresa a editar usuario
2025-10-30 11:45:22,847 - config - INFO - Se prepara para escribir el correo: serranoyuly931@gmail.com
2025-10-30 11:45:25,900 - config - INFO - Se escribió el correo: serranoyuly931@gmail.com
2025-10-30 11:45:25,901 - config - INFO - Se prepara para confirmar el correo: serranoyuly931@gmail.com
2025-10-30 11:45:28,994 - config - INFO - Se confirma el correo: serranoyuly931@gmail.com
2025-10-30 11:45:38,415 - config - INFO - Correo actualizado correctamente: serranoyuly931@gmail.com
2025-10-30 11:45:43,493 - config - INFO - Campo de identificación encontrado. Actualización exitosa.
2025-10-30 11:45:47,581 - config - INFO - Se prepara para consultar el siguiente usuario:
2025-10-30 11:45:47,582 - config - INFO - 1121967870 - FORERO TEJADA ALEJANDRO - alejofor@hotmail.com
2025-10-30 11:45:49,664 - config - INFO - Se consultó el usuario: 1121967870
2025-10-30 11:45:51,857 - config - INFO - Se ingresa a editar usuario
2025-10-30 11:45:51,857 - config - INFO - Se prepara para escribir el correo: alejofor@hotmail.com
2025-10-30 11:45:54,944 - config - INFO - Se escribió el correo: alejofor@hotmail.com
2025-10-30 11:45:54,944 - config - INFO - Se prepara para confirmar el correo: alejofor@hotmail.com
2025-10-30 11:45:57,981 - config - INFO - Se confirma el correo: alejofor@hotmail.com
2025-10-30 11:46:07,273 - config - INFO - Correo actualizado correctamente: alejofor@hotmail.com
2025-10-30 11:46:12,371 - config - INFO - Campo de identificación encontrado. Actualización exitosa.
2025-10-30 11:46:16,532 - config - INFO - Se prepara para consultar el siguiente usuario:
2025-10-30 11:46:16,532 - config - INFO - 1023037188 - FRANCO LONDOÑO BRAYAN ESNEIDER - brayanfranc1999@gmail.com
2025-10-30 11:46:18,661 - config - INFO - Se consultó el usuario: 1023037188
2025-10-30 11:46:20,837 - config - INFO - Se ingresa a editar usuario
2025-10-30 11:46:20,837 - config - INFO - Se prepara para escribir el correo: brayanfranc1999@gmail.com
2025-10-30 11:46:23,873 - config - INFO - Se escribió el correo: brayanfranc1999@gmail.com
2025-10-30 11:46:23,873 - config - INFO - Se prepara para confirmar el correo: brayanfranc1999@gmail.com
2025-10-30 11:46:26,907 - config - INFO - Se confirma el correo: brayanfranc1999@gmail.com
2025-10-30 11:46:36,175 - config - INFO - Correo actualizado correctamente: brayanfranc1999@gmail.com
2025-10-30 11:46:41,257 - config - INFO - Campo de identificación encontrado. Actualización exitosa.
2025-10-30 11:46:45,362 - config - INFO - Se prepara para consultar el siguiente usuario:
2025-10-30 11:46:45,362 - config - INFO - 66865834 - FRANCO PEREZ ADELAYDA DEL SOCORRO - Adelafranc34@gmail.com
2025-10-30 11:46:47,499 - config - INFO - Se consultó el usuario: 66865834
2025-10-30 11:46:49,633 - config - INFO - Se ingresa a editar usuario
2025-10-30 11:46:49,634 - config - INFO - Se prepara para escribir el correo: Adelafranc34@gmail.com
2025-10-30 11:46:52,678 - config - INFO - Se escribió el correo: Adelafranc34@gmail.com
2025-10-30 11:46:52,678 - config - INFO - Se prepara para confirmar el correo: Adelafranc34@gmail.com
2025-10-30 11:46:55,718 - config - INFO - Se confirma el correo: Adelafranc34@gmail.com
2025-10-30 11:47:05,027 - config - INFO - Correo actualizado correctamente: Adelafranc34@gmail.com
2025-10-30 11:47:10,117 - config - INFO - Campo de identificación encontrado. Actualización exitosa.
2025-10-30 11:47:14,438 - config - INFO - Se prepara para consultar el siguiente usuario:
2025-10-30 11:47:14,442 - config - INFO - 1121915258 - FRANCO SALAZAR DAYANA STEFFANI - danysalazar640@gmail.com
2025-10-30 11:47:16,535 - config - INFO - Se consultó el usuario: 1121915258
2025-10-30 11:47:18,684 - config - INFO - Se ingresa a editar usuario
2025-10-30 11:47:18,684 - config - INFO - Se prepara para escribir el correo: danysalazar640@gmail.com
2025-10-30 11:47:21,733 - config - INFO - Se escribió el correo: danysalazar640@gmail.com
2025-10-30 11:47:21,734 - config - INFO - Se prepara para confirmar el correo: danysalazar640@gmail.com
2025-10-30 11:47:24,769 - config - INFO - Se confirma el correo: danysalazar640@gmail.com
2025-10-30 11:47:34,189 - config - INFO - Correo actualizado correctamente: danysalazar640@gmail.com
2025-10-30 11:47:39,269 - config - INFO - Campo de identificación encontrado. Actualización exitosa.
2025-10-30 11:47:43,348 - config - INFO - Se prepara para consultar el siguiente usuario:
2025-10-30 11:47:43,348 - config - INFO - 37559806 - GAITAN OJEDA AZUCENA - azucar98@hotmail.com
2025-10-30 11:47:45,426 - config - INFO - Se consultó el usuario: 37559806
2025-10-30 11:47:47,544 - config - INFO - Se ingresa a editar usuario
2025-10-30 11:47:47,544 - config - INFO - Se prepara para escribir el correo: azucar98@hotmail.com
2025-10-30 11:47:50,580 - config - INFO - Se escribió el correo: azucar98@hotmail.com
2025-10-30 11:47:50,581 - config - INFO - Se prepara para confirmar el correo: azucar98@hotmail.com
2025-10-30 11:47:53,613 - config - INFO - Se confirma el correo: azucar98@hotmail.com
2025-10-30 11:48:02,857 - config - INFO - Correo actualizado correctamente: azucar98@hotmail.com
2025-10-30 11:48:07,926 - config - INFO - Campo de identificación encontrado. Actualización exitosa.
2025-10-30 11:48:11,998 - config - INFO - Se prepara para consultar el siguiente usuario:
2025-10-30 11:48:11,998 - config - INFO - 1122145025 - GALEANO ARIZA KAREN VANESSA - Karenariza341@gmail.com
2025-10-30 11:48:14,056 - config - INFO - Se consultó el usuario: 1122145025
2025-10-30 11:48:16,177 - config - INFO - Se ingresa a editar usuario
2025-10-30 11:48:16,177 - config - INFO - Se prepara para escribir el correo: Karenariza341@gmail.com
2025-10-30 11:48:19,258 - config - INFO - Se escribió el correo: Karenariza341@gmail.com
2025-10-30 11:48:19,259 - config - INFO - Se prepara para confirmar el correo: Karenariza341@gmail.com
2025-10-30 11:48:22,331 - config - INFO - Se confirma el correo: Karenariza341@gmail.com
2025-10-30 11:48:31,689 - config - INFO - Correo actualizado correctamente: Karenariza341@gmail.com
2025-10-30 11:48:36,762 - config - INFO - Campo de identificación encontrado. Actualización exitosa.
2025-10-30 11:48:40,882 - config - INFO - Se prepara para consultar el siguiente usuario:
2025-10-30 11:48:40,882 - config - INFO - 1123863140 - GALEANO LOPEZ ANDRI YANETH - andrigaleano2@gmail.com
2025-10-30 11:48:43,019 - config - INFO - Se consultó el usuario: 1123863140
2025-10-30 11:48:45,344 - config - INFO - Se ingresa a editar usuario
2025-10-30 11:48:45,344 - config - INFO - Se prepara para escribir el correo: andrigaleano2@gmail.com
2025-10-30 11:48:48,386 - config - INFO - Se escribió el correo: andrigaleano2@gmail.com
2025-10-30 11:48:48,386 - config - INFO - Se prepara para confirmar el correo: andrigaleano2@gmail.com
2025-10-30 11:48:51,414 - config - INFO - Se confirma el correo: andrigaleano2@gmail.com
2025-10-30 11:49:00,656 - config - INFO - Correo actualizado correctamente: andrigaleano2@gmail.com
2025-10-30 11:49:05,736 - config - INFO - Campo de identificación encontrado. Actualización exitosa.
2025-10-30 11:49:09,825 - config - INFO - Se prepara para consultar el siguiente usuario:
2025-10-30 11:49:09,825 - config - INFO - 21185176 - GARAVITO ROMERO NIDIA ELENA - llanofarmacia@hotmail.es
2025-10-30 11:49:11,893 - config - INFO - Se consultó el usuario: 21185176
2025-10-30 11:49:14,004 - config - INFO - Se ingresa a editar usuario
2025-10-30 11:49:14,005 - config - INFO - Se prepara para escribir el correo: llanofarmacia@hotmail.es
2025-10-30 11:49:17,029 - config - INFO - Se escribió el correo: llanofarmacia@hotmail.es
2025-10-30 11:49:17,030 - config - INFO - Se prepara para confirmar el correo: llanofarmacia@hotmail.es
2025-10-30 11:49:20,057 - config - INFO - Se confirma el correo: llanofarmacia@hotmail.es
2025-10-30 11:49:29,583 - config - INFO - Correo actualizado correctamente: llanofarmacia@hotmail.es
2025-10-30 11:49:34,694 - config - INFO - Campo de identificación encontrado. Actualización exitosa.
2025-10-30 11:49:38,917 - config - INFO - Se prepara para consultar el siguiente usuario:
2025-10-30 11:49:38,917 - config - INFO - 1012413227 - GARCIA AYALA ANGIE KATHERIN - garcia94angie@gmail.com
2025-10-30 11:49:41,004 - config - INFO - Se consultó el usuario: 1012413227
2025-10-30 11:49:43,175 - config - INFO - Se ingresa a editar usuario
2025-10-30 11:49:43,176 - config - INFO - Se prepara para escribir el correo: garcia94angie@gmail.com
2025-10-30 11:49:46,231 - config - INFO - Se escribió el correo: garcia94angie@gmail.com
2025-10-30 11:49:46,232 - config - INFO - Se prepara para confirmar el correo: garcia94angie@gmail.com
2025-10-30 11:49:49,285 - config - INFO - Se confirma el correo: garcia94angie@gmail.com
2025-10-30 11:49:58,790 - config - INFO - Correo actualizado correctamente: garcia94angie@gmail.com
2025-10-30 11:50:03,896 - config - INFO - Campo de identificación encontrado. Actualización exitosa.
2025-10-30 11:50:08,030 - config - INFO - Se prepara para consultar el siguiente usuario:
2025-10-30 11:50:08,030 - config - INFO - 1121206783 - GARCIA LINARES AURA ENITH - auga3119@gmail.com
2025-10-30 11:50:10,109 - config - INFO - Se consultó el usuario: 1121206783
2025-10-30 11:50:12,320 - config - INFO - Se ingresa a editar usuario
2025-10-30 11:50:12,321 - config - INFO - Se prepara para escribir el correo: auga3119@gmail.com
2025-10-30 11:50:15,379 - config - INFO - Se escribió el correo: auga3119@gmail.com
2025-10-30 11:50:15,379 - config - INFO - Se prepara para confirmar el correo: auga3119@gmail.com
2025-10-30 11:50:18,446 - config - INFO - Se confirma el correo: auga3119@gmail.com
2025-10-30 11:50:27,785 - config - INFO - Correo actualizado correctamente: auga3119@gmail.com
2025-10-30 11:50:32,856 - config - INFO - Campo de identificación encontrado. Actualización exitosa.
2025-10-30 11:50:36,936 - config - INFO - Se prepara para consultar el siguiente usuario:
2025-10-30 11:50:36,936 - config - INFO - 40378674 - GARCIA LOPEZ GLORIA INES - williammartin.201428@gmail.com
2025-10-30 11:50:38,996 - config - INFO - Se consultó el usuario: 40378674
2025-10-30 11:50:41,101 - config - INFO - Se ingresa a editar usuario
2025-10-30 11:50:41,102 - config - INFO - Se prepara para escribir el correo: williammartin.201428@gmail.com
2025-10-30 11:50:44,134 - config - INFO - Se escribió el correo: williammartin.201428@gmail.com
2025-10-30 11:50:44,134 - config - INFO - Se prepara para confirmar el correo: williammartin.201428@gmail.com
2025-10-30 11:50:47,205 - config - INFO - Se confirma el correo: williammartin.201428@gmail.com
2025-10-30 11:50:56,489 - config - INFO - Correo actualizado correctamente: williammartin.201428@gmail.com
2025-10-30 11:51:01,582 - config - INFO - Campo de identificación encontrado. Actualización exitosa.
2025-10-30 11:51:05,730 - config - INFO - Se prepara para consultar el siguiente usuario:
2025-10-30 11:51:05,730 - config - INFO - 31006869 - GARCIA MORALES EMELSY - aangiecarolina02@gmail.com
2025-10-30 11:51:07,920 - config - INFO - Se consultó el usuario: 31006869
2025-10-30 11:51:10,113 - config - INFO - Se ingresa a editar usuario
2025-10-30 11:51:10,114 - config - INFO - Se prepara para escribir el correo: aangiecarolina02@gmail.com
2025-10-30 11:51:13,162 - config - INFO - Se escribió el correo: aangiecarolina02@gmail.com
2025-10-30 11:51:13,162 - config - INFO - Se prepara para confirmar el correo: aangiecarolina02@gmail.com
2025-10-30 11:51:16,202 - config - INFO - Se confirma el correo: aangiecarolina02@gmail.com
2025-10-30 11:51:25,596 - config - INFO - Correo actualizado correctamente: aangiecarolina02@gmail.com
2025-10-30 11:51:30,661 - config - INFO - Campo de identificación encontrado. Actualización exitosa.
2025-10-30 11:51:34,742 - config - INFO - Se prepara para consultar el siguiente usuario:
2025-10-30 11:51:34,742 - config - INFO - 17313482 - GARCIA VILLORIA ALVARO - albarovilloria@gmail.com
2025-10-30 11:51:36,841 - config - INFO - Se consultó el usuario: 17313482
2025-10-30 11:51:38,974 - config - INFO - Se ingresa a editar usuario
2025-10-30 11:51:38,974 - config - INFO - Se prepara para escribir el correo: albarovilloria@gmail.com
2025-10-30 11:51:42,004 - config - INFO - Se escribió el correo: albarovilloria@gmail.com
2025-10-30 11:51:42,005 - config - INFO - Se prepara para confirmar el correo: albarovilloria@gmail.com
2025-10-30 11:51:45,040 - config - INFO - Se confirma el correo: albarovilloria@gmail.com
2025-10-30 11:51:54,312 - config - INFO - Correo actualizado correctamente: albarovilloria@gmail.com
2025-10-30 11:51:59,399 - config - INFO - Campo de identificación encontrado. Actualización exitosa.
2025-10-30 11:52:03,479 - config - INFO - Se prepara para consultar el siguiente usuario:
2025-10-30 11:52:03,480 - config - INFO - 1121918977 - GOMEZ LOPEZ DANIA PAOLA - dpgomez779@gmail.com
2025-10-30 11:52:05,565 - config - INFO - Se consultó el usuario: 1121918977
2025-10-30 11:52:07,699 - config - INFO - Se ingresa a editar usuario
2025-10-30 11:52:07,699 - config - INFO - Se prepara para escribir el correo: dpgomez779@gmail.com
2025-10-30 11:52:10,734 - config - INFO - Se escribió el correo: dpgomez779@gmail.com
2025-10-30 11:52:10,735 - config - INFO - Se prepara para confirmar el correo: dpgomez779@gmail.com
2025-10-30 11:52:13,756 - config - INFO - Se confirma el correo: dpgomez779@gmail.com
2025-10-30 11:52:23,084 - config - INFO - Correo actualizado correctamente: dpgomez779@gmail.com
2025-10-30 11:52:28,169 - config - INFO - Campo de identificación encontrado. Actualización exitosa.
2025-10-30 11:52:32,242 - config - INFO - Se prepara para consultar el siguiente usuario:
2025-10-30 11:52:32,242 - config - INFO - 39455010 - GOMEZ OROZCO DORA LILIANA - paulafg@2112@hotmail.com
2025-10-30 11:52:34,308 - config - INFO - Se consultó el usuario: 39455010
2025-10-30 11:52:36,417 - config - INFO - Se ingresa a editar usuario
2025-10-30 11:52:36,417 - config - INFO - Se prepara para escribir el correo: paulafg@2112@hotmail.com
2025-10-30 11:52:39,449 - config - INFO - Se escribió el correo: paulafg@2112@hotmail.com
2025-10-30 11:52:39,450 - config - INFO - Se prepara para confirmar el correo: paulafg@2112@hotmail.com
2025-10-30 11:52:42,496 - config - INFO - Se confirma el correo: paulafg@2112@hotmail.com
2025-10-30 11:52:51,772 - config - INFO - Correo actualizado correctamente: paulafg@2112@hotmail.com
2025-10-30 11:53:03,851 - config - ERROR - No se encontró el campo de identificación tras actualizar.
2025-10-30 11:53:03,851 - config - INFO - Error al actualizar el usuario
2025-10-30 11:53:06,161 - config - INFO - Se prepara para consultar el siguiente usuario:
2025-10-30 11:53:06,161 - config - INFO - 40265478 - GONZALEZ MONTEALEGRE YAMILE - gonzalezyamile1970@gmail.com
2025-10-30 11:53:08,234 - config - INFO - Se consultó el usuario: 40265478
2025-10-30 11:53:10,339 - config - INFO - Se ingresa a editar usuario
2025-10-30 11:53:10,339 - config - INFO - Se prepara para escribir el correo: gonzalezyamile1970@gmail.com
2025-10-30 11:53:13,366 - config - INFO - Se escribió el correo: gonzalezyamile1970@gmail.com
2025-10-30 11:53:13,367 - config - INFO - Se prepara para confirmar el correo: gonzalezyamile1970@gmail.com
2025-10-30 11:53:16,392 - config - INFO - Se confirma el correo: gonzalezyamile1970@gmail.com
2025-10-30 11:53:25,659 - config - INFO - Correo actualizado correctamente: gonzalezyamile1970@gmail.com
2025-10-30 11:53:30,732 - config - INFO - Campo de identificación encontrado. Actualización exitosa.
2025-10-30 11:53:34,805 - config - INFO - Se prepara para consultar el siguiente usuario:
2025-10-30 11:53:34,805 - config - INFO - 1121833506 - GONZALEZ RUIZ MIYERLANDY - miyerlandygonzalez@gmail.com
2025-10-30 11:53:36,863 - config - INFO - Se consultó el usuario: 1121833506
2025-10-30 11:53:38,971 - config - INFO - Se ingresa a editar usuario
2025-10-30 11:53:38,971 - config - INFO - Se prepara para escribir el correo: miyerlandygonzalez@gmail.com
2025-10-30 11:53:42,006 - config - INFO - Se escribió el correo: miyerlandygonzalez@gmail.com
2025-10-30 11:53:42,006 - config - INFO - Se prepara para confirmar el correo: miyerlandygonzalez@gmail.com
2025-10-30 11:53:45,041 - config - INFO - Se confirma el correo: miyerlandygonzalez@gmail.com
2025-10-30 11:53:54,250 - config - INFO - Correo actualizado correctamente: miyerlandygonzalez@gmail.com
2025-10-30 11:53:59,320 - config - INFO - Campo de identificación encontrado. Actualización exitosa.
2025-10-30 11:54:03,403 - config - INFO - Se prepara para consultar el siguiente usuario:
2025-10-30 11:54:03,403 - config - INFO - 40405846 - GRAJALES ALVAREZ CLAUDIA PATRICIA - patriciagrajales1082@gmail.com
2025-10-30 11:54:05,465 - config - INFO - Se consultó el usuario: 40405846
2025-10-30 11:54:07,597 - config - INFO - Se ingresa a editar usuario
2025-10-30 11:54:07,597 - config - INFO - Se prepara para escribir el correo: patriciagrajales1082@gmail.com
2025-10-30 11:54:10,632 - config - INFO - Se escribió el correo: patriciagrajales1082@gmail.com
2025-10-30 11:54:10,632 - config - INFO - Se prepara para confirmar el correo: patriciagrajales1082@gmail.com
2025-10-30 11:54:13,659 - config - INFO - Se confirma el correo: patriciagrajales1082@gmail.com
2025-10-30 11:54:22,925 - config - INFO - Correo actualizado correctamente: patriciagrajales1082@gmail.com
2025-10-30 11:54:28,002 - config - INFO - Campo de identificación encontrado. Actualización exitosa.
2025-10-30 11:54:32,087 - config - INFO - Se prepara para consultar el siguiente usuario:
2025-10-30 11:54:32,088 - config - INFO - 1033740918 - GRAJALES ALVAREZ LINA LIZETH - linagrajales91@gmail.com
2025-10-30 11:54:34,159 - config - INFO - Se consultó el usuario: 1033740918
2025-10-30 11:54:36,275 - config - INFO - Se ingresa a editar usuario
2025-10-30 11:54:36,275 - config - INFO - Se prepara para escribir el correo: linagrajales91@gmail.com
2025-10-30 11:54:39,309 - config - INFO - Se escribió el correo: linagrajales91@gmail.com
2025-10-30 11:54:39,309 - config - INFO - Se prepara para confirmar el correo: linagrajales91@gmail.com
2025-10-30 11:54:42,341 - config - INFO - Se confirma el correo: linagrajales91@gmail.com
2025-10-30 11:54:51,782 - config - INFO - Correo actualizado correctamente: linagrajales91@gmail.com
2025-10-30 11:54:56,938 - config - INFO - Campo de identificación encontrado. Actualización exitosa.
2025-10-30 11:55:01,034 - config - INFO - Se prepara para consultar el siguiente usuario:
2025-10-30 11:55:01,034 - config - INFO - 1121917278 - GUASCA LOPEZ GLEYDY SIRLEY - sirleyguasca09@gmail.com
2025-10-30 11:55:03,111 - config - INFO - Se consultó el usuario: 1121917278
2025-10-30 11:55:05,244 - config - INFO - Se ingresa a editar usuario
2025-10-30 11:55:05,244 - config - INFO - Se prepara para escribir el correo: sirleyguasca09@gmail.com
2025-10-30 11:55:08,281 - config - INFO - Se escribió el correo: sirleyguasca09@gmail.com
2025-10-30 11:55:08,281 - config - INFO - Se prepara para confirmar el correo: sirleyguasca09@gmail.com
2025-10-30 11:55:11,303 - config - INFO - Se confirma el correo: sirleyguasca09@gmail.com
2025-10-30 11:55:20,557 - config - INFO - Correo actualizado correctamente: sirleyguasca09@gmail.com
2025-10-30 11:55:25,640 - config - INFO - Campo de identificación encontrado. Actualización exitosa.
2025-10-30 11:55:29,725 - config - INFO - Se prepara para consultar el siguiente usuario:
2025-10-30 11:55:29,725 - config - INFO - 1121885145 - GUERRA HERNANDEZ ELIANA ANDREA - elianaguerra5019@gmail.com
2025-10-30 11:55:31,799 - config - INFO - Se consultó el usuario: 1121885145
2025-10-30 11:55:33,935 - config - INFO - Se ingresa a editar usuario
2025-10-30 11:55:33,935 - config - INFO - Se prepara para escribir el correo: elianaguerra5019@gmail.com
2025-10-30 11:55:36,971 - config - INFO - Se escribió el correo: elianaguerra5019@gmail.com
2025-10-30 11:55:36,971 - config - INFO - Se prepara para confirmar el correo: elianaguerra5019@gmail.com
2025-10-30 11:55:39,999 - config - INFO - Se confirma el correo: elianaguerra5019@gmail.com
2025-10-30 11:55:49,337 - config - INFO - Correo actualizado correctamente: elianaguerra5019@gmail.com
2025-10-30 11:55:54,415 - config - INFO - Campo de identificación encontrado. Actualización exitosa.
2025-10-30 11:55:58,532 - config - INFO - Se prepara para consultar el siguiente usuario:
2025-10-30 11:55:58,532 - config - INFO - 40390495 - GUERRERO PARRA ANA ADRIANA - adriguerpa24@hotmail.com
2025-10-30 11:56:00,601 - config - INFO - Se consultó el usuario: 40390495
2025-10-30 11:56:02,723 - config - INFO - Se ingresa a editar usuario
2025-10-30 11:56:02,724 - config - INFO - Se prepara para escribir el correo: adriguerpa24@hotmail.com
2025-10-30 11:56:05,757 - config - INFO - Se escribió el correo: adriguerpa24@hotmail.com
2025-10-30 11:56:05,757 - config - INFO - Se prepara para confirmar el correo: adriguerpa24@hotmail.com
2025-10-30 11:56:08,798 - config - INFO - Se confirma el correo: adriguerpa24@hotmail.com
2025-10-30 11:56:18,076 - config - INFO - Correo actualizado correctamente: adriguerpa24@hotmail.com
2025-10-30 11:56:23,140 - config - INFO - Campo de identificación encontrado. Actualización exitosa.
2025-10-30 11:56:27,609 - config - INFO - Se prepara para consultar el siguiente usuario:
2025-10-30 11:56:27,609 - config - INFO - 1127382143 - GUERRERO TORRES YEIMARA YAIKERY - yeimaraguerrerotorres@gmail.com
2025-10-30 11:56:29,755 - config - INFO - Se consultó el usuario: 1127382143
2025-10-30 11:56:31,921 - config - INFO - Se ingresa a editar usuario
2025-10-30 11:56:31,921 - config - INFO - Se prepara para escribir el correo: yeimaraguerrerotorres@gmail.com
2025-10-30 11:56:35,009 - config - INFO - Se escribió el correo: yeimaraguerrerotorres@gmail.com
2025-10-30 11:56:35,009 - config - INFO - Se prepara para confirmar el correo: yeimaraguerrerotorres@gmail.com
2025-10-30 11:56:38,050 - config - INFO - Se confirma el correo: yeimaraguerrerotorres@gmail.com
2025-10-30 11:56:47,318 - config - INFO - Correo actualizado correctamente: yeimaraguerrerotorres@gmail.com
2025-10-30 11:56:52,378 - config - INFO - Campo de identificación encontrado. Actualización exitosa.
2025-10-30 11:56:56,448 - config - INFO - Se prepara para consultar el siguiente usuario:
2025-10-30 11:56:56,448 - config - INFO - 40422425 - GUTIERREZ BENAVIDES JOHANNA DEL PILAR - johannagutierrez006@gmail.com
2025-10-30 11:56:58,535 - config - INFO - Se consultó el usuario: 40422425
2025-10-30 11:57:00,657 - config - INFO - Se ingresa a editar usuario
2025-10-30 11:57:00,657 - config - INFO - Se prepara para escribir el correo: johannagutierrez006@gmail.com
2025-10-30 11:57:03,697 - config - INFO - Se escribió el correo: johannagutierrez006@gmail.com
2025-10-30 11:57:03,697 - config - INFO - Se prepara para confirmar el correo: johannagutierrez006@gmail.com
2025-10-30 11:57:06,726 - config - INFO - Se confirma el correo: johannagutierrez006@gmail.com
2025-10-30 11:57:15,929 - config - INFO - Correo actualizado correctamente: johannagutierrez006@gmail.com
2025-10-30 11:57:21,020 - config - INFO - Campo de identificación encontrado. Actualización exitosa.
2025-10-30 11:57:25,096 - config - INFO - Se prepara para consultar el siguiente usuario:
2025-10-30 11:57:25,097 - config - INFO - 1122118438 - GUTIERREZ CAICEDO LAURA LINE - lg387038@gmail.com
2025-10-30 11:57:27,167 - config - INFO - Se consultó el usuario: 1122118438
2025-10-30 11:57:29,284 - config - INFO - Se ingresa a editar usuario
2025-10-30 11:57:29,284 - config - INFO - Se prepara para escribir el correo: lg387038@gmail.com
2025-10-30 11:57:32,310 - config - INFO - Se escribió el correo: lg387038@gmail.com
2025-10-30 11:57:32,311 - config - INFO - Se prepara para confirmar el correo: lg387038@gmail.com
2025-10-30 11:57:35,342 - config - INFO - Se confirma el correo: lg387038@gmail.com
2025-10-30 11:57:44,593 - config - INFO - Correo actualizado correctamente: lg387038@gmail.com
2025-10-30 11:57:49,686 - config - INFO - Campo de identificación encontrado. Actualización exitosa.
2025-10-30 11:57:53,764 - config - INFO - Se prepara para consultar el siguiente usuario:
2025-10-30 11:57:53,764 - config - INFO - 1127391633 - GUZMAN SALGADO LINA PAOLA - linaguzman876@gmail.com
2025-10-30 11:57:55,832 - config - INFO - Se consultó el usuario: 1127391633
2025-10-30 11:57:57,944 - config - INFO - Se ingresa a editar usuario
2025-10-30 11:57:57,945 - config - INFO - Se prepara para escribir el correo: linaguzman876@gmail.com
2025-10-30 11:58:00,982 - config - INFO - Se escribió el correo: linaguzman876@gmail.com
2025-10-30 11:58:00,983 - config - INFO - Se prepara para confirmar el correo: linaguzman876@gmail.com
2025-10-30 11:58:04,023 - config - INFO - Se confirma el correo: linaguzman876@gmail.com
2025-10-30 11:58:13,318 - config - INFO - Correo actualizado correctamente: linaguzman876@gmail.com
2025-10-30 11:58:18,404 - config - INFO - Campo de identificación encontrado. Actualización exitosa.
2025-10-30 11:58:22,481 - config - INFO - Se prepara para consultar el siguiente usuario:
2025-10-30 11:58:22,481 - config - INFO - 31006459 - HERNANDEZ GRACIELA - ramos990419@gmail.com
2025-10-30 11:58:24,541 - config - INFO - Se consultó el usuario: 31006459
2025-10-30 11:58:26,654 - config - INFO - Se ingresa a editar usuario
2025-10-30 11:58:26,654 - config - INFO - Se prepara para escribir el correo: ramos990419@gmail.com
2025-10-30 11:58:29,683 - config - INFO - Se escribió el correo: ramos990419@gmail.com
2025-10-30 11:58:29,683 - config - INFO - Se prepara para confirmar el correo: ramos990419@gmail.com
2025-10-30 11:58:32,718 - config - INFO - Se confirma el correo: ramos990419@gmail.com
2025-10-30 11:58:41,956 - config - INFO - Correo actualizado correctamente: ramos990419@gmail.com
2025-10-30 11:58:54,019 - config - ERROR - No se encontró el campo de identificación tras actualizar.
2025-10-30 11:58:54,020 - config - INFO - Error al actualizar el usuario
2025-10-30 11:58:56,279 - config - INFO - Se prepara para consultar el siguiente usuario:
2025-10-30 11:58:56,279 - config - INFO - 40316571 - HERNANDEZ MERCHAN ALICIA - alix7457@gmail.com
2025-10-30 11:58:58,338 - config - INFO - Se consultó el usuario: 40316571
2025-10-30 11:59:00,456 - config - INFO - Se ingresa a editar usuario
2025-10-30 11:59:00,456 - config - INFO - Se prepara para escribir el correo: alix7457@gmail.com
2025-10-30 11:59:03,486 - config - INFO - Se escribió el correo: alix7457@gmail.com
2025-10-30 11:59:03,486 - config - INFO - Se prepara para confirmar el correo: alix7457@gmail.com
2025-10-30 11:59:06,533 - config - INFO - Se confirma el correo: alix7457@gmail.com
2025-10-30 11:59:15,779 - config - INFO - Correo actualizado correctamente: alix7457@gmail.com
2025-10-30 11:59:20,847 - config - INFO - Campo de identificación encontrado. Actualización exitosa.
2025-10-30 11:59:24,919 - config - INFO - Se prepara para consultar el siguiente usuario:
2025-10-30 11:59:24,919 - config - INFO - 1121908412 - HERNANDEZ MORALES LUZ ALBLEIDY - hernandez.luz9402@gmail.com
2025-10-30 11:59:26,961 - config - INFO - Se consultó el usuario: 1121908412
2025-10-30 11:59:29,099 - config - INFO - Se ingresa a editar usuario
2025-10-30 11:59:29,099 - config - INFO - Se prepara para escribir el correo: hernandez.luz9402@gmail.com
2025-10-30 11:59:32,121 - config - INFO - Se escribió el correo: hernandez.luz9402@gmail.com
2025-10-30 11:59:32,122 - config - INFO - Se prepara para confirmar el correo: hernandez.luz9402@gmail.com
2025-10-30 11:59:35,159 - config - INFO - Se confirma el correo: hernandez.luz9402@gmail.com
2025-10-30 11:59:44,389 - config - INFO - Correo actualizado correctamente: hernandez.luz9402@gmail.com
2025-10-30 11:59:49,461 - config - INFO - Campo de identificación encontrado. Actualización exitosa.
2025-10-30 11:59:53,523 - config - INFO - Se prepara para consultar el siguiente usuario:
2025-10-30 11:59:53,523 - config - INFO - 79849312 - HINCAPIE SORIANO DANIEL TIBERIO - ramos990419@gmail.com
2025-10-30 11:59:55,578 - config - INFO - Se consultó el usuario: 79849312
2025-10-30 11:59:57,687 - config - INFO - Se ingresa a editar usuario
2025-10-30 11:59:57,688 - config - INFO - Se prepara para escribir el correo: ramos990419@gmail.com
2025-10-30 12:00:00,722 - config - INFO - Se escribió el correo: ramos990419@gmail.com
2025-10-30 12:00:00,722 - config - INFO - Se prepara para confirmar el correo: ramos990419@gmail.com
2025-10-30 12:00:03,756 - config - INFO - Se confirma el correo: ramos990419@gmail.com
2025-10-30 12:00:12,982 - config - INFO - Correo actualizado correctamente: ramos990419@gmail.com
2025-10-30 12:00:25,048 - config - ERROR - No se encontró el campo de identificación tras actualizar.
2025-10-30 12:00:25,048 - config - INFO - Error al actualizar el usuario
2025-10-30 12:00:27,286 - config - INFO - Se prepara para consultar el siguiente usuario:
2025-10-30 12:00:27,286 - config - INFO - 1233490733 - HOYOS OLAYA KAREN YULYZA - karenhoyos-27@hotmail.com
2025-10-30 12:00:29,350 - config - INFO - Se consultó el usuario: 1233490733
2025-10-30 12:00:31,449 - config - INFO - Se ingresa a editar usuario
2025-10-30 12:00:31,449 - config - INFO - Se prepara para escribir el correo: karenhoyos-27@hotmail.com
2025-10-30 12:00:34,473 - config - INFO - Se escribió el correo: karenhoyos-27@hotmail.com
2025-10-30 12:00:34,474 - config - INFO - Se prepara para confirmar el correo: karenhoyos-27@hotmail.com
2025-10-30 12:00:37,494 - config - INFO - Se confirma el correo: karenhoyos-27@hotmail.com
2025-10-30 12:00:46,735 - config - INFO - Correo actualizado correctamente: karenhoyos-27@hotmail.com
2025-10-30 12:00:51,805 - config - INFO - Campo de identificación encontrado. Actualización exitosa.
2025-10-30 12:00:55,854 - config - INFO - Se prepara para consultar el siguiente usuario:
2025-10-30 12:00:55,854 - config - INFO - 1120381379 - HUIZA GUATAVITA ZORAIDA MILENA - huiza.97@gmail.com
2025-10-30 12:00:57,951 - config - INFO - Se consultó el usuario: 1120381379
2025-10-30 12:01:00,077 - config - INFO - Se ingresa a editar usuario
2025-10-30 12:01:00,078 - config - INFO - Se prepara para escribir el correo: huiza.97@gmail.com
2025-10-30 12:01:03,104 - config - INFO - Se escribió el correo: huiza.97@gmail.com
2025-10-30 12:01:03,104 - config - INFO - Se prepara para confirmar el correo: huiza.97@gmail.com
2025-10-30 12:01:06,126 - config - INFO - Se confirma el correo: huiza.97@gmail.com
2025-10-30 12:01:15,375 - config - INFO - Correo actualizado correctamente: huiza.97@gmail.com
2025-10-30 12:01:20,436 - config - INFO - Campo de identificación encontrado. Actualización exitosa.
2025-10-30 12:01:24,507 - config - INFO - Se prepara para consultar el siguiente usuario:
2025-10-30 12:01:24,507 - config - INFO - 40341027 - JIMENEZ MONDRAGON MARICELA - mariselajimenez2005@outlook.com
2025-10-30 12:01:26,577 - config - INFO - Se consultó el usuario: 40341027
2025-10-30 12:01:28,685 - config - INFO - Se ingresa a editar usuario
2025-10-30 12:01:28,686 - config - INFO - Se prepara para escribir el correo: mariselajimenez2005@outlook.com
2025-10-30 12:01:31,717 - config - INFO - Se escribió el correo: mariselajimenez2005@outlook.com
2025-10-30 12:01:31,717 - config - INFO - Se prepara para confirmar el correo: mariselajimenez2005@outlook.com
2025-10-30 12:01:34,749 - config - INFO - Se confirma el correo: mariselajimenez2005@outlook.com
2025-10-30 12:01:44,162 - config - INFO - Correo actualizado correctamente: mariselajimenez2005@outlook.com
2025-10-30 12:01:49,304 - config - INFO - Campo de identificación encontrado. Actualización exitosa.
2025-10-30 12:01:53,398 - config - INFO - Se prepara para consultar el siguiente usuario:
2025-10-30 12:01:53,398 - config - INFO - 1006797846 - LADINO RODRIGUEZ ANGIE VALENTINA - nubiarodriguez.1019@gmail.com
2025-10-30 12:01:55,575 - config - INFO - Se consultó el usuario: 1006797846
2025-10-30 12:01:57,788 - config - INFO - Se ingresa a editar usuario
2025-10-30 12:01:57,788 - config - INFO - Se prepara para escribir el correo: nubiarodriguez.1019@gmail.com
2025-10-30 12:02:00,867 - config - INFO - Se escribió el correo: nubiarodriguez.1019@gmail.com
2025-10-30 12:02:00,867 - config - INFO - Se prepara para confirmar el correo: nubiarodriguez.1019@gmail.com
2025-10-30 12:02:03,918 - config - INFO - Se confirma el correo: nubiarodriguez.1019@gmail.com
2025-10-30 12:02:13,206 - config - INFO - Correo actualizado correctamente: nubiarodriguez.1019@gmail.com
2025-10-30 12:02:18,289 - config - INFO - Campo de identificación encontrado. Actualización exitosa.
2025-10-30 12:02:22,361 - config - INFO - Se prepara para consultar el siguiente usuario:
2025-10-30 12:02:22,361 - config - INFO - 1006827679 - LEAL MEDINA ANGIEE MILENA - lealangie05@gmail.com
2025-10-30 12:02:24,433 - config - INFO - Se consultó el usuario: 1006827679
2025-10-30 12:02:26,557 - config - INFO - Se ingresa a editar usuario
2025-10-30 12:02:26,557 - config - INFO - Se prepara para escribir el correo: lealangie05@gmail.com
2025-10-30 12:02:29,586 - config - INFO - Se escribió el correo: lealangie05@gmail.com
2025-10-30 12:02:29,586 - config - INFO - Se prepara para confirmar el correo: lealangie05@gmail.com
2025-10-30 12:02:32,607 - config - INFO - Se confirma el correo: lealangie05@gmail.com
2025-10-30 12:02:41,882 - config - INFO - Correo actualizado correctamente: lealangie05@gmail.com
2025-10-30 12:02:46,965 - config - INFO - Campo de identificación encontrado. Actualización exitosa.
2025-10-30 12:02:51,030 - config - INFO - Se prepara para consultar el siguiente usuario:
2025-10-30 12:02:51,030 - config - INFO - 31008060 - LEAL RAMIREZ LUZ MARINA - amayahernandezanderson@gmail.com
2025-10-30 12:02:53,154 - config - INFO - Se consultó el usuario: 31008060
2025-10-30 12:02:55,267 - config - INFO - Se ingresa a editar usuario
2025-10-30 12:02:55,267 - config - INFO - Se prepara para escribir el correo: amayahernandezanderson@gmail.com
2025-10-30 12:02:58,297 - config - INFO - Se escribió el correo: amayahernandezanderson@gmail.com
2025-10-30 12:02:58,297 - config - INFO - Se prepara para confirmar el correo: amayahernandezanderson@gmail.com
2025-10-30 12:03:01,328 - config - INFO - Se confirma el correo: amayahernandezanderson@gmail.com
2025-10-30 12:03:10,553 - config - INFO - Correo actualizado correctamente: amayahernandezanderson@gmail.com
2025-10-30 12:03:15,617 - config - INFO - Campo de identificación encontrado. Actualización exitosa.
2025-10-30 12:03:19,686 - config - INFO - Se prepara para consultar el siguiente usuario:
2025-10-30 12:03:19,686 - config - INFO - 19337954 - LEIVA SERVELION - ramos990419@gmail.com
2025-10-30 12:03:21,756 - config - INFO - Se consultó el usuario: 19337954
2025-10-30 12:03:23,878 - config - INFO - Se ingresa a editar usuario
2025-10-30 12:03:23,879 - config - INFO - Se prepara para escribir el correo: ramos990419@gmail.com
2025-10-30 12:03:26,918 - config - INFO - Se escribió el correo: ramos990419@gmail.com
2025-10-30 12:03:26,919 - config - INFO - Se prepara para confirmar el correo: ramos990419@gmail.com
2025-10-30 12:03:29,957 - config - INFO - Se confirma el correo: ramos990419@gmail.com
2025-10-30 12:03:39,423 - config - INFO - Correo actualizado correctamente: ramos990419@gmail.com
2025-10-30 12:03:51,556 - config - ERROR - No se encontró el campo de identificación tras actualizar.
2025-10-30 12:03:51,557 - config - INFO - Error al actualizar el usuario
2025-10-30 12:03:54,150 - config - INFO - Se prepara para consultar el siguiente usuario:
2025-10-30 12:03:54,150 - config - INFO - 1121948601 - LEON ARAQUE YENIFER TATIANA - ytla0917@gmail.com
2025-10-30 12:03:56,220 - config - INFO - Se consultó el usuario: 1121948601
2025-10-30 12:03:58,346 - config - INFO - Se ingresa a editar usuario
2025-10-30 12:03:58,346 - config - INFO - Se prepara para escribir el correo: ytla0917@gmail.com
2025-10-30 12:04:01,389 - config - INFO - Se escribió el correo: ytla0917@gmail.com
2025-10-30 12:04:01,389 - config - INFO - Se prepara para confirmar el correo: ytla0917@gmail.com
2025-10-30 12:04:04,450 - config - INFO - Se confirma el correo: ytla0917@gmail.com
2025-10-30 12:04:13,728 - config - INFO - Correo actualizado correctamente: ytla0917@gmail.com
2025-10-30 12:04:18,817 - config - INFO - Campo de identificación encontrado. Actualización exitosa.
2025-10-30 12:04:22,884 - config - INFO - Se prepara para consultar el siguiente usuario:
2025-10-30 12:04:22,884 - config - INFO - 1006777681 - LEON MORENO ANGIE JULITZA - angie17leon@gmail.com
2025-10-30 12:04:25,102 - config - INFO - Se consultó el usuario: 1006777681
2025-10-30 12:04:27,364 - config - INFO - Se ingresa a editar usuario
2025-10-30 12:04:27,364 - config - INFO - Se prepara para escribir el correo: angie17leon@gmail.com
2025-10-30 12:04:30,427 - config - INFO - Se escribió el correo: angie17leon@gmail.com
2025-10-30 12:04:30,427 - config - INFO - Se prepara para confirmar el correo: angie17leon@gmail.com
2025-10-30 12:04:33,473 - config - INFO - Se confirma el correo: angie17leon@gmail.com
2025-10-30 12:04:42,730 - config - INFO - Correo actualizado correctamente: angie17leon@gmail.com
2025-10-30 12:04:47,801 - config - INFO - Campo de identificación encontrado. Actualización exitosa.
2025-10-30 12:04:51,910 - config - INFO - Se prepara para consultar el siguiente usuario:
2025-10-30 12:04:51,910 - config - INFO - 1006838316 - LIMA ISAZA NARYI JOHANA - naryiisaza16@gmail.com
2025-10-30 12:04:54,035 - config - INFO - Se consultó el usuario: 1006838316
2025-10-30 12:04:56,149 - config - INFO - Se ingresa a editar usuario
2025-10-30 12:04:56,150 - config - INFO - Se prepara para escribir el correo: naryiisaza16@gmail.com
2025-10-30 12:04:59,189 - config - INFO - Se escribió el correo: naryiisaza16@gmail.com
2025-10-30 12:04:59,189 - config - INFO - Se prepara para confirmar el correo: naryiisaza16@gmail.com
2025-10-30 12:05:02,228 - config - INFO - Se confirma el correo: naryiisaza16@gmail.com
2025-10-30 12:05:11,512 - config - INFO - Correo actualizado correctamente: naryiisaza16@gmail.com
2025-10-30 12:05:23,593 - config - ERROR - No se encontró el campo de identificación tras actualizar.
2025-10-30 12:05:23,593 - config - INFO - Error al actualizar el usuario
2025-10-30 12:05:26,100 - config - INFO - Se prepara para consultar el siguiente usuario:
2025-10-30 12:05:26,100 - config - INFO - 1120356609 - LOPEZ MARIA ANGELICA - angelik1687lopez@gmail.com
2025-10-30 12:05:28,181 - config - INFO - Se consultó el usuario: 1120356609
2025-10-30 12:05:30,284 - config - INFO - Se ingresa a editar usuario
2025-10-30 12:05:30,284 - config - INFO - Se prepara para escribir el correo: angelik1687lopez@gmail.com
2025-10-30 12:05:33,327 - config - INFO - Se escribió el correo: angelik1687lopez@gmail.com
2025-10-30 12:05:33,327 - config - INFO - Se prepara para confirmar el correo: angelik1687lopez@gmail.com
2025-10-30 12:05:36,352 - config - INFO - Se confirma el correo: angelik1687lopez@gmail.com
2025-10-30 12:05:45,617 - config - INFO - Correo actualizado correctamente: angelik1687lopez@gmail.com
2025-10-30 12:05:50,691 - config - INFO - Campo de identificación encontrado. Actualización exitosa.
2025-10-30 12:05:54,755 - config - INFO - Se prepara para consultar el siguiente usuario:
2025-10-30 12:05:54,755 - config - INFO - 30055021 - LOPEZ RUBIO LUZ DARY - lopezluz18d@gmail.com
2025-10-30 12:05:56,817 - config - INFO - Se consultó el usuario: 30055021
2025-10-30 12:05:58,937 - config - INFO - Se ingresa a editar usuario
2025-10-30 12:05:58,937 - config - INFO - Se prepara para escribir el correo: lopezluz18d@gmail.com
2025-10-30 12:06:01,967 - config - INFO - Se escribió el correo: lopezluz18d@gmail.com
2025-10-30 12:06:01,967 - config - INFO - Se prepara para confirmar el correo: lopezluz18d@gmail.com
2025-10-30 12:06:04,993 - config - INFO - Se confirma el correo: lopezluz18d@gmail.com
2025-10-30 12:06:14,271 - config - INFO - Correo actualizado correctamente: lopezluz18d@gmail.com
2025-10-30 12:06:19,329 - config - INFO - Campo de identificación encontrado. Actualización exitosa.
2025-10-30 12:06:23,403 - config - INFO - Se prepara para consultar el siguiente usuario:
2025-10-30 12:06:23,403 - config - INFO - 1121818890 - MANCERA ROJAS MARIA FANNY - fannymancera190@gmail.com
2025-10-30 12:06:25,470 - config - INFO - Se consultó el usuario: 1121818890
2025-10-30 12:06:27,593 - config - INFO - Se ingresa a editar usuario
2025-10-30 12:06:27,593 - config - INFO - Se prepara para escribir el correo: fannymancera190@gmail.com
2025-10-30 12:06:30,632 - config - INFO - Se escribió el correo: fannymancera190@gmail.com
2025-10-30 12:06:30,632 - config - INFO - Se prepara para confirmar el correo: fannymancera190@gmail.com
2025-10-30 12:06:33,659 - config - INFO - Se confirma el correo: fannymancera190@gmail.com
2025-10-30 12:06:42,885 - config - INFO - Correo actualizado correctamente: fannymancera190@gmail.com
2025-10-30 12:06:47,964 - config - INFO - Campo de identificación encontrado. Actualización exitosa.
2025-10-30 12:06:52,040 - config - INFO - Se prepara para consultar el siguiente usuario:
2025-10-30 12:06:52,041 - config - INFO - 1121931253 - MARIN AGUIRRE YORLADY - yor_fuc@hotmail.com
2025-10-30 12:06:54,099 - config - INFO - Se consultó el usuario: 1121931253
2025-10-30 12:06:56,197 - config - INFO - Se ingresa a editar usuario
2025-10-30 12:06:56,197 - config - INFO - Se prepara para escribir el correo: yor_fuc@hotmail.com
2025-10-30 12:06:59,231 - config - INFO - Se escribió el correo: yor_fuc@hotmail.com
2025-10-30 12:06:59,231 - config - INFO - Se prepara para confirmar el correo: yor_fuc@hotmail.com
2025-10-30 12:07:02,262 - config - INFO - Se confirma el correo: yor_fuc@hotmail.com
2025-10-30 12:07:11,554 - config - INFO - Correo actualizado correctamente: yor_fuc@hotmail.com
2025-10-30 12:07:16,617 - config - INFO - Campo de identificación encontrado. Actualización exitosa.
2025-10-30 12:07:20,702 - config - INFO - Se prepara para consultar el siguiente usuario:
2025-10-30 12:07:20,703 - config - INFO - 40385144 - MARIN GOMEZ TERESA - tere0968@hotmail.com
2025-10-30 12:07:22,772 - config - INFO - Se consultó el usuario: 40385144
2025-10-30 12:07:24,929 - config - INFO - Se ingresa a editar usuario
2025-10-30 12:07:24,929 - config - INFO - Se prepara para escribir el correo: tere0968@hotmail.com
2025-10-30 12:07:27,965 - config - INFO - Se escribió el correo: tere0968@hotmail.com
2025-10-30 12:07:27,965 - config - INFO - Se prepara para confirmar el correo: tere0968@hotmail.com
2025-10-30 12:07:30,992 - config - INFO - Se confirma el correo: tere0968@hotmail.com
2025-10-30 12:07:40,233 - config - INFO - Correo actualizado correctamente: tere0968@hotmail.com
2025-10-30 12:07:45,303 - config - INFO - Campo de identificación encontrado. Actualización exitosa.
2025-10-30 12:07:49,372 - config - INFO - Se prepara para consultar el siguiente usuario:
2025-10-30 12:07:49,372 - config - INFO - 1121888989 - MARIN SALCEDO HEIDY LILIANA - lilianamarinsa@gmail.com
2025-10-30 12:07:51,434 - config - INFO - Se consultó el usuario: 1121888989
2025-10-30 12:07:53,545 - config - INFO - Se ingresa a editar usuario
2025-10-30 12:07:53,545 - config - INFO - Se prepara para escribir el correo: lilianamarinsa@gmail.com
2025-10-30 12:07:56,579 - config - INFO - Se escribió el correo: lilianamarinsa@gmail.com
2025-10-30 12:07:56,579 - config - INFO - Se prepara para confirmar el correo: lilianamarinsa@gmail.com
2025-10-30 12:07:59,604 - config - INFO - Se confirma el correo: lilianamarinsa@gmail.com
2025-10-30 12:08:08,830 - config - INFO - Correo actualizado correctamente: lilianamarinsa@gmail.com
2025-10-30 12:08:13,911 - config - INFO - Campo de identificación encontrado. Actualización exitosa.
2025-10-30 12:08:17,981 - config - INFO - Se prepara para consultar el siguiente usuario:
2025-10-30 12:08:17,981 - config - INFO - 1006693742 - MARTINEZ DAZA NISHMA SOFIA - sofiamartinesdaza02@gmail.com
2025-10-30 12:08:20,043 - config - INFO - Se consultó el usuario: 1006693742
2025-10-30 12:08:22,164 - config - INFO - Se ingresa a editar usuario
2025-10-30 12:08:22,164 - config - INFO - Se prepara para escribir el correo: sofiamartinesdaza02@gmail.com
2025-10-30 12:08:25,208 - config - INFO - Se escribió el correo: sofiamartinesdaza02@gmail.com
2025-10-30 12:08:25,208 - config - INFO - Se prepara para confirmar el correo: sofiamartinesdaza02@gmail.com
2025-10-30 12:08:28,239 - config - INFO - Se confirma el correo: sofiamartinesdaza02@gmail.com
2025-10-30 12:08:37,452 - config - INFO - Correo actualizado correctamente: sofiamartinesdaza02@gmail.com
2025-10-30 12:08:42,530 - config - INFO - Campo de identificación encontrado. Actualización exitosa.
2025-10-30 12:08:46,613 - config - INFO - Se prepara para consultar el siguiente usuario:
2025-10-30 12:08:46,613 - config - INFO - 1123058148 - MARTINEZ ENCISO MARIA YETCELY - yetcelymartinez5@gmail.com
2025-10-30 12:08:48,681 - config - INFO - Se consultó el usuario: 1123058148
2025-10-30 12:08:50,802 - config - INFO - Se ingresa a editar usuario
2025-10-30 12:08:50,802 - config - INFO - Se prepara para escribir el correo: yetcelymartinez5@gmail.com
2025-10-30 12:08:53,824 - config - INFO - Se escribió el correo: yetcelymartinez5@gmail.com
2025-10-30 12:08:53,824 - config - INFO - Se prepara para confirmar el correo: yetcelymartinez5@gmail.com
2025-10-30 12:08:56,854 - config - INFO - Se confirma el correo: yetcelymartinez5@gmail.com
2025-10-30 12:09:06,221 - config - INFO - Correo actualizado correctamente: yetcelymartinez5@gmail.com
2025-10-30 12:09:11,308 - config - INFO - Campo de identificación encontrado. Actualización exitosa.
2025-10-30 12:09:15,381 - config - INFO - Se prepara para consultar el siguiente usuario:
2025-10-30 12:09:15,382 - config - INFO - 40446257 - MARTINEZ JOVEN MARTHA LILIANA - lilianajoven1576@gmail.com
2025-10-30 12:09:17,442 - config - INFO - Se consultó el usuario: 40446257
2025-10-30 12:09:19,555 - config - INFO - Se ingresa a editar usuario
2025-10-30 12:09:19,555 - config - INFO - Se prepara para escribir el correo: lilianajoven1576@gmail.com
2025-10-30 12:09:22,583 - config - INFO - Se escribió el correo: lilianajoven1576@gmail.com
2025-10-30 12:09:22,584 - config - INFO - Se prepara para confirmar el correo: lilianajoven1576@gmail.com
2025-10-30 12:09:25,611 - config - INFO - Se confirma el correo: lilianajoven1576@gmail.com
2025-10-30 12:09:34,827 - config - INFO - Correo actualizado correctamente: lilianajoven1576@gmail.com
2025-10-30 12:09:39,909 - config - INFO - Campo de identificación encontrado. Actualización exitosa.
2025-10-30 12:09:43,982 - config - INFO - Se prepara para consultar el siguiente usuario:
2025-10-30 12:09:43,982 - config - INFO - 42119255 - MARULANDA LOAIZA OLGA CRISTINA - ferneyguzman2008@gmail.com
2025-10-30 12:09:46,106 - config - INFO - Se consultó el usuario: 42119255
2025-10-30 12:09:48,254 - config - INFO - Se ingresa a editar usuario
2025-10-30 12:09:48,254 - config - INFO - Se prepara para escribir el correo: ferneyguzman2008@gmail.com
2025-10-30 12:09:51,292 - config - INFO - Se escribió el correo: ferneyguzman2008@gmail.com
2025-10-30 12:09:51,292 - config - INFO - Se prepara para confirmar el correo: ferneyguzman2008@gmail.com
2025-10-30 12:09:54,327 - config - INFO - Se confirma el correo: ferneyguzman2008@gmail.com
2025-10-30 12:10:03,656 - config - INFO - Correo actualizado correctamente: ferneyguzman2008@gmail.com
2025-10-30 12:10:15,731 - config - ERROR - No se encontró el campo de identificación tras actualizar.
2025-10-30 12:10:15,731 - config - INFO - Error al actualizar el usuario
2025-10-30 12:10:18,037 - config - INFO - Se prepara para consultar el siguiente usuario:
2025-10-30 12:10:18,037 - config - INFO - 1123087331 - MAYORGA GARAVITO JHOJAN HERNANDO - ariel-79mosquera@hotmail.com
2025-10-30 12:10:20,112 - config - INFO - Se consultó el usuario: 1123087331
2025-10-30 12:10:22,233 - config - INFO - Se ingresa a editar usuario
2025-10-30 12:10:22,234 - config - INFO - Se prepara para escribir el correo: ariel-79mosquera@hotmail.com
2025-10-30 12:10:25,278 - config - INFO - Se escribió el correo: ariel-79mosquera@hotmail.com
2025-10-30 12:10:25,278 - config - INFO - Se prepara para confirmar el correo: ariel-79mosquera@hotmail.com
2025-10-30 12:10:28,306 - config - INFO - Se confirma el correo: ariel-79mosquera@hotmail.com
2025-10-30 12:10:37,546 - config - INFO - Correo actualizado correctamente: ariel-79mosquera@hotmail.com
2025-10-30 12:10:42,623 - config - INFO - Campo de identificación encontrado. Actualización exitosa.
2025-10-30 12:10:46,688 - config - INFO - Se prepara para consultar el siguiente usuario:
2025-10-30 12:10:46,688 - config - INFO - 7818547 - MEDINA MARULANDA JOSE MANUEL - telecentroptorico@live.com
2025-10-30 12:10:48,740 - config - INFO - Se consultó el usuario: 7818547
2025-10-30 12:10:50,855 - config - INFO - Se ingresa a editar usuario
2025-10-30 12:10:50,855 - config - INFO - Se prepara para escribir el correo: telecentroptorico@live.com
2025-10-30 12:10:53,884 - config - INFO - Se escribió el correo: telecentroptorico@live.com
2025-10-30 12:10:53,884 - config - INFO - Se prepara para confirmar el correo: telecentroptorico@live.com
2025-10-30 12:10:56,923 - config - INFO - Se confirma el correo: telecentroptorico@live.com
2025-10-30 12:11:06,203 - config - INFO - Correo actualizado correctamente: telecentroptorico@live.com
2025-10-30 12:11:18,281 - config - ERROR - No se encontró el campo de identificación tras actualizar.
2025-10-30 12:11:18,282 - config - INFO - Error al actualizar el usuario
2025-10-30 12:11:20,528 - config - INFO - Se prepara para consultar el siguiente usuario:
2025-10-30 12:11:20,528 - config - INFO - 21182488 - MEJIA HERRERA CONSUELO - consumeji2024@gmail.com
2025-10-30 12:11:22,611 - config - INFO - Se consultó el usuario: 21182488
2025-10-30 12:11:24,782 - config - INFO - Se ingresa a editar usuario
2025-10-30 12:11:24,782 - config - INFO - Se prepara para escribir el correo: consumeji2024@gmail.com
2025-10-30 12:11:27,828 - config - INFO - Se escribió el correo: consumeji2024@gmail.com
2025-10-30 12:11:27,828 - config - INFO - Se prepara para confirmar el correo: consumeji2024@gmail.com
2025-10-30 12:11:30,887 - config - INFO - Se confirma el correo: consumeji2024@gmail.com
2025-10-30 12:11:40,421 - config - INFO - Correo actualizado correctamente: consumeji2024@gmail.com
2025-10-30 12:11:45,541 - config - INFO - Campo de identificación encontrado. Actualización exitosa.
2025-10-30 12:11:49,642 - config - INFO - Se prepara para consultar el siguiente usuario:
2025-10-30 12:11:49,643 - config - INFO - 1122646151 - MEJIA RODRIGUEZ MARIA MERCEDES - Mariamercedesmejiarodriguez6@gmail.com
2025-10-30 12:11:51,746 - config - INFO - Se consultó el usuario: 1122646151
2025-10-30 12:11:53,899 - config - INFO - Se ingresa a editar usuario
2025-10-30 12:11:53,899 - config - INFO - Se prepara para escribir el correo: Mariamercedesmejiarodriguez6@gmail.com
2025-10-30 12:11:56,946 - config - INFO - Se escribió el correo: Mariamercedesmejiarodriguez6@gmail.com
2025-10-30 12:11:56,946 - config - INFO - Se prepara para confirmar el correo: Mariamercedesmejiarodriguez6@gmail.com
2025-10-30 12:11:59,996 - config - INFO - Se confirma el correo: Mariamercedesmejiarodriguez6@gmail.com
2025-10-30 12:12:09,355 - config - INFO - Correo actualizado correctamente: Mariamercedesmejiarodriguez6@gmail.com
2025-10-30 12:12:14,525 - config - INFO - Campo de identificación encontrado. Actualización exitosa.
2025-10-30 12:12:18,622 - config - INFO - Se prepara para consultar el siguiente usuario:
2025-10-30 12:12:18,622 - config - INFO - 1122627366 - MENA MONCADA YULY TATIANA - tatamena23@gmail.com
2025-10-30 12:12:20,710 - config - INFO - Se consultó el usuario: 1122627366
2025-10-30 12:12:22,858 - config - INFO - Se ingresa a editar usuario
2025-10-30 12:12:22,859 - config - INFO - Se prepara para escribir el correo: tatamena23@gmail.com
2025-10-30 12:12:25,898 - config - INFO - Se escribió el correo: tatamena23@gmail.com
2025-10-30 12:12:25,899 - config - INFO - Se prepara para confirmar el correo: tatamena23@gmail.com
2025-10-30 12:12:28,939 - config - INFO - Se confirma el correo: tatamena23@gmail.com
2025-10-30 12:12:38,357 - config - INFO - Correo actualizado correctamente: tatamena23@gmail.com
2025-10-30 12:12:43,463 - config - INFO - Campo de identificación encontrado. Actualización exitosa.
2025-10-30 12:12:47,556 - config - INFO - Se prepara para consultar el siguiente usuario:
2025-10-30 12:12:47,556 - config - INFO - 20632783 - MESA RODRIGUEZ BEATRIZ - daavilam@poligran.edu.co
2025-10-30 12:12:49,659 - config - INFO - Se consultó el usuario: 20632783
2025-10-30 12:12:51,847 - config - INFO - Se ingresa a editar usuario
2025-10-30 12:12:51,847 - config - INFO - Se prepara para escribir el correo: daavilam@poligran.edu.co
2025-10-30 12:12:54,905 - config - INFO - Se escribió el correo: daavilam@poligran.edu.co
2025-10-30 12:12:54,905 - config - INFO - Se prepara para confirmar el correo: daavilam@poligran.edu.co
2025-10-30 12:12:58,040 - config - INFO - Se confirma el correo: daavilam@poligran.edu.co
2025-10-30 12:13:07,505 - config - INFO - Correo actualizado correctamente: daavilam@poligran.edu.co
2025-10-30 12:13:12,621 - config - INFO - Campo de identificación encontrado. Actualización exitosa.
2025-10-30 12:13:16,729 - config - INFO - Se prepara para consultar el siguiente usuario:
2025-10-30 12:13:16,729 - config - INFO - 1121961948 - MIRANDA DUARTE WUENDY YOJANA - jhoana-miranda02@hotmail.com
2025-10-30 12:13:18,923 - config - INFO - Se consultó el usuario: 1121961948
2025-10-30 12:13:21,114 - config - INFO - Se ingresa a editar usuario
2025-10-30 12:13:21,114 - config - INFO - Se prepara para escribir el correo: jhoana-miranda02@hotmail.com
2025-10-30 12:13:24,158 - config - INFO - Se escribió el correo: jhoana-miranda02@hotmail.com
2025-10-30 12:13:24,158 - config - INFO - Se prepara para confirmar el correo: jhoana-miranda02@hotmail.com
2025-10-30 12:13:27,223 - config - INFO - Se confirma el correo: jhoana-miranda02@hotmail.com
2025-10-30 12:13:36,796 - config - INFO - Correo actualizado correctamente: jhoana-miranda02@hotmail.com
2025-10-30 12:13:41,929 - config - INFO - Campo de identificación encontrado. Actualización exitosa.
2025-10-30 12:13:46,089 - config - INFO - Se prepara para consultar el siguiente usuario:
2025-10-30 12:13:46,089 - config - INFO - 1030526944 - MOLANO BELTRAN SARAY XIMENA - NAYIBELTRAN81@GMAIL.COM
2025-10-30 12:13:48,226 - config - INFO - Se consultó el usuario: 1030526944
2025-10-30 12:13:50,400 - config - INFO - Se ingresa a editar usuario
2025-10-30 12:13:50,400 - config - INFO - Se prepara para escribir el correo: NAYIBELTRAN81@GMAIL.COM
2025-10-30 12:13:53,486 - config - INFO - Se escribió el correo: NAYIBELTRAN81@GMAIL.COM
2025-10-30 12:13:53,487 - config - INFO - Se prepara para confirmar el correo: NAYIBELTRAN81@GMAIL.COM
2025-10-30 12:13:56,542 - config - INFO - Se confirma el correo: NAYIBELTRAN81@GMAIL.COM
2025-10-30 12:14:05,957 - config - INFO - Correo actualizado correctamente: NAYIBELTRAN81@GMAIL.COM
2025-10-30 12:14:11,079 - config - INFO - Campo de identificación encontrado. Actualización exitosa.
2025-10-30 12:14:15,193 - config - INFO - Se prepara para consultar el siguiente usuario:
2025-10-30 12:14:15,194 - config - INFO - 52148836 - MOLINA BAYONA LILIANA PATRICIA - lilipat19@gmail.com
2025-10-30 12:14:17,296 - config - INFO - Se consultó el usuario: 52148836
2025-10-30 12:14:19,497 - config - INFO - Se ingresa a editar usuario
2025-10-30 12:14:19,497 - config - INFO - Se prepara para escribir el correo: lilipat19@gmail.com
2025-10-30 12:14:22,542 - config - INFO - Se escribió el correo: lilipat19@gmail.com
2025-10-30 12:14:22,542 - config - INFO - Se prepara para confirmar el correo: lilipat19@gmail.com
2025-10-30 12:14:25,591 - config - INFO - Se confirma el correo: lilipat19@gmail.com
2025-10-30 12:14:41,966 - config - INFO - Correo actualizado correctamente: lilipat19@gmail.com
2025-10-30 12:14:49,022 - config - INFO - Campo de identificación encontrado. Actualización exitosa.
2025-10-30 12:14:53,117 - config - INFO - Se prepara para consultar el siguiente usuario:
2025-10-30 12:14:53,117 - config - INFO - 40326924 - MOLINA EUSSE LEIDY MILAY - lmmolina83@gmail.com
2025-10-30 12:14:56,270 - config - INFO - Se consultó el usuario: 40326924
2025-10-30 12:15:02,302 - config - INFO - Se ingresa a editar usuario
2025-10-30 12:15:02,302 - config - INFO - Se prepara para escribir el correo: lmmolina83@gmail.com
2025-10-30 12:15:05,355 - config - INFO - Se escribió el correo: lmmolina83@gmail.com
2025-10-30 12:15:05,355 - config - INFO - Se prepara para confirmar el correo: lmmolina83@gmail.com
2025-10-30 12:15:08,402 - config - INFO - Se confirma el correo: lmmolina83@gmail.com
2025-10-30 12:15:25,665 - config - INFO - Correo actualizado correctamente: lmmolina83@gmail.com
2025-10-30 12:15:32,864 - config - INFO - Campo de identificación encontrado. Actualización exitosa.
2025-10-30 12:15:37,184 - config - INFO - Se prepara para consultar el siguiente usuario:
2025-10-30 12:15:37,185 - config - INFO - 1120474468 - MOLINA MEJIA NUBIA JULIANA - julianamolina656@gmail.com
2025-10-30 12:15:39,343 - config - INFO - Se consultó el usuario: 1120474468
2025-10-30 12:15:41,617 - config - INFO - Se ingresa a editar usuario
2025-10-30 12:15:41,618 - config - INFO - Se prepara para escribir el correo: julianamolina656@gmail.com
2025-10-30 12:15:44,678 - config - INFO - Se escribió el correo: julianamolina656@gmail.com
2025-10-30 12:15:44,678 - config - INFO - Se prepara para confirmar el correo: julianamolina656@gmail.com
2025-10-30 12:15:47,739 - config - INFO - Se confirma el correo: julianamolina656@gmail.com
2025-10-30 12:15:57,238 - config - INFO - Correo actualizado correctamente: julianamolina656@gmail.com
2025-10-30 12:16:02,323 - config - INFO - Campo de identificación encontrado. Actualización exitosa.
2025-10-30 12:16:06,416 - config - INFO - Se prepara para consultar el siguiente usuario:
2025-10-30 12:16:06,416 - config - INFO - 1120371131 - MOLINA RAMIREZ JHON STIVEN - stivenmolina42@gmail.com
2025-10-30 12:16:08,542 - config - INFO - Se consultó el usuario: 1120371131
2025-10-30 12:16:10,687 - config - INFO - Se ingresa a editar usuario
2025-10-30 12:16:10,687 - config - INFO - Se prepara para escribir el correo: stivenmolina42@gmail.com
2025-10-30 12:16:13,720 - config - INFO - Se escribió el correo: stivenmolina42@gmail.com
2025-10-30 12:16:13,721 - config - INFO - Se prepara para confirmar el correo: stivenmolina42@gmail.com
2025-10-30 12:16:16,775 - config - INFO - Se confirma el correo: stivenmolina42@gmail.com
2025-10-30 12:16:26,062 - config - INFO - Correo actualizado correctamente: stivenmolina42@gmail.com
2025-10-30 12:16:31,172 - config - INFO - Campo de identificación encontrado. Actualización exitosa.
2025-10-30 12:16:35,260 - config - INFO - Se prepara para consultar el siguiente usuario:
2025-10-30 12:16:35,260 - config - INFO - 1122144884 - MONROY RAMIREZ CRISTINA - cristinamonroy038@gmail.com
2025-10-30 12:16:37,339 - config - INFO - Se consultó el usuario: 1122144884
2025-10-30 12:16:39,492 - config - INFO - Se ingresa a editar usuario
2025-10-30 12:16:39,492 - config - INFO - Se prepara para escribir el correo: cristinamonroy038@gmail.com
2025-10-30 12:16:42,525 - config - INFO - Se escribió el correo: cristinamonroy038@gmail.com
2025-10-30 12:16:42,525 - config - INFO - Se prepara para confirmar el correo: cristinamonroy038@gmail.com
2025-10-30 12:16:45,578 - config - INFO - Se confirma el correo: cristinamonroy038@gmail.com
2025-10-30 12:16:54,897 - config - INFO - Correo actualizado correctamente: cristinamonroy038@gmail.com
2025-10-30 12:16:59,989 - config - INFO - Campo de identificación encontrado. Actualización exitosa.
2025-10-30 12:17:04,082 - config - INFO - Se prepara para consultar el siguiente usuario:
2025-10-30 12:17:04,082 - config - INFO - 21177991 - MONTAÑA CAMPOS LUZ DARY - vrod_manuel@hotmail.com
2025-10-30 12:17:06,189 - config - INFO - Se consultó el usuario: 21177991
2025-10-30 12:17:08,362 - config - INFO - Se ingresa a editar usuario
2025-10-30 12:17:08,363 - config - INFO - Se prepara para escribir el correo: vrod_manuel@hotmail.com
2025-10-30 12:17:11,416 - config - INFO - Se escribió el correo: vrod_manuel@hotmail.com
2025-10-30 12:17:11,416 - config - INFO - Se prepara para confirmar el correo: vrod_manuel@hotmail.com
2025-10-30 12:17:14,477 - config - INFO - Se confirma el correo: vrod_manuel@hotmail.com
2025-10-30 12:17:23,987 - config - INFO - Correo actualizado correctamente: vrod_manuel@hotmail.com
2025-10-30 12:17:29,106 - config - INFO - Campo de identificación encontrado. Actualización exitosa.
2025-10-30 12:17:33,215 - config - INFO - Se prepara para consultar el siguiente usuario:
2025-10-30 12:17:33,216 - config - INFO - 1120565574 - MONTENEGRO MORENO HEYDI JASMIN - heidimontenegro2488@gmail.com
2025-10-30 12:17:35,351 - config - INFO - Se consultó el usuario: 1120565574
2025-10-30 12:17:37,471 - config - INFO - Se ingresa a editar usuario
2025-10-30 12:17:37,472 - config - INFO - Se prepara para escribir el correo: heidimontenegro2488@gmail.com
2025-10-30 12:17:40,513 - config - INFO - Se escribió el correo: heidimontenegro2488@gmail.com
2025-10-30 12:17:40,514 - config - INFO - Se prepara para confirmar el correo: heidimontenegro2488@gmail.com
2025-10-30 12:17:43,555 - config - INFO - Se confirma el correo: heidimontenegro2488@gmail.com
2025-10-30 12:17:52,916 - config - INFO - Correo actualizado correctamente: heidimontenegro2488@gmail.com
2025-10-30 12:17:58,021 - config - INFO - Campo de identificación encontrado. Actualización exitosa.
2025-10-30 12:18:02,308 - config - INFO - Se prepara para consultar el siguiente usuario:
2025-10-30 12:18:02,309 - config - INFO - 1122648762 - MONTOYA LOPEZ MARIBEL - latiendadempaula@gmail.com
2025-10-30 12:18:04,440 - config - INFO - Se consultó el usuario: 1122648762
2025-10-30 12:18:06,592 - config - INFO - Se ingresa a editar usuario
2025-10-30 12:18:06,593 - config - INFO - Se prepara para escribir el correo: latiendadempaula@gmail.com
2025-10-30 12:18:09,627 - config - INFO - Se escribió el correo: latiendadempaula@gmail.com
2025-10-30 12:18:09,628 - config - INFO - Se prepara para confirmar el correo: latiendadempaula@gmail.com
2025-10-30 12:18:12,669 - config - INFO - Se confirma el correo: latiendadempaula@gmail.com
2025-10-30 12:18:22,036 - config - INFO - Correo actualizado correctamente: latiendadempaula@gmail.com
2025-10-30 12:18:27,116 - config - INFO - Campo de identificación encontrado. Actualización exitosa.
2025-10-30 12:18:31,210 - config - INFO - Se prepara para consultar el siguiente usuario:
2025-10-30 12:18:31,210 - config - INFO - 1035390002 - MONTOYA VALENCIA JUAN FERNANDO - juanda2018montoya@gmail.com
2025-10-30 12:18:33,303 - config - INFO - Se consultó el usuario: 1035390002
2025-10-30 12:18:35,449 - config - INFO - Se ingresa a editar usuario
2025-10-30 12:18:35,450 - config - INFO - Se prepara para escribir el correo: juanda2018montoya@gmail.com
2025-10-30 12:18:38,488 - config - INFO - Se escribió el correo: juanda2018montoya@gmail.com
2025-10-30 12:18:38,488 - config - INFO - Se prepara para confirmar el correo: juanda2018montoya@gmail.com
2025-10-30 12:18:41,527 - config - INFO - Se confirma el correo: juanda2018montoya@gmail.com
2025-10-30 12:18:50,848 - config - INFO - Correo actualizado correctamente: juanda2018montoya@gmail.com
2025-10-30 12:18:55,940 - config - INFO - Campo de identificación encontrado. Actualización exitosa.
2025-10-30 12:19:00,062 - config - INFO - Se prepara para consultar el siguiente usuario:
2025-10-30 12:19:00,062 - config - INFO - 1024516175 - MORA SALCEDO YEINY CATALINA - yeinymora86@gmail.com
2025-10-30 12:19:02,152 - config - INFO - Se consultó el usuario: 1024516175
2025-10-30 12:19:04,342 - config - INFO - Se ingresa a editar usuario
2025-10-30 12:19:04,343 - config - INFO - Se prepara para escribir el correo: yeinymora86@gmail.com
2025-10-30 12:19:07,383 - config - INFO - Se escribió el correo: yeinymora86@gmail.com
2025-10-30 12:19:07,383 - config - INFO - Se prepara para confirmar el correo: yeinymora86@gmail.com
2025-10-30 12:19:10,416 - config - INFO - Se confirma el correo: yeinymora86@gmail.com
2025-10-30 12:19:19,766 - config - INFO - Correo actualizado correctamente: yeinymora86@gmail.com
2025-10-30 12:19:24,862 - config - INFO - Campo de identificación encontrado. Actualización exitosa.
2025-10-30 12:19:28,955 - config - INFO - Se prepara para consultar el siguiente usuario:
2025-10-30 12:19:28,955 - config - INFO - 30081607 - MORA VELASQUEZ JENNY SHIRLEY - jennyint2013@gmail.com
2025-10-30 12:19:31,080 - config - INFO - Se consultó el usuario: 30081607
2025-10-30 12:19:33,216 - config - INFO - Se ingresa a editar usuario
2025-10-30 12:19:33,216 - config - INFO - Se prepara para escribir el correo: jennyint2013@gmail.com
2025-10-30 12:19:36,253 - config - INFO - Se escribió el correo: jennyint2013@gmail.com
2025-10-30 12:19:36,253 - config - INFO - Se prepara para confirmar el correo: jennyint2013@gmail.com
2025-10-30 12:19:39,291 - config - INFO - Se confirma el correo: jennyint2013@gmail.com
2025-10-30 12:19:48,616 - config - INFO - Correo actualizado correctamente: jennyint2013@gmail.com
2025-10-30 12:19:53,690 - config - INFO - Campo de identificación encontrado. Actualización exitosa.
2025-10-30 12:19:57,770 - config - INFO - Se prepara para consultar el siguiente usuario:
2025-10-30 12:19:57,770 - config - INFO - 40218053 - MORALES RODRIGUEZ ARGENIS - milenitamorales12345@gmail.com
2025-10-30 12:19:59,856 - config - INFO - Se consultó el usuario: 40218053
2025-10-30 12:20:02,014 - config - INFO - Se ingresa a editar usuario
2025-10-30 12:20:02,014 - config - INFO - Se prepara para escribir el correo: milenitamorales12345@gmail.com
2025-10-30 12:20:05,051 - config - INFO - Se escribió el correo: milenitamorales12345@gmail.com
2025-10-30 12:20:05,052 - config - INFO - Se prepara para confirmar el correo: milenitamorales12345@gmail.com
2025-10-30 12:20:08,081 - config - INFO - Se confirma el correo: milenitamorales12345@gmail.com
2025-10-30 12:20:17,458 - config - INFO - Correo actualizado correctamente: milenitamorales12345@gmail.com
2025-10-30 12:20:22,530 - config - INFO - Campo de identificación encontrado. Actualización exitosa.
2025-10-30 12:20:26,628 - config - INFO - Se prepara para consultar el siguiente usuario:
2025-10-30 12:20:26,628 - config - INFO - 1090438876 - MOYANO LEON SHINTIA JENIFER - yiyi_1708@hotmail.com
2025-10-30 12:20:28,725 - config - INFO - Se consultó el usuario: 1090438876
2025-10-30 12:20:30,885 - config - INFO - Se ingresa a editar usuario
2025-10-30 12:20:30,885 - config - INFO - Se prepara para escribir el correo: yiyi_1708@hotmail.com
2025-10-30 12:20:33,923 - config - INFO - Se escribió el correo: yiyi_1708@hotmail.com
2025-10-30 12:20:33,924 - config - INFO - Se prepara para confirmar el correo: yiyi_1708@hotmail.com
2025-10-30 12:20:36,956 - config - INFO - Se confirma el correo: yiyi_1708@hotmail.com
2025-10-30 12:20:46,301 - config - INFO - Correo actualizado correctamente: yiyi_1708@hotmail.com
2025-10-30 12:20:51,423 - config - INFO - Campo de identificación encontrado. Actualización exitosa.
2025-10-30 12:20:55,506 - config - INFO - Se prepara para consultar el siguiente usuario:
2025-10-30 12:20:55,506 - config - INFO - 1123800843 - MUÑOZ BLANCO PAULA ALEJANDRA - paulamunoz0324@gmail.com
2025-10-30 12:20:57,588 - config - INFO - Se consultó el usuario: 1123800843
2025-10-30 12:20:59,703 - config - INFO - Se ingresa a editar usuario
2025-10-30 12:20:59,703 - config - INFO - Se prepara para escribir el correo: paulamunoz0324@gmail.com
2025-10-30 12:21:02,749 - config - INFO - Se escribió el correo: paulamunoz0324@gmail.com
2025-10-30 12:21:02,749 - config - INFO - Se prepara para confirmar el correo: paulamunoz0324@gmail.com
2025-10-30 12:21:05,777 - config - INFO - Se confirma el correo: paulamunoz0324@gmail.com
2025-10-30 12:21:15,129 - config - INFO - Correo actualizado correctamente: paulamunoz0324@gmail.com
2025-10-30 12:21:20,198 - config - INFO - Campo de identificación encontrado. Actualización exitosa.
2025-10-30 12:21:24,278 - config - INFO - Se prepara para consultar el siguiente usuario:
2025-10-30 12:21:24,278 - config - INFO - 1120924057 - MURCIA ROBLES DANNA YISSELA - dannamurcia170b@gmail.com
2025-10-30 12:21:26,349 - config - INFO - Se consultó el usuario: 1120924057
2025-10-30 12:21:28,489 - config - INFO - Se ingresa a editar usuario
2025-10-30 12:21:28,490 - config - INFO - Se prepara para escribir el correo: dannamurcia170b@gmail.com
2025-10-30 12:21:31,533 - config - INFO - Se escribió el correo: dannamurcia170b@gmail.com
2025-10-30 12:21:31,533 - config - INFO - Se prepara para confirmar el correo: dannamurcia170b@gmail.com
2025-10-30 12:21:34,572 - config - INFO - Se confirma el correo: dannamurcia170b@gmail.com
2025-10-30 12:21:43,837 - config - INFO - Correo actualizado correctamente: dannamurcia170b@gmail.com
2025-10-30 12:21:48,922 - config - INFO - Campo de identificación encontrado. Actualización exitosa.
2025-10-30 12:21:53,010 - config - INFO - Se prepara para consultar el siguiente usuario:
2025-10-30 12:21:53,011 - config - INFO - 35255057 - NAVARRETE QUIMBAYO MERCEDES - menchass24@gmail.com
2025-10-30 12:21:55,084 - config - INFO - Se consultó el usuario: 35255057
2025-10-30 12:21:57,214 - config - INFO - Se ingresa a editar usuario
2025-10-30 12:21:57,214 - config - INFO - Se prepara para escribir el correo: menchass24@gmail.com
2025-10-30 12:22:00,253 - config - INFO - Se escribió el correo: menchass24@gmail.com
2025-10-30 12:22:00,253 - config - INFO - Se prepara para confirmar el correo: menchass24@gmail.com
2025-10-30 12:22:03,293 - config - INFO - Se confirma el correo: menchass24@gmail.com
2025-10-30 12:22:12,582 - config - INFO - Correo actualizado correctamente: menchass24@gmail.com
2025-10-30 12:22:17,652 - config - INFO - Campo de identificación encontrado. Actualización exitosa.
2025-10-30 12:22:21,733 - config - INFO - Se prepara para consultar el siguiente usuario:
2025-10-30 12:22:21,733 - config - INFO - 1004049668 - NOVOA GONZALEZ VERONICA - novoaveronica722@gmail.com
2025-10-30 12:22:23,816 - config - INFO - Se consultó el usuario: 1004049668
2025-10-30 12:22:25,942 - config - INFO - Se ingresa a editar usuario
2025-10-30 12:22:25,942 - config - INFO - Se prepara para escribir el correo: novoaveronica722@gmail.com
2025-10-30 12:22:28,978 - config - INFO - Se escribió el correo: novoaveronica722@gmail.com
2025-10-30 12:22:28,978 - config - INFO - Se prepara para confirmar el correo: novoaveronica722@gmail.com
2025-10-30 12:22:32,016 - config - INFO - Se confirma el correo: novoaveronica722@gmail.com
2025-10-30 12:22:41,323 - config - INFO - Correo actualizado correctamente: novoaveronica722@gmail.com
2025-10-30 12:22:46,401 - config - INFO - Campo de identificación encontrado. Actualización exitosa.
2025-10-30 12:22:50,560 - config - INFO - Se prepara para consultar el siguiente usuario:
2025-10-30 12:22:50,560 - config - INFO - 1024483160 - NUÑEZ ARENAS ANGELICA - nunezarenasangelica@gmail.com
2025-10-30 12:22:52,697 - config - INFO - Se consultó el usuario: 1024483160
2025-10-30 12:22:55,138 - config - INFO - Se ingresa a editar usuario
2025-10-30 12:22:55,138 - config - INFO - Se prepara para escribir el correo: nunezarenasangelica@gmail.com
2025-10-30 12:22:58,205 - config - INFO - Se escribió el correo: nunezarenasangelica@gmail.com
2025-10-30 12:22:58,205 - config - INFO - Se prepara para confirmar el correo: nunezarenasangelica@gmail.com
2025-10-30 12:23:01,281 - config - INFO - Se confirma el correo: nunezarenasangelica@gmail.com
2025-10-30 12:23:11,069 - config - INFO - Correo actualizado correctamente: nunezarenasangelica@gmail.com
2025-10-30 12:23:16,232 - config - INFO - Campo de identificación encontrado. Actualización exitosa.
2025-10-30 12:23:20,827 - config - INFO - Se prepara para consultar el siguiente usuario:
2025-10-30 12:23:20,828 - config - INFO - 36293795 - NUÑEZ CALDERON ANAICI - anaicinunez01@gmail.com
2025-10-30 12:23:22,995 - config - INFO - Se consultó el usuario: 36293795
2025-10-30 12:23:25,258 - config - INFO - Se ingresa a editar usuario
2025-10-30 12:23:25,258 - config - INFO - Se prepara para escribir el correo: anaicinunez01@gmail.com
2025-10-30 12:23:28,443 - config - INFO - Se escribió el correo: anaicinunez01@gmail.com
2025-10-30 12:23:28,443 - config - INFO - Se prepara para confirmar el correo: anaicinunez01@gmail.com
2025-10-30 12:23:31,537 - config - INFO - Se confirma el correo: anaicinunez01@gmail.com
2025-10-30 12:23:41,036 - config - INFO - Correo actualizado correctamente: anaicinunez01@gmail.com
2025-10-30 12:23:46,208 - config - INFO - Campo de identificación encontrado. Actualización exitosa.
2025-10-30 12:23:50,360 - config - INFO - Se prepara para consultar el siguiente usuario:
2025-10-30 12:23:50,360 - config - INFO - 53040907 - OLARTE RAMIREZ SANDRA MILENA - olarteramirezsandramilena@gmail.com
2025-10-30 12:23:52,462 - config - INFO - Se consultó el usuario: 53040907
2025-10-30 12:23:54,606 - config - INFO - Se ingresa a editar usuario
2025-10-30 12:23:54,606 - config - INFO - Se prepara para escribir el correo: olarteramirezsandramilena@gmail.com
2025-10-30 12:23:57,638 - config - INFO - Se escribió el correo: olarteramirezsandramilena@gmail.com
2025-10-30 12:23:57,638 - config - INFO - Se prepara para confirmar el correo: olarteramirezsandramilena@gmail.com
2025-10-30 12:24:00,708 - config - INFO - Se confirma el correo: olarteramirezsandramilena@gmail.com
2025-10-30 12:24:10,118 - config - INFO - Correo actualizado correctamente: olarteramirezsandramilena@gmail.com
2025-10-30 12:24:15,264 - config - INFO - Campo de identificación encontrado. Actualización exitosa.
2025-10-30 12:24:19,349 - config - INFO - Se prepara para consultar el siguiente usuario:
2025-10-30 12:24:19,349 - config - INFO - 40429639 - OROSCO TORRES MARIA YAZMIN - redsipaga@gmail.com
2025-10-30 12:24:21,486 - config - INFO - Se consultó el usuario: 40429639
2025-10-30 12:24:23,654 - config - INFO - Se ingresa a editar usuario
2025-10-30 12:24:23,654 - config - INFO - Se prepara para escribir el correo: redsipaga@gmail.com
2025-10-30 12:24:26,683 - config - INFO - Se escribió el correo: redsipaga@gmail.com
2025-10-30 12:24:26,683 - config - INFO - Se prepara para confirmar el correo: redsipaga@gmail.com
2025-10-30 12:24:29,729 - config - INFO - Se confirma el correo: redsipaga@gmail.com
2025-10-30 12:24:39,302 - config - INFO - Correo actualizado correctamente: redsipaga@gmail.com
2025-10-30 12:24:51,522 - config - ERROR - No se encontró el campo de identificación tras actualizar.
2025-10-30 12:24:51,523 - config - INFO - Error al actualizar el usuario
2025-10-30 12:24:54,014 - config - INFO - Se prepara para consultar el siguiente usuario:
2025-10-30 12:24:54,014 - config - INFO - 1006692119 - OROZCO BARRETO PAULA ANDREA - paulaandreaorozcobarreto552@gmail.com
2025-10-30 12:24:56,191 - config - INFO - Se consultó el usuario: 1006692119
2025-10-30 12:24:58,355 - config - INFO - Se ingresa a editar usuario
2025-10-30 12:24:58,355 - config - INFO - Se prepara para escribir el correo: paulaandreaorozcobarreto552@gmail.com
2025-10-30 12:25:01,399 - config - INFO - Se escribió el correo: paulaandreaorozcobarreto552@gmail.com
2025-10-30 12:25:01,399 - config - INFO - Se prepara para confirmar el correo: paulaandreaorozcobarreto552@gmail.com
2025-10-30 12:25:04,427 - config - INFO - Se confirma el correo: paulaandreaorozcobarreto552@gmail.com
2025-10-30 12:25:13,716 - config - INFO - Correo actualizado correctamente: paulaandreaorozcobarreto552@gmail.com
2025-10-30 12:25:18,814 - config - INFO - Campo de identificación encontrado. Actualización exitosa.
2025-10-30 12:25:22,908 - config - INFO - Se prepara para consultar el siguiente usuario:
2025-10-30 12:25:22,908 - config - INFO - 1122919487 - ORTIZ BARRERO LEIDY DANIELA - daniortiz1526@gmail.com
2025-10-30 12:25:24,988 - config - INFO - Se consultó el usuario: 1122919487
2025-10-30 12:25:27,147 - config - INFO - Se ingresa a editar usuario
2025-10-30 12:25:27,147 - config - INFO - Se prepara para escribir el correo: daniortiz1526@gmail.com
2025-10-30 12:25:30,176 - config - INFO - Se escribió el correo: daniortiz1526@gmail.com
2025-10-30 12:25:30,177 - config - INFO - Se prepara para confirmar el correo: daniortiz1526@gmail.com
2025-10-30 12:25:33,214 - config - INFO - Se confirma el correo: daniortiz1526@gmail.com
2025-10-30 12:25:42,500 - config - INFO - Correo actualizado correctamente: daniortiz1526@gmail.com
2025-10-30 12:25:47,608 - config - INFO - Campo de identificación encontrado. Actualización exitosa.
2025-10-30 12:25:51,700 - config - INFO - Se prepara para consultar el siguiente usuario:
2025-10-30 12:25:51,700 - config - INFO - 1123058626 - ORTIZ GONZALEZ YINETH ANGELICA - nedusa65@gmail.com
2025-10-30 12:25:53,789 - config - INFO - Se consultó el usuario: 1123058626
2025-10-30 12:25:55,970 - config - INFO - Se ingresa a editar usuario
2025-10-30 12:25:55,970 - config - INFO - Se prepara para escribir el correo: nedusa65@gmail.com
2025-10-30 12:25:59,016 - config - INFO - Se escribió el correo: nedusa65@gmail.com
2025-10-30 12:25:59,017 - config - INFO - Se prepara para confirmar el correo: nedusa65@gmail.com
2025-10-30 12:26:02,067 - config - INFO - Se confirma el correo: nedusa65@gmail.com
2025-10-30 12:26:11,374 - config - INFO - Correo actualizado correctamente: nedusa65@gmail.com
2025-10-30 12:26:16,462 - config - INFO - Campo de identificación encontrado. Actualización exitosa.
2025-10-30 12:26:20,547 - config - INFO - Se prepara para consultar el siguiente usuario:
2025-10-30 12:26:20,548 - config - INFO - 1122137585 - OSORIO FLOREZ DEYRIS - llanonieve22@gmail.com
2025-10-30 12:26:22,621 - config - INFO - Se consultó el usuario: 1122137585
2025-10-30 12:26:24,741 - config - INFO - Se ingresa a editar usuario
2025-10-30 12:26:24,741 - config - INFO - Se prepara para escribir el correo: llanonieve22@gmail.com
2025-10-30 12:26:27,774 - config - INFO - Se escribió el correo: llanonieve22@gmail.com
2025-10-30 12:26:27,774 - config - INFO - Se prepara para confirmar el correo: llanonieve22@gmail.com
2025-10-30 12:26:30,813 - config - INFO - Se confirma el correo: llanonieve22@gmail.com
2025-10-30 12:26:40,128 - config - INFO - Correo actualizado correctamente: llanonieve22@gmail.com
2025-10-30 12:26:45,248 - config - INFO - Campo de identificación encontrado. Actualización exitosa.
2025-10-30 12:26:49,382 - config - INFO - Se prepara para consultar el siguiente usuario:
2025-10-30 12:26:49,383 - config - INFO - 30080356 - OSORIO GARCIA MARTHA CECILIA - osoriomartasexi@gmail.com
2025-10-30 12:26:51,480 - config - INFO - Se consultó el usuario: 30080356
2025-10-30 12:26:53,626 - config - INFO - Se ingresa a editar usuario
2025-10-30 12:26:53,626 - config - INFO - Se prepara para escribir el correo: osoriomartasexi@gmail.com
2025-10-30 12:26:56,662 - config - INFO - Se escribió el correo: osoriomartasexi@gmail.com
2025-10-30 12:26:56,662 - config - INFO - Se prepara para confirmar el correo: osoriomartasexi@gmail.com
2025-10-30 12:26:59,706 - config - INFO - Se confirma el correo: osoriomartasexi@gmail.com
2025-10-30 12:27:09,097 - config - INFO - Correo actualizado correctamente: osoriomartasexi@gmail.com
2025-10-30 12:27:14,191 - config - INFO - Campo de identificación encontrado. Actualización exitosa.
2025-10-30 12:27:18,304 - config - INFO - Se prepara para consultar el siguiente usuario:
2025-10-30 12:27:18,304 - config - INFO - 40218455 - OSORIO GOMEZ ADRIANA MILEIDY - toquenoyc1@gmail.com
2025-10-30 12:27:20,406 - config - INFO - Se consultó el usuario: 40218455
2025-10-30 12:27:22,583 - config - INFO - Se ingresa a editar usuario
2025-10-30 12:27:22,583 - config - INFO - Se prepara para escribir el correo: toquenoyc1@gmail.com
2025-10-30 12:27:25,637 - config - INFO - Se escribió el correo: toquenoyc1@gmail.com
2025-10-30 12:27:25,637 - config - INFO - Se prepara para confirmar el correo: toquenoyc1@gmail.com
2025-10-30 12:27:28,670 - config - INFO - Se confirma el correo: toquenoyc1@gmail.com
2025-10-30 12:27:38,336 - config - INFO - Correo actualizado correctamente: toquenoyc1@gmail.com
2025-10-30 12:27:43,541 - config - INFO - Campo de identificación encontrado. Actualización exitosa.
2025-10-30 12:27:47,726 - config - INFO - Se prepara para consultar el siguiente usuario:
2025-10-30 12:27:47,726 - config - INFO - 1122653081 - OSPINA ORJUELA JHOAN SEBASTIAN - ventaderopa258@hotmail.com
2025-10-30 12:27:49,865 - config - INFO - Se consultó el usuario: 1122653081
2025-10-30 12:27:52,033 - config - INFO - Se ingresa a editar usuario
2025-10-30 12:27:52,033 - config - INFO - Se prepara para escribir el correo: ventaderopa258@hotmail.com
2025-10-30 12:27:55,074 - config - INFO - Se escribió el correo: ventaderopa258@hotmail.com
2025-10-30 12:27:55,075 - config - INFO - Se prepara para confirmar el correo: ventaderopa258@hotmail.com
2025-10-30 12:27:58,112 - config - INFO - Se confirma el correo: ventaderopa258@hotmail.com
2025-10-30 12:28:07,492 - config - INFO - Correo actualizado correctamente: ventaderopa258@hotmail.com
2025-10-30 12:28:12,626 - config - INFO - Campo de identificación encontrado. Actualización exitosa.
2025-10-30 12:28:16,719 - config - INFO - Se prepara para consultar el siguiente usuario:
2025-10-30 12:28:16,719 - config - INFO - 1003565669 - OVALLE JULIO YENNIFER ALEJANDRA - ovalleyennifer225@gmail.com
2025-10-30 12:28:18,795 - config - INFO - Se consultó el usuario: 1003565669
2025-10-30 12:28:20,955 - config - INFO - Se ingresa a editar usuario
2025-10-30 12:28:20,955 - config - INFO - Se prepara para escribir el correo: ovalleyennifer225@gmail.com
2025-10-30 12:28:24,003 - config - INFO - Se escribió el correo: ovalleyennifer225@gmail.com
2025-10-30 12:28:24,003 - config - INFO - Se prepara para confirmar el correo: ovalleyennifer225@gmail.com
2025-10-30 12:28:27,044 - config - INFO - Se confirma el correo: ovalleyennifer225@gmail.com
2025-10-30 12:28:36,333 - config - INFO - Correo actualizado correctamente: ovalleyennifer225@gmail.com
2025-10-30 12:28:41,410 - config - INFO - Campo de identificación encontrado. Actualización exitosa.
2025-10-30 12:28:45,500 - config - INFO - Se prepara para consultar el siguiente usuario:
2025-10-30 12:28:45,500 - config - INFO - 1122117276 - OVANDO VANEGAS ALISON VALENTINA - ovandoalison67@gmail.com
2025-10-30 12:28:47,590 - config - INFO - Se consultó el usuario: 1122117276
2025-10-30 12:28:49,785 - config - INFO - Se ingresa a editar usuario
2025-10-30 12:28:49,785 - config - INFO - Se prepara para escribir el correo: ovandoalison67@gmail.com
2025-10-30 12:28:52,826 - config - INFO - Se escribió el correo: ovandoalison67@gmail.com
2025-10-30 12:28:52,826 - config - INFO - Se prepara para confirmar el correo: ovandoalison67@gmail.com
2025-10-30 12:28:55,863 - config - INFO - Se confirma el correo: ovandoalison67@gmail.com
2025-10-30 12:29:05,169 - config - INFO - Correo actualizado correctamente: ovandoalison67@gmail.com
2025-10-30 12:29:10,273 - config - INFO - Campo de identificación encontrado. Actualización exitosa.
2025-10-30 12:29:14,357 - config - INFO - Se prepara para consultar el siguiente usuario:
2025-10-30 12:29:14,357 - config - INFO - 1121904821 - PARDO ACHURY ANGIE HASBLEIDY - angie28p@hotmail.com
2025-10-30 12:29:16,448 - config - INFO - Se consultó el usuario: 1121904821
2025-10-30 12:29:18,586 - config - INFO - Se ingresa a editar usuario
2025-10-30 12:29:18,586 - config - INFO - Se prepara para escribir el correo: angie28p@hotmail.com
2025-10-30 12:29:21,623 - config - INFO - Se escribió el correo: angie28p@hotmail.com
2025-10-30 12:29:21,623 - config - INFO - Se prepara para confirmar el correo: angie28p@hotmail.com
2025-10-30 12:29:24,664 - config - INFO - Se confirma el correo: angie28p@hotmail.com
2025-10-30 12:29:33,962 - config - INFO - Correo actualizado correctamente: angie28p@hotmail.com
2025-10-30 12:29:39,083 - config - INFO - Campo de identificación encontrado. Actualización exitosa.
2025-10-30 12:29:43,161 - config - INFO - Se prepara para consultar el siguiente usuario:
2025-10-30 12:29:43,161 - config - INFO - 1007730620 - PARDO VELASQUEZ DERLY DAYANA - derly02pardo@gmail.com
2025-10-30 12:29:45,235 - config - INFO - Se consultó el usuario: 1007730620
2025-10-30 12:29:47,358 - config - INFO - Se ingresa a editar usuario
2025-10-30 12:29:47,358 - config - INFO - Se prepara para escribir el correo: derly02pardo@gmail.com
2025-10-30 12:29:50,389 - config - INFO - Se escribió el correo: derly02pardo@gmail.com
2025-10-30 12:29:50,389 - config - INFO - Se prepara para confirmar el correo: derly02pardo@gmail.com
2025-10-30 12:29:53,423 - config - INFO - Se confirma el correo: derly02pardo@gmail.com
2025-10-30 12:30:02,739 - config - INFO - Correo actualizado correctamente: derly02pardo@gmail.com
2025-10-30 12:30:07,821 - config - INFO - Campo de identificación encontrado. Actualización exitosa.
2025-10-30 12:30:11,913 - config - INFO - Se prepara para consultar el siguiente usuario:
2025-10-30 12:30:11,914 - config - INFO - 40381608 - PARRA CASTAÑEDA ANA FLORALBA - albanaparrracastaneda@gmail.com
2025-10-30 12:30:13,984 - config - INFO - Se consultó el usuario: 40381608
2025-10-30 12:30:16,116 - config - INFO - Se ingresa a editar usuario
2025-10-30 12:30:16,117 - config - INFO - Se prepara para escribir el correo: albanaparrracastaneda@gmail.com
2025-10-30 12:30:19,152 - config - INFO - Se escribió el correo: albanaparrracastaneda@gmail.com
2025-10-30 12:30:19,152 - config - INFO - Se prepara para confirmar el correo: albanaparrracastaneda@gmail.com
2025-10-30 12:30:22,193 - config - INFO - Se confirma el correo: albanaparrracastaneda@gmail.com
2025-10-30 12:30:31,495 - config - INFO - Correo actualizado correctamente: albanaparrracastaneda@gmail.com
2025-10-30 12:30:36,598 - config - INFO - Campo de identificación encontrado. Actualización exitosa.
2025-10-30 12:30:40,698 - config - INFO - Se prepara para consultar el siguiente usuario:
2025-10-30 12:30:40,698 - config - INFO - 24231064 - PARRA TRIANA CLAUDIA BIBIANA - claudiabibianaparra@gmail.com
2025-10-30 12:30:42,764 - config - INFO - Se consultó el usuario: 24231064
2025-10-30 12:30:44,940 - config - INFO - Se ingresa a editar usuario
2025-10-30 12:30:44,940 - config - INFO - Se prepara para escribir el correo: claudiabibianaparra@gmail.com
2025-10-30 12:30:47,990 - config - INFO - Se escribió el correo: claudiabibianaparra@gmail.com
2025-10-30 12:30:47,991 - config - INFO - Se prepara para confirmar el correo: claudiabibianaparra@gmail.com
2025-10-30 12:30:51,018 - config - INFO - Se confirma el correo: claudiabibianaparra@gmail.com
2025-10-30 12:31:00,323 - config - INFO - Correo actualizado correctamente: claudiabibianaparra@gmail.com
2025-10-30 12:31:12,422 - config - ERROR - No se encontró el campo de identificación tras actualizar.
2025-10-30 12:31:12,423 - config - INFO - Error al actualizar el usuario
2025-10-30 12:31:14,751 - config - INFO - Se prepara para consultar el siguiente usuario:
2025-10-30 12:31:14,751 - config - INFO - 1121817727 - PARRADO GARCIA LINA MARIA - parradogarcialinamaria@gmail.com
2025-10-30 12:31:16,869 - config - INFO - Se consultó el usuario: 1121817727
2025-10-30 12:31:19,075 - config - INFO - Se ingresa a editar usuario
2025-10-30 12:31:19,075 - config - INFO - Se prepara para escribir el correo: parradogarcialinamaria@gmail.com
2025-10-30 12:31:22,158 - config - INFO - Se escribió el correo: parradogarcialinamaria@gmail.com
2025-10-30 12:31:22,158 - config - INFO - Se prepara para confirmar el correo: parradogarcialinamaria@gmail.com
2025-10-30 12:31:25,203 - config - INFO - Se confirma el correo: parradogarcialinamaria@gmail.com
2025-10-30 12:31:34,544 - config - INFO - Correo actualizado correctamente: parradogarcialinamaria@gmail.com
2025-10-30 12:31:39,647 - config - INFO - Campo de identificación encontrado. Actualización exitosa.
2025-10-30 12:31:43,729 - config - INFO - Se prepara para consultar el siguiente usuario:
2025-10-30 12:31:43,729 - config - INFO - 86060086 - PARRADO PARRADO OSCAR ALEXIS - bayron.polanco74@gmail.com
2025-10-30 12:31:45,825 - config - INFO - Se consultó el usuario: 86060086
2025-10-30 12:31:47,952 - config - INFO - Se ingresa a editar usuario
2025-10-30 12:31:47,952 - config - INFO - Se prepara para escribir el correo: bayron.polanco74@gmail.com
2025-10-30 12:31:50,994 - config - INFO - Se escribió el correo: bayron.polanco74@gmail.com
2025-10-30 12:31:50,994 - config - INFO - Se prepara para confirmar el correo: bayron.polanco74@gmail.com
2025-10-30 12:31:54,040 - config - INFO - Se confirma el correo: bayron.polanco74@gmail.com
2025-10-30 12:32:03,369 - config - INFO - Correo actualizado correctamente: bayron.polanco74@gmail.com
2025-10-30 12:32:08,464 - config - INFO - Campo de identificación encontrado. Actualización exitosa.
2025-10-30 12:32:12,561 - config - INFO - Se prepara para consultar el siguiente usuario:
2025-10-30 12:32:12,561 - config - INFO - 1022408192 - PATIÑO RAMOS INGRID LORENA - dumarelsa2@gmail.com
2025-10-30 12:32:14,636 - config - INFO - Se consultó el usuario: 1022408192
2025-10-30 12:32:16,760 - config - INFO - Se ingresa a editar usuario
2025-10-30 12:32:16,760 - config - INFO - Se prepara para escribir el correo: dumarelsa2@gmail.com
2025-10-30 12:32:19,788 - config - INFO - Se escribió el correo: dumarelsa2@gmail.com
2025-10-30 12:32:19,788 - config - INFO - Se prepara para confirmar el correo: dumarelsa2@gmail.com
2025-10-30 12:32:22,821 - config - INFO - Se confirma el correo: dumarelsa2@gmail.com
2025-10-30 12:32:32,145 - config - INFO - Correo actualizado correctamente: dumarelsa2@gmail.com
2025-10-30 12:32:37,215 - config - INFO - Campo de identificación encontrado. Actualización exitosa.
2025-10-30 12:32:41,306 - config - INFO - Se prepara para consultar el siguiente usuario:
2025-10-30 12:32:41,306 - config - INFO - 1121937093 - PATIÑO SARMIENTO MERCY VIVIANA - mercypatino7@gmail.com
2025-10-30 12:32:43,393 - config - INFO - Se consultó el usuario: 1121937093
2025-10-30 12:32:45,572 - config - INFO - Se ingresa a editar usuario
2025-10-30 12:32:45,572 - config - INFO - Se prepara para escribir el correo: mercypatino7@gmail.com
2025-10-30 12:32:48,608 - config - INFO - Se escribió el correo: mercypatino7@gmail.com
2025-10-30 12:32:48,608 - config - INFO - Se prepara para confirmar el correo: mercypatino7@gmail.com
2025-10-30 12:32:51,645 - config - INFO - Se confirma el correo: mercypatino7@gmail.com
2025-10-30 12:33:00,928 - config - INFO - Correo actualizado correctamente: mercypatino7@gmail.com
2025-10-30 12:33:06,031 - config - INFO - Campo de identificación encontrado. Actualización exitosa.
2025-10-30 12:33:10,109 - config - INFO - Se prepara para consultar el siguiente usuario:
2025-10-30 12:33:10,109 - config - INFO - 40446511 - PENUELA LOMBANA MARTHA LILIANA - penuelalombanam@gmail.com
2025-10-30 12:33:12,189 - config - INFO - Se consultó el usuario: 40446511
2025-10-30 12:33:14,328 - config - INFO - Se ingresa a editar usuario
2025-10-30 12:33:14,328 - config - INFO - Se prepara para escribir el correo: penuelalombanam@gmail.com
2025-10-30 12:33:17,368 - config - INFO - Se escribió el correo: penuelalombanam@gmail.com
2025-10-30 12:33:17,369 - config - INFO - Se prepara para confirmar el correo: penuelalombanam@gmail.com
2025-10-30 12:33:20,420 - config - INFO - Se confirma el correo: penuelalombanam@gmail.com
2025-10-30 12:33:29,718 - config - INFO - Correo actualizado correctamente: penuelalombanam@gmail.com
2025-10-30 12:33:34,825 - config - INFO - Campo de identificación encontrado. Actualización exitosa.
2025-10-30 12:33:38,900 - config - INFO - Se prepara para consultar el siguiente usuario:
2025-10-30 12:33:38,900 - config - INFO - 1006718970 - PEÑALOZA DURAN MARIAJOSE - penalozaduranm@gmail.com
2025-10-30 12:33:40,963 - config - INFO - Se consultó el usuario: 1006718970
2025-10-30 12:33:43,104 - config - INFO - Se ingresa a editar usuario
2025-10-30 12:33:43,104 - config - INFO - Se prepara para escribir el correo: penalozaduranm@gmail.com
2025-10-30 12:33:46,141 - config - INFO - Se escribió el correo: penalozaduranm@gmail.com
2025-10-30 12:33:46,142 - config - INFO - Se prepara para confirmar el correo: penalozaduranm@gmail.com
2025-10-30 12:33:49,177 - config - INFO - Se confirma el correo: penalozaduranm@gmail.com
2025-10-30 12:33:58,524 - config - INFO - Correo actualizado correctamente: penalozaduranm@gmail.com
2025-10-30 12:34:03,628 - config - INFO - Campo de identificación encontrado. Actualización exitosa.
2025-10-30 12:34:07,702 - config - INFO - Se prepara para consultar el siguiente usuario:
2025-10-30 12:34:07,702 - config - INFO - 19254340 - PEÑUELA BELTRAN HECTOR MAXIMINO - hectorpenuela386@gmail.com
2025-10-30 12:34:09,778 - config - INFO - Se consultó el usuario: 19254340
2025-10-30 12:34:11,909 - config - INFO - Se ingresa a editar usuario
2025-10-30 12:34:11,909 - config - INFO - Se prepara para escribir el correo: hectorpenuela386@gmail.com
2025-10-30 12:34:14,946 - config - INFO - Se escribió el correo: hectorpenuela386@gmail.com
2025-10-30 12:34:14,946 - config - INFO - Se prepara para confirmar el correo: hectorpenuela386@gmail.com
2025-10-30 12:34:17,983 - config - INFO - Se confirma el correo: hectorpenuela386@gmail.com
2025-10-30 12:34:27,284 - config - INFO - Correo actualizado correctamente: hectorpenuela386@gmail.com
2025-10-30 12:34:32,369 - config - INFO - Campo de identificación encontrado. Actualización exitosa.
2025-10-30 12:34:36,459 - config - INFO - Se prepara para consultar el siguiente usuario:
2025-10-30 12:34:36,459 - config - INFO - 1121873859 - PEREZ GUTIERREZ LEIDY JOHANA - leidyperezgutierrez@gmail.com
2025-10-30 12:34:38,553 - config - INFO - Se consultó el usuario: 1121873859
2025-10-30 12:34:40,707 - config - INFO - Se ingresa a editar usuario
2025-10-30 12:34:40,707 - config - INFO - Se prepara para escribir el correo: leidyperezgutierrez@gmail.com
2025-10-30 12:34:43,741 - config - INFO - Se escribió el correo: leidyperezgutierrez@gmail.com
2025-10-30 12:34:43,741 - config - INFO - Se prepara para confirmar el correo: leidyperezgutierrez@gmail.com
2025-10-30 12:34:46,781 - config - INFO - Se confirma el correo: leidyperezgutierrez@gmail.com
2025-10-30 12:34:56,063 - config - INFO - Correo actualizado correctamente: leidyperezgutierrez@gmail.com
2025-10-30 12:35:01,162 - config - INFO - Campo de identificación encontrado. Actualización exitosa.
2025-10-30 12:35:05,249 - config - INFO - Se prepara para consultar el siguiente usuario:
2025-10-30 12:35:05,249 - config - INFO - 40328653 - PINEDA BASTILLAS MARIA CRISTINA - MARICRIS.1983@HOTMAIL.COM
2025-10-30 12:35:07,328 - config - INFO - Se consultó el usuario: 40328653
2025-10-30 12:35:09,474 - config - INFO - Se ingresa a editar usuario
2025-10-30 12:35:09,475 - config - INFO - Se prepara para escribir el correo: MARICRIS.1983@HOTMAIL.COM
2025-10-30 12:35:12,503 - config - INFO - Se escribió el correo: MARICRIS.1983@HOTMAIL.COM
2025-10-30 12:35:12,503 - config - INFO - Se prepara para confirmar el correo: MARICRIS.1983@HOTMAIL.COM
2025-10-30 12:35:15,543 - config - INFO - Se confirma el correo: MARICRIS.1983@HOTMAIL.COM
2025-10-30 12:35:24,833 - config - INFO - Correo actualizado correctamente: MARICRIS.1983@HOTMAIL.COM
2025-10-30 12:35:29,903 - config - INFO - Campo de identificación encontrado. Actualización exitosa.
2025-10-30 12:35:33,991 - config - INFO - Se prepara para consultar el siguiente usuario:
2025-10-30 12:35:33,991 - config - INFO - 1122653258 - PINEDA DARAVIÑA DEICY MAYERLY - deicypineda967@gmail.com
2025-10-30 12:35:36,080 - config - INFO - Se consultó el usuario: 1122653258
2025-10-30 12:35:38,212 - config - INFO - Se ingresa a editar usuario
2025-10-30 12:35:38,212 - config - INFO - Se prepara para escribir el correo: deicypineda967@gmail.com
2025-10-30 12:35:41,256 - config - INFO - Se escribió el correo: deicypineda967@gmail.com
2025-10-30 12:35:41,256 - config - INFO - Se prepara para confirmar el correo: deicypineda967@gmail.com
2025-10-30 12:35:44,289 - config - INFO - Se confirma el correo: deicypineda967@gmail.com
2025-10-30 12:35:53,610 - config - INFO - Correo actualizado correctamente: deicypineda967@gmail.com
2025-10-30 12:35:58,694 - config - INFO - Campo de identificación encontrado. Actualización exitosa.
2025-10-30 12:36:02,771 - config - INFO - Se prepara para consultar el siguiente usuario:
2025-10-30 12:36:02,771 - config - INFO - 51558171 - PINTO JIMENEZ BLANCA MARINA - blancamarinapintojimenez@gmail.com
2025-10-30 12:36:04,865 - config - INFO - Se consultó el usuario: 51558171
2025-10-30 12:36:07,020 - config - INFO - Se ingresa a editar usuario
2025-10-30 12:36:07,020 - config - INFO - Se prepara para escribir el correo: blancamarinapintojimenez@gmail.com
2025-10-30 12:36:10,056 - config - INFO - Se escribió el correo: blancamarinapintojimenez@gmail.com
2025-10-30 12:36:10,056 - config - INFO - Se prepara para confirmar el correo: blancamarinapintojimenez@gmail.com
2025-10-30 12:36:13,104 - config - INFO - Se confirma el correo: blancamarinapintojimenez@gmail.com
2025-10-30 12:36:22,404 - config - INFO - Correo actualizado correctamente: blancamarinapintojimenez@gmail.com
2025-10-30 12:36:27,482 - config - INFO - Campo de identificación encontrado. Actualización exitosa.
2025-10-30 12:36:31,564 - config - INFO - Se prepara para consultar el siguiente usuario:
2025-10-30 12:36:31,564 - config - INFO - 21243208 - PIRAGAUTA VARGAS MARIA NOHORA - williamcont715@yahoo.es
2025-10-30 12:36:33,642 - config - INFO - Se consultó el usuario: 21243208
2025-10-30 12:36:35,766 - config - INFO - Se ingresa a editar usuario
2025-10-30 12:36:35,767 - config - INFO - Se prepara para escribir el correo: williamcont715@yahoo.es
2025-10-30 12:36:38,796 - config - INFO - Se escribió el correo: williamcont715@yahoo.es
2025-10-30 12:36:38,796 - config - INFO - Se prepara para confirmar el correo: williamcont715@yahoo.es
2025-10-30 12:36:41,826 - config - INFO - Se confirma el correo: williamcont715@yahoo.es
2025-10-30 12:36:51,131 - config - INFO - Correo actualizado correctamente: williamcont715@yahoo.es
2025-10-30 12:36:56,207 - config - INFO - Campo de identificación encontrado. Actualización exitosa.
2025-10-30 12:37:00,296 - config - INFO - Se prepara para consultar el siguiente usuario:
2025-10-30 12:37:00,296 - config - INFO - 52934713 - PRIETO BUITRAGO CLAUDIA LILIANA - claudiaprieto1983@gmail.com
2025-10-30 12:37:02,377 - config - INFO - Se consultó el usuario: 52934713
2025-10-30 12:37:04,551 - config - INFO - Se ingresa a editar usuario
2025-10-30 12:37:04,551 - config - INFO - Se prepara para escribir el correo: claudiaprieto1983@gmail.com
2025-10-30 12:37:07,588 - config - INFO - Se escribió el correo: claudiaprieto1983@gmail.com
2025-10-30 12:37:07,588 - config - INFO - Se prepara para confirmar el correo: claudiaprieto1983@gmail.com
2025-10-30 12:37:10,628 - config - INFO - Se confirma el correo: claudiaprieto1983@gmail.com
2025-10-30 12:37:19,943 - config - INFO - Correo actualizado correctamente: claudiaprieto1983@gmail.com
2025-10-30 12:37:25,028 - config - INFO - Campo de identificación encontrado. Actualización exitosa.
2025-10-30 12:37:29,108 - config - INFO - Se prepara para consultar el siguiente usuario:
2025-10-30 12:37:29,108 - config - INFO - 1084728774 - QUINTERO NAVARRO JANNER - janner01.1986@gmail.com
2025-10-30 12:37:31,205 - config - INFO - Se consultó el usuario: 1084728774
2025-10-30 12:37:33,359 - config - INFO - Se ingresa a editar usuario
2025-10-30 12:37:33,359 - config - INFO - Se prepara para escribir el correo: janner01.1986@gmail.com
2025-10-30 12:37:36,393 - config - INFO - Se escribió el correo: janner01.1986@gmail.com
2025-10-30 12:37:36,393 - config - INFO - Se prepara para confirmar el correo: janner01.1986@gmail.com
2025-10-30 12:37:39,435 - config - INFO - Se confirma el correo: janner01.1986@gmail.com
2025-10-30 12:37:48,787 - config - INFO - Correo actualizado correctamente: janner01.1986@gmail.com
2025-10-30 12:37:53,882 - config - INFO - Campo de identificación encontrado. Actualización exitosa.
2025-10-30 12:37:57,959 - config - INFO - Se prepara para consultar el siguiente usuario:
2025-10-30 12:37:57,959 - config - INFO - 53093424 - RAMIREZ GONZALEZ ANGELICA MILENA - milenaramirezgonzalez42@gmail.com
2025-10-30 12:38:00,109 - config - INFO - Se consultó el usuario: 53093424
2025-10-30 12:38:02,351 - config - INFO - Se ingresa a editar usuario
2025-10-30 12:38:02,352 - config - INFO - Se prepara para escribir el correo: milenaramirezgonzalez42@gmail.com
2025-10-30 12:38:05,402 - config - INFO - Se escribió el correo: milenaramirezgonzalez42@gmail.com
2025-10-30 12:38:05,402 - config - INFO - Se prepara para confirmar el correo: milenaramirezgonzalez42@gmail.com
2025-10-30 12:38:08,449 - config - INFO - Se confirma el correo: milenaramirezgonzalez42@gmail.com
2025-10-30 12:38:17,775 - config - INFO - Correo actualizado correctamente: milenaramirezgonzalez42@gmail.com
2025-10-30 12:38:22,846 - config - INFO - Campo de identificación encontrado. Actualización exitosa.
2025-10-30 12:38:26,924 - config - INFO - Se prepara para consultar el siguiente usuario:
2025-10-30 12:38:26,924 - config - INFO - 1005181518 - RANGEL PICO YEINY JULIETH - jpico4461@gmail.com
2025-10-30 12:38:28,996 - config - INFO - Se consultó el usuario: 1005181518
2025-10-30 12:38:31,134 - config - INFO - Se ingresa a editar usuario
2025-10-30 12:38:31,134 - config - INFO - Se prepara para escribir el correo: jpico4461@gmail.com
2025-10-30 12:38:34,181 - config - INFO - Se escribió el correo: jpico4461@gmail.com
2025-10-30 12:38:34,182 - config - INFO - Se prepara para confirmar el correo: jpico4461@gmail.com
2025-10-30 12:38:37,222 - config - INFO - Se confirma el correo: jpico4461@gmail.com
2025-10-30 12:38:46,508 - config - INFO - Correo actualizado correctamente: jpico4461@gmail.com
2025-10-30 12:38:51,598 - config - INFO - Campo de identificación encontrado. Actualización exitosa.
2025-10-30 12:38:55,672 - config - INFO - Se prepara para consultar el siguiente usuario:
2025-10-30 12:38:55,672 - config - INFO - 1120925409 - REBELLON SALCEDO MARIA VICTORIA - v5rebecel@gmail.com
2025-10-30 12:38:57,775 - config - INFO - Se consultó el usuario: 1120925409
2025-10-30 12:38:59,887 - config - INFO - Se ingresa a editar usuario
2025-10-30 12:38:59,888 - config - INFO - Se prepara para escribir el correo: v5rebecel@gmail.com
2025-10-30 12:39:02,922 - config - INFO - Se escribió el correo: v5rebecel@gmail.com
2025-10-30 12:39:02,922 - config - INFO - Se prepara para confirmar el correo: v5rebecel@gmail.com
2025-10-30 12:39:05,960 - config - INFO - Se confirma el correo: v5rebecel@gmail.com
2025-10-30 12:39:15,226 - config - INFO - Correo actualizado correctamente: v5rebecel@gmail.com
2025-10-30 12:39:20,311 - config - INFO - Campo de identificación encontrado. Actualización exitosa.
2025-10-30 12:39:24,389 - config - INFO - Se prepara para consultar el siguiente usuario:
2025-10-30 12:39:24,389 - config - INFO - 1003764198 - REY OSPINA GLORIA ANGELICA - carolina29reyospina@gmail.com
2025-10-30 12:39:26,465 - config - INFO - Se consultó el usuario: 1003764198
2025-10-30 12:39:28,627 - config - INFO - Se ingresa a editar usuario
2025-10-30 12:39:28,628 - config - INFO - Se prepara para escribir el correo: carolina29reyospina@gmail.com
2025-10-30 12:39:31,677 - config - INFO - Se escribió el correo: carolina29reyospina@gmail.com
2025-10-30 12:39:31,677 - config - INFO - Se prepara para confirmar el correo: carolina29reyospina@gmail.com
2025-10-30 12:39:34,713 - config - INFO - Se confirma el correo: carolina29reyospina@gmail.com
2025-10-30 12:39:44,004 - config - INFO - Correo actualizado correctamente: carolina29reyospina@gmail.com
2025-10-30 12:39:49,084 - config - INFO - Campo de identificación encontrado. Actualización exitosa.
2025-10-30 12:39:53,169 - config - INFO - Se prepara para consultar el siguiente usuario:
2025-10-30 12:39:53,170 - config - INFO - 40334349 - REYES BUITRAGO CLARITZA - reyesclarit871@gmail.com
2025-10-30 12:39:55,250 - config - INFO - Se consultó el usuario: 40334349
2025-10-30 12:39:57,381 - config - INFO - Se ingresa a editar usuario
2025-10-30 12:39:57,381 - config - INFO - Se prepara para escribir el correo: reyesclarit871@gmail.com
2025-10-30 12:40:00,415 - config - INFO - Se escribió el correo: reyesclarit871@gmail.com
2025-10-30 12:40:00,415 - config - INFO - Se prepara para confirmar el correo: reyesclarit871@gmail.com
2025-10-30 12:40:03,461 - config - INFO - Se confirma el correo: reyesclarit871@gmail.com
2025-10-30 12:40:12,730 - config - INFO - Correo actualizado correctamente: reyesclarit871@gmail.com
2025-10-30 12:40:17,812 - config - INFO - Campo de identificación encontrado. Actualización exitosa.
2025-10-30 12:40:21,903 - config - INFO - Se prepara para consultar el siguiente usuario:
2025-10-30 12:40:21,904 - config - INFO - 1000580172 - REYES RODRIGUEZ KAREN JULIETH - reyeskarenjulieth7@gmail.com
2025-10-30 12:40:23,987 - config - INFO - Se consultó el usuario: 1000580172
2025-10-30 12:40:26,120 - config - INFO - Se ingresa a editar usuario
2025-10-30 12:40:26,120 - config - INFO - Se prepara para escribir el correo: reyeskarenjulieth7@gmail.com
2025-10-30 12:40:29,156 - config - INFO - Se escribió el correo: reyeskarenjulieth7@gmail.com
2025-10-30 12:40:29,157 - config - INFO - Se prepara para confirmar el correo: reyeskarenjulieth7@gmail.com
2025-10-30 12:40:32,195 - config - INFO - Se confirma el correo: reyeskarenjulieth7@gmail.com
2025-10-30 12:40:41,456 - config - INFO - Correo actualizado correctamente: reyeskarenjulieth7@gmail.com
2025-10-30 12:40:46,545 - config - INFO - Campo de identificación encontrado. Actualización exitosa.
2025-10-30 12:40:50,616 - config - INFO - Se prepara para consultar el siguiente usuario:
2025-10-30 12:40:50,616 - config - INFO - 1123564388 - RIAÑO LONDOÑO YEINY - yeinymarihana@gmail.com
2025-10-30 12:40:52,695 - config - INFO - Se consultó el usuario: 1123564388
2025-10-30 12:40:54,839 - config - INFO - Se ingresa a editar usuario
2025-10-30 12:40:54,839 - config - INFO - Se prepara para escribir el correo: yeinymarihana@gmail.com
2025-10-30 12:40:57,881 - config - INFO - Se escribió el correo: yeinymarihana@gmail.com
2025-10-30 12:40:57,881 - config - INFO - Se prepara para confirmar el correo: yeinymarihana@gmail.com
2025-10-30 12:41:00,916 - config - INFO - Se confirma el correo: yeinymarihana@gmail.com
2025-10-30 12:41:10,207 - config - INFO - Correo actualizado correctamente: yeinymarihana@gmail.com
2025-10-30 12:41:15,299 - config - INFO - Campo de identificación encontrado. Actualización exitosa.
2025-10-30 12:41:19,378 - config - INFO - Se prepara para consultar el siguiente usuario:
2025-10-30 12:41:19,378 - config - INFO - 52710556 - RIVERA OVIEDO NANCY - nancyrivera0880@gmail.com
2025-10-30 12:41:21,489 - config - INFO - Se consultó el usuario: 52710556
2025-10-30 12:41:23,605 - config - INFO - Se ingresa a editar usuario
2025-10-30 12:41:23,606 - config - INFO - Se prepara para escribir el correo: nancyrivera0880@gmail.com
2025-10-30 12:41:26,636 - config - INFO - Se escribió el correo: nancyrivera0880@gmail.com
2025-10-30 12:41:26,637 - config - INFO - Se prepara para confirmar el correo: nancyrivera0880@gmail.com
2025-10-30 12:41:29,677 - config - INFO - Se confirma el correo: nancyrivera0880@gmail.com
2025-10-30 12:41:38,980 - config - INFO - Correo actualizado correctamente: nancyrivera0880@gmail.com
2025-10-30 12:41:44,060 - config - INFO - Campo de identificación encontrado. Actualización exitosa.
2025-10-30 12:41:48,125 - config - INFO - Se prepara para consultar el siguiente usuario:
2025-10-30 12:41:48,125 - config - INFO - 1006777121 - RIVEROS SUAREZ HASBLEIDY JOHANNA - riverosjohana45@gmail.com
2025-10-30 12:41:50,199 - config - INFO - Se consultó el usuario: 1006777121
2025-10-30 12:41:52,342 - config - INFO - Se ingresa a editar usuario
2025-10-30 12:41:52,342 - config - INFO - Se prepara para escribir el correo: riverosjohana45@gmail.com
2025-10-30 12:41:55,385 - config - INFO - Se escribió el correo: riverosjohana45@gmail.com
2025-10-30 12:41:55,386 - config - INFO - Se prepara para confirmar el correo: riverosjohana45@gmail.com
2025-10-30 12:41:58,431 - config - INFO - Se confirma el correo: riverosjohana45@gmail.com
2025-10-30 12:42:07,826 - config - INFO - Correo actualizado correctamente: riverosjohana45@gmail.com
2025-10-30 12:42:19,912 - config - ERROR - No se encontró el campo de identificación tras actualizar.
2025-10-30 12:42:19,912 - config - INFO - Error al actualizar el usuario
2025-10-30 12:42:22,302 - config - INFO - Se prepara para consultar el siguiente usuario:
2025-10-30 12:42:22,302 - config - INFO - 40447756 - ROA PEREZ MARIBEL - maribelroaperez761@gmail.com
2025-10-30 12:42:24,396 - config - INFO - Se consultó el usuario: 40447756
2025-10-30 12:42:26,549 - config - INFO - Se ingresa a editar usuario
2025-10-30 12:42:26,550 - config - INFO - Se prepara para escribir el correo: maribelroaperez761@gmail.com
2025-10-30 12:42:29,584 - config - INFO - Se escribió el correo: maribelroaperez761@gmail.com
2025-10-30 12:42:29,584 - config - INFO - Se prepara para confirmar el correo: maribelroaperez761@gmail.com
2025-10-30 12:42:32,620 - config - INFO - Se confirma el correo: maribelroaperez761@gmail.com
2025-10-30 12:42:41,952 - config - INFO - Correo actualizado correctamente: maribelroaperez761@gmail.com
2025-10-30 12:42:47,048 - config - INFO - Campo de identificación encontrado. Actualización exitosa.
2025-10-30 12:42:51,139 - config - INFO - Se prepara para consultar el siguiente usuario:
2025-10-30 12:42:51,139 - config - INFO - 1124243073 - ROBAYO GUTIERREZ YESSENIA - yesseniarobayo318@gmaill.com
2025-10-30 12:42:53,211 - config - INFO - Se consultó el usuario: 1124243073
2025-10-30 12:42:55,371 - config - INFO - Se ingresa a editar usuario
2025-10-30 12:42:55,371 - config - INFO - Se prepara para escribir el correo: yesseniarobayo318@gmaill.com
2025-10-30 12:42:58,402 - config - INFO - Se escribió el correo: yesseniarobayo318@gmaill.com
2025-10-30 12:42:58,403 - config - INFO - Se prepara para confirmar el correo: yesseniarobayo318@gmaill.com
2025-10-30 12:43:01,450 - config - INFO - Se confirma el correo: yesseniarobayo318@gmaill.com
2025-10-30 12:43:10,725 - config - INFO - Correo actualizado correctamente: yesseniarobayo318@gmaill.com
2025-10-30 12:43:15,824 - config - INFO - Campo de identificación encontrado. Actualización exitosa.
2025-10-30 12:43:19,907 - config - INFO - Se prepara para consultar el siguiente usuario:
2025-10-30 12:43:19,907 - config - INFO - 1123433465 - RODAS ROCHA YISELT LILIANA - lilianarodas0427@gmail.com
2025-10-30 12:43:21,973 - config - INFO - Se consultó el usuario: 1123433465
2025-10-30 12:43:24,095 - config - INFO - Se ingresa a editar usuario
2025-10-30 12:43:24,095 - config - INFO - Se prepara para escribir el correo: lilianarodas0427@gmail.com
2025-10-30 12:43:27,133 - config - INFO - Se escribió el correo: lilianarodas0427@gmail.com
2025-10-30 12:43:27,133 - config - INFO - Se prepara para confirmar el correo: lilianarodas0427@gmail.com
2025-10-30 12:43:30,173 - config - INFO - Se confirma el correo: lilianarodas0427@gmail.com
2025-10-30 12:43:39,528 - config - INFO - Correo actualizado correctamente: lilianarodas0427@gmail.com
2025-10-30 12:43:44,612 - config - INFO - Campo de identificación encontrado. Actualización exitosa.
2025-10-30 12:43:48,710 - config - INFO - Se prepara para consultar el siguiente usuario:
2025-10-30 12:43:48,710 - config - INFO - 1122140064 - RODRIGUEZ MONTOYA MARYURI ALEXANDRA - alexandramontoya1196@gmail.com
2025-10-30 12:43:50,809 - config - INFO - Se consultó el usuario: 1122140064
2025-10-30 12:43:52,972 - config - INFO - Se ingresa a editar usuario
2025-10-30 12:43:52,972 - config - INFO - Se prepara para escribir el correo: alexandramontoya1196@gmail.com
2025-10-30 12:43:56,008 - config - INFO - Se escribió el correo: alexandramontoya1196@gmail.com
2025-10-30 12:43:56,008 - config - INFO - Se prepara para confirmar el correo: alexandramontoya1196@gmail.com
2025-10-30 12:43:59,041 - config - INFO - Se confirma el correo: alexandramontoya1196@gmail.com
2025-10-30 12:44:08,347 - config - INFO - Correo actualizado correctamente: alexandramontoya1196@gmail.com
2025-10-30 12:44:13,442 - config - INFO - Campo de identificación encontrado. Actualización exitosa.
2025-10-30 12:44:17,525 - config - INFO - Se prepara para consultar el siguiente usuario:
2025-10-30 12:44:17,525 - config - INFO - 96195073 - RODRIGUEZ OSCAR FERNEY - ferneyrodriguez10@hotmail.co
2025-10-30 12:44:19,611 - config - INFO - Se consultó el usuario: 96195073
2025-10-30 12:44:21,740 - config - INFO - Se ingresa a editar usuario
2025-10-30 12:44:21,741 - config - INFO - Se prepara para escribir el correo: ferneyrodriguez10@hotmail.co
2025-10-30 12:44:24,782 - config - INFO - Se escribió el correo: ferneyrodriguez10@hotmail.co
2025-10-30 12:44:24,782 - config - INFO - Se prepara para confirmar el correo: ferneyrodriguez10@hotmail.co
2025-10-30 12:44:27,829 - config - INFO - Se confirma el correo: ferneyrodriguez10@hotmail.co
2025-10-30 12:44:37,166 - config - INFO - Correo actualizado correctamente: ferneyrodriguez10@hotmail.co
2025-10-30 12:44:42,318 - config - INFO - Campo de identificación encontrado. Actualización exitosa.
2025-10-30 12:44:46,433 - config - INFO - Se prepara para consultar el siguiente usuario:
2025-10-30 12:44:46,433 - config - INFO - 1014306063 - RODRIGUEZ OSUNA ANGIE LORENA - angiieosuna0417@gmail.com
2025-10-30 12:44:48,545 - config - INFO - Se consultó el usuario: 1014306063
2025-10-30 12:44:50,728 - config - INFO - Se ingresa a editar usuario
2025-10-30 12:44:50,729 - config - INFO - Se prepara para escribir el correo: angiieosuna0417@gmail.com
2025-10-30 12:44:53,762 - config - INFO - Se escribió el correo: angiieosuna0417@gmail.com
2025-10-30 12:44:53,762 - config - INFO - Se prepara para confirmar el correo: angiieosuna0417@gmail.com
2025-10-30 12:44:56,800 - config - INFO - Se confirma el correo: angiieosuna0417@gmail.com
2025-10-30 12:45:06,112 - config - INFO - Correo actualizado correctamente: angiieosuna0417@gmail.com
2025-10-30 12:45:11,199 - config - INFO - Campo de identificación encontrado. Actualización exitosa.
2025-10-30 12:45:15,275 - config - INFO - Se prepara para consultar el siguiente usuario:
2025-10-30 12:45:15,275 - config - INFO - 1010031875 - ROJAS DAZA KATHERINE JULIETH - rojasmariana0208@gmail.com
2025-10-30 12:45:17,345 - config - INFO - Se consultó el usuario: 1010031875
2025-10-30 12:45:19,522 - config - INFO - Se ingresa a editar usuario
2025-10-30 12:45:19,523 - config - INFO - Se prepara para escribir el correo: rojasmariana0208@gmail.com
2025-10-30 12:45:22,561 - config - INFO - Se escribió el correo: rojasmariana0208@gmail.com
2025-10-30 12:45:22,561 - config - INFO - Se prepara para confirmar el correo: rojasmariana0208@gmail.com
2025-10-30 12:45:25,606 - config - INFO - Se confirma el correo: rojasmariana0208@gmail.com
2025-10-30 12:45:34,885 - config - INFO - Correo actualizado correctamente: rojasmariana0208@gmail.com
2025-10-30 12:45:39,974 - config - INFO - Campo de identificación encontrado. Actualización exitosa.
2025-10-30 12:45:44,053 - config - INFO - Se prepara para consultar el siguiente usuario:
2025-10-30 12:45:44,053 - config - INFO - 1006773031 - ROJAS PARRADO YESSICA PAOLA - rojasparradoyessicapaola@gmail.com
2025-10-30 12:45:46,135 - config - INFO - Se consultó el usuario: 1006773031
2025-10-30 12:45:48,362 - config - INFO - Se ingresa a editar usuario
2025-10-30 12:45:48,362 - config - INFO - Se prepara para escribir el correo: rojasparradoyessicapaola@gmail.com
2025-10-30 12:45:51,404 - config - INFO - Se escribió el correo: rojasparradoyessicapaola@gmail.com
2025-10-30 12:45:51,404 - config - INFO - Se prepara para confirmar el correo: rojasparradoyessicapaola@gmail.com
2025-10-30 12:45:54,440 - config - INFO - Se confirma el correo: rojasparradoyessicapaola@gmail.com
2025-10-30 12:46:03,747 - config - INFO - Correo actualizado correctamente: rojasparradoyessicapaola@gmail.com
2025-10-30 12:46:08,818 - config - INFO - Campo de identificación encontrado. Actualización exitosa.
2025-10-30 12:46:12,921 - config - INFO - Se prepara para consultar el siguiente usuario:
2025-10-30 12:46:12,921 - config - INFO - 1121948797 - ROJAS ROJAS DIANA TATIANA - diana97rojas@gmail.com
2025-10-30 12:46:15,016 - config - INFO - Se consultó el usuario: 1121948797
2025-10-30 12:46:17,136 - config - INFO - Se ingresa a editar usuario
2025-10-30 12:46:17,136 - config - INFO - Se prepara para escribir el correo: diana97rojas@gmail.com
2025-10-30 12:46:20,169 - config - INFO - Se escribió el correo: diana97rojas@gmail.com
2025-10-30 12:46:20,169 - config - INFO - Se prepara para confirmar el correo: diana97rojas@gmail.com
2025-10-30 12:46:23,205 - config - INFO - Se confirma el correo: diana97rojas@gmail.com
2025-10-30 12:46:32,503 - config - INFO - Correo actualizado correctamente: diana97rojas@gmail.com
2025-10-30 12:46:37,576 - config - INFO - Campo de identificación encontrado. Actualización exitosa.
2025-10-30 12:46:41,661 - config - INFO - Se prepara para consultar el siguiente usuario:
2025-10-30 12:46:41,661 - config - INFO - 86086391 - ROJAS URREGO ROBINSON - robinrojas303011@gmail.com
2025-10-30 12:46:43,742 - config - INFO - Se consultó el usuario: 86086391
2025-10-30 12:46:45,912 - config - INFO - Se ingresa a editar usuario
2025-10-30 12:46:45,912 - config - INFO - Se prepara para escribir el correo: robinrojas303011@gmail.com
2025-10-30 12:46:48,954 - config - INFO - Se escribió el correo: robinrojas303011@gmail.com
2025-10-30 12:46:48,954 - config - INFO - Se prepara para confirmar el correo: robinrojas303011@gmail.com
2025-10-30 12:46:51,989 - config - INFO - Se confirma el correo: robinrojas303011@gmail.com
2025-10-30 12:47:01,306 - config - INFO - Correo actualizado correctamente: robinrojas303011@gmail.com
2025-10-30 12:47:06,399 - config - INFO - Campo de identificación encontrado. Actualización exitosa.
2025-10-30 12:47:10,469 - config - INFO - Se prepara para consultar el siguiente usuario:
2025-10-30 12:47:10,469 - config - INFO - 40415550 - ROMERO CELEMIN LUZ NIDIA - latatagil@gmail.com
2025-10-30 12:47:12,551 - config - INFO - Se consultó el usuario: 40415550
2025-10-30 12:47:14,719 - config - INFO - Se ingresa a editar usuario
2025-10-30 12:47:14,720 - config - INFO - Se prepara para escribir el correo: latatagil@gmail.com
2025-10-30 12:47:17,761 - config - INFO - Se escribió el correo: latatagil@gmail.com
2025-10-30 12:47:17,761 - config - INFO - Se prepara para confirmar el correo: latatagil@gmail.com
2025-10-30 12:47:20,805 - config - INFO - Se confirma el correo: latatagil@gmail.com
2025-10-30 12:47:30,090 - config - INFO - Correo actualizado correctamente: latatagil@gmail.com
2025-10-30 12:47:35,173 - config - INFO - Campo de identificación encontrado. Actualización exitosa.
2025-10-30 12:47:39,260 - config - INFO - Se prepara para consultar el siguiente usuario:
2025-10-30 12:47:39,260 - config - INFO - 1122129288 - ROMERO LADINO ZULMA YULIETH - zulmyuli@gmail.com
2025-10-30 12:47:41,353 - config - INFO - Se consultó el usuario: 1122129288
2025-10-30 12:47:43,503 - config - INFO - Se ingresa a editar usuario
2025-10-30 12:47:43,504 - config - INFO - Se prepara para escribir el correo: zulmyuli@gmail.com
2025-10-30 12:47:46,547 - config - INFO - Se escribió el correo: zulmyuli@gmail.com
2025-10-30 12:47:46,547 - config - INFO - Se prepara para confirmar el correo: zulmyuli@gmail.com
2025-10-30 12:47:49,587 - config - INFO - Se confirma el correo: zulmyuli@gmail.com
2025-10-30 12:47:58,851 - config - INFO - Correo actualizado correctamente: zulmyuli@gmail.com
2025-10-30 12:48:03,930 - config - INFO - Campo de identificación encontrado. Actualización exitosa.
2025-10-30 12:48:08,019 - config - INFO - Se prepara para consultar el siguiente usuario:
2025-10-30 12:48:08,019 - config - INFO - 41212375 - ROMERO MARTINEZ FLOR ALBA - floralbaromero08@hotmail.com
2025-10-30 12:48:10,088 - config - INFO - Se consultó el usuario: 41212375
2025-10-30 12:48:12,219 - config - INFO - Se ingresa a editar usuario
2025-10-30 12:48:12,219 - config - INFO - Se prepara para escribir el correo: floralbaromero08@hotmail.com
2025-10-30 12:48:15,253 - config - INFO - Se escribió el correo: floralbaromero08@hotmail.com
2025-10-30 12:48:15,253 - config - INFO - Se prepara para confirmar el correo: floralbaromero08@hotmail.com
2025-10-30 12:48:18,290 - config - INFO - Se confirma el correo: floralbaromero08@hotmail.com
2025-10-30 12:48:27,590 - config - INFO - Correo actualizado correctamente: floralbaromero08@hotmail.com
2025-10-30 12:48:32,676 - config - INFO - Campo de identificación encontrado. Actualización exitosa.
2025-10-30 12:48:36,770 - config - INFO - Se prepara para consultar el siguiente usuario:
2025-10-30 12:48:36,770 - config - INFO - 68292463 - ROMERO MAYORGA JAKELIN - jrmrf13@hotmail.com
2025-10-30 12:48:38,856 - config - INFO - Se consultó el usuario: 68292463
2025-10-30 12:48:41,006 - config - INFO - Se ingresa a editar usuario
2025-10-30 12:48:41,006 - config - INFO - Se prepara para escribir el correo: jrmrf13@hotmail.com
2025-10-30 12:48:44,036 - config - INFO - Se escribió el correo: jrmrf13@hotmail.com
2025-10-30 12:48:44,037 - config - INFO - Se prepara para confirmar el correo: jrmrf13@hotmail.com
2025-10-30 12:48:47,082 - config - INFO - Se confirma el correo: jrmrf13@hotmail.com
2025-10-30 12:48:56,385 - config - INFO - Correo actualizado correctamente: jrmrf13@hotmail.com
2025-10-30 12:49:01,461 - config - INFO - Campo de identificación encontrado. Actualización exitosa.
2025-10-30 12:49:05,574 - config - INFO - Se prepara para consultar el siguiente usuario:
2025-10-30 12:49:05,574 - config - INFO - 1121960484 - ROMERO PARRADO YENCY DAYANA - romeroparradoy@gmail.com
2025-10-30 12:49:07,691 - config - INFO - Se consultó el usuario: 1121960484
2025-10-30 12:49:09,807 - config - INFO - Se ingresa a editar usuario
2025-10-30 12:49:09,807 - config - INFO - Se prepara para escribir el correo: romeroparradoy@gmail.com
2025-10-30 12:49:12,846 - config - INFO - Se escribió el correo: romeroparradoy@gmail.com
2025-10-30 12:49:12,846 - config - INFO - Se prepara para confirmar el correo: romeroparradoy@gmail.com
2025-10-30 12:49:15,903 - config - INFO - Se confirma el correo: romeroparradoy@gmail.com
2025-10-30 12:49:25,228 - config - INFO - Correo actualizado correctamente: romeroparradoy@gmail.com
2025-10-30 12:49:37,306 - config - ERROR - No se encontró el campo de identificación tras actualizar.
2025-10-30 12:49:37,306 - config - INFO - Error al actualizar el usuario
2025-10-30 12:49:39,618 - config - INFO - Se prepara para consultar el siguiente usuario:
2025-10-30 12:49:39,618 - config - INFO - 1123864028 - RUBIO VELASQUEZ LINA MARCELA - 19990418ling@gmail.com
2025-10-30 12:49:41,704 - config - INFO - Se consultó el usuario: 1123864028
2025-10-30 12:49:43,872 - config - INFO - Se ingresa a editar usuario
2025-10-30 12:49:43,872 - config - INFO - Se prepara para escribir el correo: 19990418ling@gmail.com
2025-10-30 12:49:46,921 - config - INFO - Se escribió el correo: 19990418ling@gmail.com
2025-10-30 12:49:46,921 - config - INFO - Se prepara para confirmar el correo: 19990418ling@gmail.com
2025-10-30 12:49:49,957 - config - INFO - Se confirma el correo: 19990418ling@gmail.com
2025-10-30 12:49:59,250 - config - INFO - Correo actualizado correctamente: 19990418ling@gmail.com
2025-10-30 12:50:04,326 - config - INFO - Campo de identificación encontrado. Actualización exitosa.
2025-10-30 12:50:08,413 - config - INFO - Se prepara para consultar el siguiente usuario:
2025-10-30 12:50:08,413 - config - INFO - 40216392 - RUIZ ABAUNZA ADRIANA MARIA - adrianaruizabaunza@hotmail.com
2025-10-30 12:50:10,490 - config - INFO - Se consultó el usuario: 40216392
2025-10-30 12:50:12,633 - config - INFO - Se ingresa a editar usuario
2025-10-30 12:50:12,633 - config - INFO - Se prepara para escribir el correo: adrianaruizabaunza@hotmail.com
2025-10-30 12:50:15,671 - config - INFO - Se escribió el correo: adrianaruizabaunza@hotmail.com
2025-10-30 12:50:15,671 - config - INFO - Se prepara para confirmar el correo: adrianaruizabaunza@hotmail.com
2025-10-30 12:50:18,714 - config - INFO - Se confirma el correo: adrianaruizabaunza@hotmail.com
2025-10-30 12:50:28,015 - config - INFO - Correo actualizado correctamente: adrianaruizabaunza@hotmail.com
2025-10-30 12:50:33,091 - config - INFO - Campo de identificación encontrado. Actualización exitosa.
2025-10-30 12:50:37,187 - config - INFO - Se prepara para consultar el siguiente usuario:
2025-10-30 12:50:37,187 - config - INFO - 21177780 - RUIZ GOMEZ MARIA CECILIA - ruizmariacecilia24@gmail.com
2025-10-30 12:50:39,262 - config - INFO - Se consultó el usuario: 21177780
2025-10-30 12:50:41,397 - config - INFO - Se ingresa a editar usuario
2025-10-30 12:50:41,397 - config - INFO - Se prepara para escribir el correo: ruizmariacecilia24@gmail.com
2025-10-30 12:50:44,436 - config - INFO - Se escribió el correo: ruizmariacecilia24@gmail.com
2025-10-30 12:50:44,437 - config - INFO - Se prepara para confirmar el correo: ruizmariacecilia24@gmail.com
2025-10-30 12:50:47,483 - config - INFO - Se confirma el correo: ruizmariacecilia24@gmail.com
2025-10-30 12:50:56,770 - config - INFO - Correo actualizado correctamente: ruizmariacecilia24@gmail.com
2025-10-30 12:51:01,852 - config - INFO - Campo de identificación encontrado. Actualización exitosa.
2025-10-30 12:51:05,945 - config - INFO - Se prepara para consultar el siguiente usuario:
2025-10-30 12:51:05,946 - config - INFO - 40374731 - SAAVEDRA OLGA JANETH - Olgayanethsaavedra@gmail.com
2025-10-30 12:51:08,037 - config - INFO - Se consultó el usuario: 40374731
2025-10-30 12:51:10,175 - config - INFO - Se ingresa a editar usuario
2025-10-30 12:51:10,175 - config - INFO - Se prepara para escribir el correo: Olgayanethsaavedra@gmail.com
2025-10-30 12:51:13,211 - config - INFO - Se escribió el correo: Olgayanethsaavedra@gmail.com
2025-10-30 12:51:13,211 - config - INFO - Se prepara para confirmar el correo: Olgayanethsaavedra@gmail.com
2025-10-30 12:51:16,270 - config - INFO - Se confirma el correo: Olgayanethsaavedra@gmail.com
2025-10-30 12:51:25,585 - config - INFO - Correo actualizado correctamente: Olgayanethsaavedra@gmail.com
2025-10-30 12:51:30,673 - config - INFO - Campo de identificación encontrado. Actualización exitosa.
2025-10-30 12:51:34,759 - config - INFO - Se prepara para consultar el siguiente usuario:
2025-10-30 12:51:34,759 - config - INFO - 1123431065 - SABAS VALBUENA BRITSNEY YURLENY - britsneyvalbuena02@gmail.com
2025-10-30 12:51:36,836 - config - INFO - Se consultó el usuario: 1123431065
2025-10-30 12:51:38,972 - config - INFO - Se ingresa a editar usuario
2025-10-30 12:51:38,972 - config - INFO - Se prepara para escribir el correo: britsneyvalbuena02@gmail.com
2025-10-30 12:51:42,009 - config - INFO - Se escribió el correo: britsneyvalbuena02@gmail.com
2025-10-30 12:51:42,009 - config - INFO - Se prepara para confirmar el correo: britsneyvalbuena02@gmail.com
2025-10-30 12:51:45,045 - config - INFO - Se confirma el correo: britsneyvalbuena02@gmail.com
2025-10-30 12:51:54,355 - config - INFO - Correo actualizado correctamente: britsneyvalbuena02@gmail.com
2025-10-30 12:51:59,433 - config - INFO - Campo de identificación encontrado. Actualización exitosa.
2025-10-30 12:52:03,522 - config - INFO - Se prepara para consultar el siguiente usuario:
2025-10-30 12:52:03,522 - config - INFO - 86043139 - SALAMANCA GUTIERREZ RICARDO LEON - gutierrezrisala1904@gmail.com
2025-10-30 12:52:05,610 - config - INFO - Se consultó el usuario: 86043139
2025-10-30 12:52:07,754 - config - INFO - Se ingresa a editar usuario
2025-10-30 12:52:07,755 - config - INFO - Se prepara para escribir el correo: gutierrezrisala1904@gmail.com
2025-10-30 12:52:10,792 - config - INFO - Se escribió el correo: gutierrezrisala1904@gmail.com
2025-10-30 12:52:10,793 - config - INFO - Se prepara para confirmar el correo: gutierrezrisala1904@gmail.com
2025-10-30 12:52:13,840 - config - INFO - Se confirma el correo: gutierrezrisala1904@gmail.com
2025-10-30 12:52:23,162 - config - INFO - Correo actualizado correctamente: gutierrezrisala1904@gmail.com
2025-10-30 12:52:28,262 - config - INFO - Campo de identificación encontrado. Actualización exitosa.
2025-10-30 12:52:32,339 - config - INFO - Se prepara para consultar el siguiente usuario:
2025-10-30 12:52:32,340 - config - INFO - 40316428 - SALAMANCA RAMOS YANETH - ysalamancaramos@gmail.com
2025-10-30 12:52:34,431 - config - INFO - Se consultó el usuario: 40316428
2025-10-30 12:52:36,562 - config - INFO - Se ingresa a editar usuario
2025-10-30 12:52:36,563 - config - INFO - Se prepara para escribir el correo: ysalamancaramos@gmail.com
2025-10-30 12:52:39,606 - config - INFO - Se escribió el correo: ysalamancaramos@gmail.com
2025-10-30 12:52:39,606 - config - INFO - Se prepara para confirmar el correo: ysalamancaramos@gmail.com
2025-10-30 12:52:42,647 - config - INFO - Se confirma el correo: ysalamancaramos@gmail.com
2025-10-30 12:52:51,932 - config - INFO - Correo actualizado correctamente: ysalamancaramos@gmail.com
2025-10-30 12:52:57,033 - config - INFO - Campo de identificación encontrado. Actualización exitosa.
2025-10-30 12:53:01,147 - config - INFO - Se prepara para consultar el siguiente usuario:
2025-10-30 12:53:01,147 - config - INFO - 1120504886 - SALCEDO JAIMES YAMILE - salcedoyamile50@gmail.com
2025-10-30 12:53:03,254 - config - INFO - Se consultó el usuario: 1120504886
2025-10-30 12:53:05,380 - config - INFO - Se ingresa a editar usuario
2025-10-30 12:53:05,380 - config - INFO - Se prepara para escribir el correo: salcedoyamile50@gmail.com
2025-10-30 12:53:08,426 - config - INFO - Se escribió el correo: salcedoyamile50@gmail.com
2025-10-30 12:53:08,426 - config - INFO - Se prepara para confirmar el correo: salcedoyamile50@gmail.com
2025-10-30 12:53:11,462 - config - INFO - Se confirma el correo: salcedoyamile50@gmail.com
2025-10-30 12:53:20,757 - config - INFO - Correo actualizado correctamente: salcedoyamile50@gmail.com
2025-10-30 12:53:25,834 - config - INFO - Campo de identificación encontrado. Actualización exitosa.
2025-10-30 12:53:29,914 - config - INFO - Se prepara para consultar el siguiente usuario:
2025-10-30 12:53:29,914 - config - INFO - 1122652449 - SALCEDO ROJAS KENIA SHIRLEY - keniassr@hotmail.com
2025-10-30 12:53:32,000 - config - INFO - Se consultó el usuario: 1122652449
2025-10-30 12:53:34,150 - config - INFO - Se ingresa a editar usuario
2025-10-30 12:53:34,150 - config - INFO - Se prepara para escribir el correo: keniassr@hotmail.com
2025-10-30 12:53:37,186 - config - INFO - Se escribió el correo: keniassr@hotmail.com
2025-10-30 12:53:37,186 - config - INFO - Se prepara para confirmar el correo: keniassr@hotmail.com
2025-10-30 12:53:40,224 - config - INFO - Se confirma el correo: keniassr@hotmail.com
2025-10-30 12:53:49,611 - config - INFO - Correo actualizado correctamente: keniassr@hotmail.com
2025-10-30 12:53:54,717 - config - INFO - Campo de identificación encontrado. Actualización exitosa.
2025-10-30 12:53:58,794 - config - INFO - Se prepara para consultar el siguiente usuario:
2025-10-30 12:53:58,795 - config - INFO - 30001167 - SANABRIA DE ZAMORA BERENICE - berenisesanabria915@gmail.com
2025-10-30 12:54:00,898 - config - INFO - Se consultó el usuario: 30001167
2025-10-30 12:54:03,058 - config - INFO - Se ingresa a editar usuario
2025-10-30 12:54:03,058 - config - INFO - Se prepara para escribir el correo: berenisesanabria915@gmail.com
2025-10-30 12:54:06,097 - config - INFO - Se escribió el correo: berenisesanabria915@gmail.com
2025-10-30 12:54:06,097 - config - INFO - Se prepara para confirmar el correo: berenisesanabria915@gmail.com
2025-10-30 12:54:09,139 - config - INFO - Se confirma el correo: berenisesanabria915@gmail.com
2025-10-30 12:54:18,446 - config - INFO - Correo actualizado correctamente: berenisesanabria915@gmail.com
2025-10-30 12:54:23,534 - config - INFO - Campo de identificación encontrado. Actualización exitosa.
2025-10-30 12:54:27,632 - config - INFO - Se prepara para consultar el siguiente usuario:
2025-10-30 12:54:27,632 - config - INFO - 1121892958 - SANABRIA ESPINOSA KELLIN ADRIANA - ksanabriaespinosa@gmail.com
2025-10-30 12:54:29,723 - config - INFO - Se consultó el usuario: 1121892958
2025-10-30 12:54:31,860 - config - INFO - Se ingresa a editar usuario
2025-10-30 12:54:31,860 - config - INFO - Se prepara para escribir el correo: ksanabriaespinosa@gmail.com
2025-10-30 12:54:34,903 - config - INFO - Se escribió el correo: ksanabriaespinosa@gmail.com
2025-10-30 12:54:34,903 - config - INFO - Se prepara para confirmar el correo: ksanabriaespinosa@gmail.com
2025-10-30 12:54:37,934 - config - INFO - Se confirma el correo: ksanabriaespinosa@gmail.com
2025-10-30 12:54:47,250 - config - INFO - Correo actualizado correctamente: ksanabriaespinosa@gmail.com
2025-10-30 12:54:52,342 - config - INFO - Campo de identificación encontrado. Actualización exitosa.
2025-10-30 12:54:56,435 - config - INFO - Se prepara para consultar el siguiente usuario:
2025-10-30 12:54:56,435 - config - INFO - 1122627123 - SANABRIA LOPEZ JULIETH PAOLA - jpsl.fac@gmail.com
2025-10-30 12:54:58,513 - config - INFO - Se consultó el usuario: 1122627123
2025-10-30 12:55:00,665 - config - INFO - Se ingresa a editar usuario
2025-10-30 12:55:00,665 - config - INFO - Se prepara para escribir el correo: jpsl.fac@gmail.com
2025-10-30 12:55:03,706 - config - INFO - Se escribió el correo: jpsl.fac@gmail.com
2025-10-30 12:55:03,707 - config - INFO - Se prepara para confirmar el correo: jpsl.fac@gmail.com
2025-10-30 12:55:06,742 - config - INFO - Se confirma el correo: jpsl.fac@gmail.com
2025-10-30 12:55:16,025 - config - INFO - Correo actualizado correctamente: jpsl.fac@gmail.com
2025-10-30 12:55:21,101 - config - INFO - Campo de identificación encontrado. Actualización exitosa.
2025-10-30 12:55:25,194 - config - INFO - Se prepara para consultar el siguiente usuario:
2025-10-30 12:55:25,194 - config - INFO - 40444722 - SANABRIA NIMISICA BERTHA ELIZABETH - berthaelizabeth1977@gmail.com
2025-10-30 12:55:27,269 - config - INFO - Se consultó el usuario: 40444722
2025-10-30 12:55:29,429 - config - INFO - Se ingresa a editar usuario
2025-10-30 12:55:29,430 - config - INFO - Se prepara para escribir el correo: berthaelizabeth1977@gmail.com
2025-10-30 12:55:32,467 - config - INFO - Se escribió el correo: berthaelizabeth1977@gmail.com
2025-10-30 12:55:32,467 - config - INFO - Se prepara para confirmar el correo: berthaelizabeth1977@gmail.com
2025-10-30 12:55:35,496 - config - INFO - Se confirma el correo: berthaelizabeth1977@gmail.com
2025-10-30 12:55:44,815 - config - INFO - Correo actualizado correctamente: berthaelizabeth1977@gmail.com
2025-10-30 12:55:49,910 - config - INFO - Campo de identificación encontrado. Actualización exitosa.
2025-10-30 12:55:53,979 - config - INFO - Se prepara para consultar el siguiente usuario:
2025-10-30 12:55:53,979 - config - INFO - 1123565795 - SANCHEZ GUZMAN GLORIA PIEDAD - gloriasaguz@gmail.com
2025-10-30 12:55:56,071 - config - INFO - Se consultó el usuario: 1123565795
2025-10-30 12:55:58,235 - config - INFO - Se ingresa a editar usuario
2025-10-30 12:55:58,235 - config - INFO - Se prepara para escribir el correo: gloriasaguz@gmail.com
2025-10-30 12:56:01,275 - config - INFO - Se escribió el correo: gloriasaguz@gmail.com
2025-10-30 12:56:01,275 - config - INFO - Se prepara para confirmar el correo: gloriasaguz@gmail.com
2025-10-30 12:56:04,316 - config - INFO - Se confirma el correo: gloriasaguz@gmail.com
2025-10-30 12:56:13,865 - config - INFO - Correo actualizado correctamente: gloriasaguz@gmail.com
2025-10-30 12:56:18,936 - config - INFO - Campo de identificación encontrado. Actualización exitosa.
2025-10-30 12:56:23,021 - config - INFO - Se prepara para consultar el siguiente usuario:
2025-10-30 12:56:23,021 - config - INFO - 1121888890 - SANCHEZ VARGAS VICTOR ROLANDO - rony05_25@hotmail.com
2025-10-30 12:56:25,107 - config - INFO - Se consultó el usuario: 1121888890
2025-10-30 12:56:27,258 - config - INFO - Se ingresa a editar usuario
2025-10-30 12:56:27,258 - config - INFO - Se prepara para escribir el correo: rony05_25@hotmail.com
2025-10-30 12:56:30,290 - config - INFO - Se escribió el correo: rony05_25@hotmail.com
2025-10-30 12:56:30,290 - config - INFO - Se prepara para confirmar el correo: rony05_25@hotmail.com
2025-10-30 12:56:33,342 - config - INFO - Se confirma el correo: rony05_25@hotmail.com
2025-10-30 12:56:42,638 - config - INFO - Correo actualizado correctamente: rony05_25@hotmail.com
2025-10-30 12:56:47,722 - config - INFO - Campo de identificación encontrado. Actualización exitosa.
2025-10-30 12:56:51,806 - config - INFO - Se prepara para consultar el siguiente usuario:
2025-10-30 12:56:51,806 - config - INFO - 1193112708 - SANTANA ROCHA ESTEFANI - estefannysantana20@outlook.com
2025-10-30 12:56:53,892 - config - INFO - Se consultó el usuario: 1193112708
2025-10-30 12:56:56,025 - config - INFO - Se ingresa a editar usuario
2025-10-30 12:56:56,025 - config - INFO - Se prepara para escribir el correo: estefannysantana20@outlook.com
2025-10-30 12:56:59,071 - config - INFO - Se escribió el correo: estefannysantana20@outlook.com
2025-10-30 12:56:59,072 - config - INFO - Se prepara para confirmar el correo: estefannysantana20@outlook.com
2025-10-30 12:57:02,105 - config - INFO - Se confirma el correo: estefannysantana20@outlook.com
2025-10-30 12:57:11,402 - config - INFO - Correo actualizado correctamente: estefannysantana20@outlook.com
2025-10-30 12:57:16,481 - config - INFO - Campo de identificación encontrado. Actualización exitosa.
2025-10-30 12:57:20,569 - config - INFO - Se prepara para consultar el siguiente usuario:
2025-10-30 12:57:20,569 - config - INFO - 1121895853 - SERNA ZAPATA ANGELICA LORENA - licangel18@hotmail.com
2025-10-30 12:57:22,652 - config - INFO - Se consultó el usuario: 1121895853
2025-10-30 12:57:24,812 - config - INFO - Se ingresa a editar usuario
2025-10-30 12:57:24,812 - config - INFO - Se prepara para escribir el correo: licangel18@hotmail.com
2025-10-30 12:57:27,854 - config - INFO - Se escribió el correo: licangel18@hotmail.com
2025-10-30 12:57:27,854 - config - INFO - Se prepara para confirmar el correo: licangel18@hotmail.com
2025-10-30 12:57:30,884 - config - INFO - Se confirma el correo: licangel18@hotmail.com
2025-10-30 12:57:40,195 - config - INFO - Correo actualizado correctamente: licangel18@hotmail.com
2025-10-30 12:57:45,269 - config - INFO - Campo de identificación encontrado. Actualización exitosa.
2025-10-30 12:57:49,348 - config - INFO - Se prepara para consultar el siguiente usuario:
2025-10-30 12:57:49,348 - config - INFO - 1006697920 - SERRANO CORREA ANGELICA MARIA - serranoangelica369@gmail.com
2025-10-30 12:57:51,428 - config - INFO - Se consultó el usuario: 1006697920
2025-10-30 12:57:53,636 - config - INFO - Se ingresa a editar usuario
2025-10-30 12:57:53,637 - config - INFO - Se prepara para escribir el correo: serranoangelica369@gmail.com
2025-10-30 12:57:56,714 - config - INFO - Se escribió el correo: serranoangelica369@gmail.com
2025-10-30 12:57:56,714 - config - INFO - Se prepara para confirmar el correo: serranoangelica369@gmail.com
2025-10-30 12:57:59,747 - config - INFO - Se confirma el correo: serranoangelica369@gmail.com
2025-10-30 12:58:09,055 - config - INFO - Correo actualizado correctamente: serranoangelica369@gmail.com
2025-10-30 12:58:14,137 - config - INFO - Campo de identificación encontrado. Actualización exitosa.
2025-10-30 12:58:18,231 - config - INFO - Se prepara para consultar el siguiente usuario:
2025-10-30 12:58:18,231 - config - INFO - 1121834547 - SERRANO CRUZ NASLY JULIANA - jireth.c_18@hotmail.com
2025-10-30 12:58:20,314 - config - INFO - Se consultó el usuario: 1121834547
2025-10-30 12:58:22,483 - config - INFO - Se ingresa a editar usuario
2025-10-30 12:58:22,483 - config - INFO - Se prepara para escribir el correo: jireth.c_18@hotmail.com
2025-10-30 12:58:25,525 - config - INFO - Se escribió el correo: jireth.c_18@hotmail.com
2025-10-30 12:58:25,526 - config - INFO - Se prepara para confirmar el correo: jireth.c_18@hotmail.com
2025-10-30 12:58:28,573 - config - INFO - Se confirma el correo: jireth.c_18@hotmail.com
2025-10-30 12:58:37,937 - config - INFO - Correo actualizado correctamente: jireth.c_18@hotmail.com
2025-10-30 12:58:43,043 - config - INFO - Campo de identificación encontrado. Actualización exitosa.
2025-10-30 12:58:47,191 - config - INFO - Se prepara para consultar el siguiente usuario:
2025-10-30 12:58:47,191 - config - INFO - 21225044 - SILVA AGUILERA BERTA - natysilva_21@hotmail.com
2025-10-30 12:58:49,264 - config - INFO - Se consultó el usuario: 21225044
2025-10-30 12:58:51,424 - config - INFO - Se ingresa a editar usuario
2025-10-30 12:58:51,425 - config - INFO - Se prepara para escribir el correo: natysilva_21@hotmail.com
2025-10-30 12:58:54,462 - config - INFO - Se escribió el correo: natysilva_21@hotmail.com
2025-10-30 12:58:54,462 - config - INFO - Se prepara para confirmar el correo: natysilva_21@hotmail.com
2025-10-30 12:58:57,505 - config - INFO - Se confirma el correo: natysilva_21@hotmail.com
2025-10-30 12:59:06,849 - config - INFO - Correo actualizado correctamente: natysilva_21@hotmail.com
2025-10-30 12:59:11,958 - config - INFO - Campo de identificación encontrado. Actualización exitosa.
2025-10-30 12:59:16,043 - config - INFO - Se prepara para consultar el siguiente usuario:
2025-10-30 12:59:16,043 - config - INFO - 70052315 - TABARES LIBARDO DEJESUS - ramos990419@gmail.com
2025-10-30 12:59:18,139 - config - INFO - Se consultó el usuario: 70052315
2025-10-30 12:59:20,281 - config - INFO - Se ingresa a editar usuario
2025-10-30 12:59:20,282 - config - INFO - Se prepara para escribir el correo: ramos990419@gmail.com
2025-10-30 12:59:23,318 - config - INFO - Se escribió el correo: ramos990419@gmail.com
2025-10-30 12:59:23,319 - config - INFO - Se prepara para confirmar el correo: ramos990419@gmail.com
2025-10-30 12:59:26,354 - config - INFO - Se confirma el correo: ramos990419@gmail.com
2025-10-30 12:59:35,653 - config - INFO - Correo actualizado correctamente: ramos990419@gmail.com
2025-10-30 12:59:47,744 - config - ERROR - No se encontró el campo de identificación tras actualizar.
2025-10-30 12:59:47,744 - config - INFO - Error al actualizar el usuario
2025-10-30 12:59:50,082 - config - INFO - Se prepara para consultar el siguiente usuario:
2025-10-30 12:59:50,082 - config - INFO - 1029982301 - TAMAYO MUÑOZ VALERY - tamayitorios1345@gmail.com
2025-10-30 12:59:52,173 - config - INFO - Se consultó el usuario: 1029982301
2025-10-30 12:59:54,297 - config - INFO - Se ingresa a editar usuario
2025-10-30 12:59:54,297 - config - INFO - Se prepara para escribir el correo: tamayitorios1345@gmail.com
2025-10-30 12:59:57,332 - config - INFO - Se escribió el correo: tamayitorios1345@gmail.com
2025-10-30 12:59:57,332 - config - INFO - Se prepara para confirmar el correo: tamayitorios1345@gmail.com
2025-10-30 13:00:00,375 - config - INFO - Se confirma el correo: tamayitorios1345@gmail.com
2025-10-30 13:00:09,689 - config - INFO - Correo actualizado correctamente: tamayitorios1345@gmail.com
2025-10-30 13:00:14,780 - config - INFO - Campo de identificación encontrado. Actualización exitosa.
2025-10-30 13:00:18,866 - config - INFO - Se prepara para consultar el siguiente usuario:
2025-10-30 13:00:18,866 - config - INFO - 40437823 - TAPIAS OVIEDO MARIA DELACRUZ - mariatap19@gmail.com
2025-10-30 13:00:20,941 - config - INFO - Se consultó el usuario: 40437823
2025-10-30 13:00:23,113 - config - INFO - Se ingresa a editar usuario
2025-10-30 13:00:23,114 - config - INFO - Se prepara para escribir el correo: mariatap19@gmail.com
2025-10-30 13:00:26,155 - config - INFO - Se escribió el correo: mariatap19@gmail.com
2025-10-30 13:00:26,156 - config - INFO - Se prepara para confirmar el correo: mariatap19@gmail.com
2025-10-30 13:00:29,186 - config - INFO - Se confirma el correo: mariatap19@gmail.com
2025-10-30 13:00:38,482 - config - INFO - Correo actualizado correctamente: mariatap19@gmail.com
2025-10-30 13:00:50,583 - config - ERROR - No se encontró el campo de identificación tras actualizar.
2025-10-30 13:00:50,584 - config - INFO - Error al actualizar el usuario
2025-10-30 13:00:52,927 - config - INFO - Se prepara para consultar el siguiente usuario:
2025-10-30 13:00:52,927 - config - INFO - 1121954556 - TORRES SAAVEDRA YUDY ANDREA - andreatorressaavedra@gmail.com
2025-10-30 13:00:55,013 - config - INFO - Se consultó el usuario: 1121954556
2025-10-30 13:00:57,145 - config - INFO - Se ingresa a editar usuario
2025-10-30 13:00:57,145 - config - INFO - Se prepara para escribir el correo: andreatorressaavedra@gmail.com
2025-10-30 13:01:00,183 - config - INFO - Se escribió el correo: andreatorressaavedra@gmail.com
2025-10-30 13:01:00,183 - config - INFO - Se prepara para confirmar el correo: andreatorressaavedra@gmail.com
2025-10-30 13:01:03,230 - config - INFO - Se confirma el correo: andreatorressaavedra@gmail.com
2025-10-30 13:01:12,537 - config - INFO - Correo actualizado correctamente: andreatorressaavedra@gmail.com
2025-10-30 13:01:17,621 - config - INFO - Campo de identificación encontrado. Actualización exitosa.
2025-10-30 13:01:21,722 - config - INFO - Se prepara para consultar el siguiente usuario:
2025-10-30 13:01:21,722 - config - INFO - 1121961333 - TUNJANO PLAZAS DANIELA - danielaplazas18@hotmail.com
2025-10-30 13:01:23,787 - config - INFO - Se consultó el usuario: 1121961333
2025-10-30 13:01:25,911 - config - INFO - Se ingresa a editar usuario
2025-10-30 13:01:25,912 - config - INFO - Se prepara para escribir el correo: danielaplazas18@hotmail.com
2025-10-30 13:01:28,949 - config - INFO - Se escribió el correo: danielaplazas18@hotmail.com
2025-10-30 13:01:28,949 - config - INFO - Se prepara para confirmar el correo: danielaplazas18@hotmail.com
2025-10-30 13:01:31,977 - config - INFO - Se confirma el correo: danielaplazas18@hotmail.com
2025-10-30 13:01:41,261 - config - INFO - Correo actualizado correctamente: danielaplazas18@hotmail.com
2025-10-30 13:01:46,342 - config - INFO - Campo de identificación encontrado. Actualización exitosa.
2025-10-30 13:01:50,474 - config - INFO - Se prepara para consultar el siguiente usuario:
2025-10-30 13:01:50,475 - config - INFO - 21236845 - VALBUENA MARIA LUZ - mlvalbuena1959@gmail.com
2025-10-30 13:01:52,559 - config - INFO - Se consultó el usuario: 21236845
2025-10-30 13:01:54,738 - config - INFO - Se ingresa a editar usuario
2025-10-30 13:01:54,738 - config - INFO - Se prepara para escribir el correo: mlvalbuena1959@gmail.com
2025-10-30 13:01:57,783 - config - INFO - Se escribió el correo: mlvalbuena1959@gmail.com
2025-10-30 13:01:57,783 - config - INFO - Se prepara para confirmar el correo: mlvalbuena1959@gmail.com
2025-10-30 13:02:00,830 - config - INFO - Se confirma el correo: mlvalbuena1959@gmail.com
2025-10-30 13:02:10,276 - config - INFO - Correo actualizado correctamente: mlvalbuena1959@gmail.com
2025-10-30 13:02:15,382 - config - INFO - Campo de identificación encontrado. Actualización exitosa.
2025-10-30 13:02:19,496 - config - INFO - Se prepara para consultar el siguiente usuario:
2025-10-30 13:02:19,496 - config - INFO - 21183385 - VARON MARTINEZ CLAUDIA CRISTINA - crisvar0106@hotmail.com
2025-10-30 13:02:21,610 - config - INFO - Se consultó el usuario: 21183385
2025-10-30 13:02:23,766 - config - INFO - Se ingresa a editar usuario
2025-10-30 13:02:23,766 - config - INFO - Se prepara para escribir el correo: crisvar0106@hotmail.com
2025-10-30 13:02:26,807 - config - INFO - Se escribió el correo: crisvar0106@hotmail.com
2025-10-30 13:02:26,807 - config - INFO - Se prepara para confirmar el correo: crisvar0106@hotmail.com
2025-10-30 13:02:29,850 - config - INFO - Se confirma el correo: crisvar0106@hotmail.com
2025-10-30 13:02:39,151 - config - INFO - Correo actualizado correctamente: crisvar0106@hotmail.com
2025-10-30 13:02:44,235 - config - INFO - Campo de identificación encontrado. Actualización exitosa.
2025-10-30 13:02:48,321 - config - INFO - Se prepara para consultar el siguiente usuario:
2025-10-30 13:02:48,321 - config - INFO - 37821052 - VEGA ALVAREZ OLGA - olgavega52@hotmail.com
2025-10-30 13:02:50,410 - config - INFO - Se consultó el usuario: 37821052
2025-10-30 13:02:52,572 - config - INFO - Se ingresa a editar usuario
2025-10-30 13:02:52,573 - config - INFO - Se prepara para escribir el correo: olgavega52@hotmail.com
2025-10-30 13:02:55,618 - config - INFO - Se escribió el correo: olgavega52@hotmail.com
2025-10-30 13:02:55,618 - config - INFO - Se prepara para confirmar el correo: olgavega52@hotmail.com
2025-10-30 13:02:58,667 - config - INFO - Se confirma el correo: olgavega52@hotmail.com
2025-10-30 13:03:07,998 - config - INFO - Correo actualizado correctamente: olgavega52@hotmail.com
2025-10-30 13:03:13,091 - config - INFO - Campo de identificación encontrado. Actualización exitosa.
2025-10-30 13:03:17,165 - config - INFO - Se prepara para consultar el siguiente usuario:
2025-10-30 13:03:17,165 - config - INFO - 1116809197 - VEGA TINEO NURY MARIA - veganuris3@gmail.com
2025-10-30 13:03:19,250 - config - INFO - Se consultó el usuario: 1116809197
2025-10-30 13:03:21,407 - config - INFO - Se ingresa a editar usuario
2025-10-30 13:03:21,407 - config - INFO - Se prepara para escribir el correo: veganuris3@gmail.com
2025-10-30 13:03:24,453 - config - INFO - Se escribió el correo: veganuris3@gmail.com
2025-10-30 13:03:24,453 - config - INFO - Se prepara para confirmar el correo: veganuris3@gmail.com
2025-10-30 13:03:27,497 - config - INFO - Se confirma el correo: veganuris3@gmail.com
2025-10-30 13:03:36,800 - config - INFO - Correo actualizado correctamente: veganuris3@gmail.com
2025-10-30 13:03:41,886 - config - INFO - Campo de identificación encontrado. Actualización exitosa.
2025-10-30 13:03:46,017 - config - INFO - Se prepara para consultar el siguiente usuario:
2025-10-30 13:03:46,017 - config - INFO - 1006859731 - VELANDIA CLAVIJO CAMILA ALEJANDRA - camilaalejandravelandia@gmail.com
2025-10-30 13:03:48,134 - config - INFO - Se consultó el usuario: 1006859731
2025-10-30 13:03:50,277 - config - INFO - Se ingresa a editar usuario
2025-10-30 13:03:50,277 - config - INFO - Se prepara para escribir el correo: camilaalejandravelandia@gmail.com
2025-10-30 13:03:53,316 - config - INFO - Se escribió el correo: camilaalejandravelandia@gmail.com
2025-10-30 13:03:53,316 - config - INFO - Se prepara para confirmar el correo: camilaalejandravelandia@gmail.com
2025-10-30 13:03:56,357 - config - INFO - Se confirma el correo: camilaalejandravelandia@gmail.com
2025-10-30 13:04:05,662 - config - INFO - Correo actualizado correctamente: camilaalejandravelandia@gmail.com
2025-10-30 13:04:10,768 - config - INFO - Campo de identificación encontrado. Actualización exitosa.
2025-10-30 13:04:14,873 - config - INFO - Se prepara para consultar el siguiente usuario:
2025-10-30 13:04:14,873 - config - INFO - 30030986 - VICTORIA LEON ALICIA - aliciavictoria88@hotmail.com
2025-10-30 13:04:16,945 - config - INFO - Se consultó el usuario: 30030986
2025-10-30 13:04:19,088 - config - INFO - Se ingresa a editar usuario
2025-10-30 13:04:19,089 - config - INFO - Se prepara para escribir el correo: aliciavictoria88@hotmail.com
2025-10-30 13:04:22,137 - config - INFO - Se escribió el correo: aliciavictoria88@hotmail.com
2025-10-30 13:04:22,138 - config - INFO - Se prepara para confirmar el correo: aliciavictoria88@hotmail.com
2025-10-30 13:04:25,183 - config - INFO - Se confirma el correo: aliciavictoria88@hotmail.com
2025-10-30 13:04:34,642 - config - INFO - Correo actualizado correctamente: aliciavictoria88@hotmail.com
2025-10-30 13:04:39,812 - config - INFO - Campo de identificación encontrado. Actualización exitosa.
2025-10-30 13:04:43,918 - config - INFO - Se prepara para consultar el siguiente usuario:
2025-10-30 13:04:43,919 - config - INFO - 1121916243 - YEPES PINEDA KELLY ANDREA - Kellyyepes27@gmail.com
2025-10-30 13:04:46,008 - config - INFO - Se consultó el usuario: 1121916243
2025-10-30 13:04:48,164 - config - INFO - Se ingresa a editar usuario
2025-10-30 13:04:48,164 - config - INFO - Se prepara para escribir el correo: Kellyyepes27@gmail.com
2025-10-30 13:04:51,209 - config - INFO - Se escribió el correo: Kellyyepes27@gmail.com
2025-10-30 13:04:51,209 - config - INFO - Se prepara para confirmar el correo: Kellyyepes27@gmail.com
2025-10-30 13:04:54,252 - config - INFO - Se confirma el correo: Kellyyepes27@gmail.com
2025-10-30 13:05:03,570 - config - INFO - Correo actualizado correctamente: Kellyyepes27@gmail.com
2025-10-30 13:05:08,658 - config - INFO - Campo de identificación encontrado. Actualización exitosa.
2025-10-30 13:05:12,772 - config - INFO - Se prepara para consultar el siguiente usuario:
2025-10-30 13:05:12,772 - config - INFO - 40381104 - ZAMORA BALLEN LIDA ROCIO - lidazamor@gmail.com
2025-10-30 13:05:14,850 - config - INFO - Se consultó el usuario: 40381104
2025-10-30 13:05:17,013 - config - INFO - Se ingresa a editar usuario
2025-10-30 13:05:17,013 - config - INFO - Se prepara para escribir el correo: lidazamor@gmail.com
2025-10-30 13:05:20,064 - config - INFO - Se escribió el correo: lidazamor@gmail.com
2025-10-30 13:05:20,065 - config - INFO - Se prepara para confirmar el correo: lidazamor@gmail.com
2025-10-30 13:05:23,101 - config - INFO - Se confirma el correo: lidazamor@gmail.com
2025-10-30 13:05:32,389 - config - INFO - Correo actualizado correctamente: lidazamor@gmail.com
2025-10-30 13:05:44,473 - config - ERROR - No se encontró el campo de identificación tras actualizar.
2025-10-30 13:05:44,473 - config - INFO - Error al actualizar el usuario
