2025-10-24 16:52:28,113 - config - INFO - Se procede a iniciar sesion
2025-10-24 16:52:54,040 - config - INFO - Se incia sesion correctamente
2025-10-24 16:53:17,049 - config - INFO - Se ingresa al modulo de URL_ADMIN_USUARIOS
2025-10-24 16:53:22,102 - config - INFO - esperando
2025-10-24 16:53:22,111 - config - INFO - Total de filas encontradas: 10
2025-10-24 16:53:24,144 - config - INFO - Fila 1 - color: rgb(45, 172, 49)
2025-10-24 16:53:24,227 - config - INFO - Clic en radio de fila 1
2025-10-24 16:53:28,386 - config - INFO - Registro actualizado correctamente
2025-10-24 16:53:28,386 - config - INFO - Registro actualizado.
2025-10-24 16:53:30,916 - config - INFO - Fila 2 - color: rgb(45, 172, 49)
2025-10-24 16:53:30,946 - config - INFO - Clic en radio de fila 2
2025-10-24 16:53:35,062 - config - INFO - Registro actualizado correctamente
2025-10-24 16:53:35,063 - config - INFO - Registro actualizado.
2025-10-24 16:53:37,659 - config - INFO - Fila 3 - color: rgb(45, 172, 49)
2025-10-24 16:53:37,692 - config - INFO - Clic en radio de fila 3
2025-10-24 16:53:41,806 - config - INFO - Registro actualizado correctamente
2025-10-24 16:53:41,807 - config - INFO - Registro actualizado.
2025-10-24 16:53:44,409 - config - INFO - Fila 4 - color: rgb(45, 172, 49)
2025-10-24 16:53:44,454 - config - INFO - Clic en radio de fila 4
2025-10-24 16:53:48,582 - config - INFO - Registro actualizado correctamente
2025-10-24 16:53:48,582 - config - INFO - Registro actualizado.
2025-10-24 16:53:51,150 - config - INFO - Fila 5 - color: rgb(45, 172, 49)
2025-10-24 16:53:51,199 - config - INFO - Clic en radio de fila 5
2025-10-24 16:53:55,311 - config - INFO - Registro actualizado correctamente
2025-10-24 16:53:55,311 - config - INFO - Registro actualizado.
2025-10-24 16:53:57,827 - config - INFO - Fila 6 - color: rgb(45, 172, 49)
2025-10-24 16:53:57,858 - config - INFO - Clic en radio de fila 6
2025-10-24 16:54:02,024 - config - INFO - Registro actualizado correctamente
2025-10-24 16:54:02,025 - config - INFO - Registro actualizado.
2025-10-24 16:54:04,655 - config - INFO - Fila 7 - color: rgb(45, 172, 49)
2025-10-24 16:54:04,780 - config - INFO - Clic en radio de fila 7
2025-10-24 16:54:09,817 - config - INFO - Registro actualizado correctamente
2025-10-24 16:54:09,817 - config - INFO - Registro actualizado.
2025-10-24 16:54:12,360 - config - INFO - Fila 8 - color: rgb(45, 172, 49)
2025-10-24 16:54:12,395 - config - INFO - Clic en radio de fila 8
2025-10-24 16:54:16,526 - config - INFO - Registro actualizado correctamente
2025-10-24 16:54:16,526 - config - INFO - Registro actualizado.
2025-10-24 16:54:19,212 - config - INFO - Fila 9 - color: rgb(45, 172, 49)
2025-10-24 16:54:19,240 - config - INFO - Clic en radio de fila 9
2025-10-24 16:54:23,388 - config - INFO - Registro actualizado correctamente
2025-10-24 16:54:23,388 - config - INFO - Registro actualizado.
2025-10-24 16:54:25,913 - config - INFO - Fila 10 - color: rgb(45, 172, 49)
2025-10-24 16:54:25,952 - config - INFO - Clic en radio de fila 10
2025-10-24 16:54:30,100 - config - INFO - Registro actualizado correctamente
2025-10-24 16:54:30,100 - config - INFO - Registro actualizado.
2025-10-24 16:54:35,738 - config - INFO - Total de filas encontradas: 10
2025-10-24 16:54:37,770 - config - INFO - Fila 1 - color: rgb(45, 172, 49)
2025-10-24 16:54:37,845 - config - INFO - Clic en radio de fila 1
2025-10-24 16:54:41,970 - config - INFO - Registro actualizado correctamente
2025-10-24 16:54:41,971 - config - INFO - Registro actualizado.
2025-10-24 16:54:42,484 - config - INFO - Intentando ir a la página 2...
2025-10-24 16:54:42,548 - config - INFO - Página 2 abierta correctamente.
2025-10-24 16:54:46,572 - config - INFO - Fila 2 - color: rgb(45, 172, 49)
2025-10-24 16:54:46,621 - config - INFO - Clic en radio de fila 2
2025-10-24 16:54:50,751 - config - INFO - Registro actualizado correctamente
2025-10-24 16:54:50,751 - config - INFO - Registro actualizado.
2025-10-24 16:54:51,857 - config - INFO - Intentando ir a la página 2...
2025-10-24 16:54:51,901 - config - INFO - Página 2 abierta correctamente.
2025-10-24 16:54:55,930 - config - INFO - Fila 3 - color: rgb(45, 172, 49)
2025-10-24 16:54:55,963 - config - INFO - Clic en radio de fila 3
2025-10-24 16:55:00,092 - config - INFO - Registro actualizado correctamente
2025-10-24 16:55:00,092 - config - INFO - Registro actualizado.
2025-10-24 16:55:00,687 - config - INFO - Intentando ir a la página 2...
2025-10-24 16:55:00,750 - config - INFO - Página 2 abierta correctamente.
2025-10-24 16:55:04,768 - config - INFO - Fila 4 - color: rgb(45, 172, 49)
2025-10-24 16:55:04,802 - config - INFO - Clic en radio de fila 4
2025-10-24 16:55:08,935 - config - INFO - Registro actualizado correctamente
2025-10-24 16:55:08,935 - config - INFO - Registro actualizado.
2025-10-24 16:55:09,785 - config - INFO - Intentando ir a la página 2...
2025-10-24 16:55:09,867 - config - INFO - Página 2 abierta correctamente.
2025-10-24 16:55:13,900 - config - INFO - Fila 5 - color: rgb(45, 172, 49)
2025-10-24 16:55:13,929 - config - INFO - Clic en radio de fila 5
2025-10-24 16:55:18,046 - config - INFO - Registro actualizado correctamente
2025-10-24 16:55:18,046 - config - INFO - Registro actualizado.
2025-10-24 16:55:18,683 - config - INFO - Intentando ir a la página 2...
2025-10-24 16:55:18,749 - config - INFO - Página 2 abierta correctamente.
2025-10-24 16:55:22,780 - config - INFO - Fila 6 - color: rgb(45, 172, 49)
2025-10-24 16:55:22,821 - config - INFO - Clic en radio de fila 6
2025-10-24 16:55:26,952 - config - INFO - Registro actualizado correctamente
2025-10-24 16:55:26,952 - config - INFO - Registro actualizado.
2025-10-24 16:55:27,502 - config - INFO - Intentando ir a la página 2...
2025-10-24 16:55:27,579 - config - INFO - Página 2 abierta correctamente.
2025-10-24 16:55:31,602 - config - INFO - Fila 7 - color: rgb(45, 172, 49)
2025-10-24 16:55:31,650 - config - INFO - Clic en radio de fila 7
2025-10-24 16:55:35,780 - config - INFO - Registro actualizado correctamente
2025-10-24 16:55:35,780 - config - INFO - Registro actualizado.
2025-10-24 16:55:36,406 - config - INFO - Intentando ir a la página 2...
2025-10-24 16:55:36,474 - config - INFO - Página 2 abierta correctamente.
2025-10-24 16:55:40,509 - config - INFO - Fila 8 - color: rgb(45, 172, 49)
2025-10-24 16:55:40,540 - config - INFO - Clic en radio de fila 8
2025-10-24 16:55:44,681 - config - INFO - Registro actualizado correctamente
2025-10-24 16:55:44,682 - config - INFO - Registro actualizado.
2025-10-24 16:55:45,179 - config - INFO - Intentando ir a la página 2...
2025-10-24 16:55:45,244 - config - INFO - Página 2 abierta correctamente.
2025-10-24 16:55:49,272 - config - INFO - Fila 9 - color: rgb(45, 172, 49)
2025-10-24 16:55:49,298 - config - INFO - Clic en radio de fila 9
2025-10-24 16:55:53,415 - config - INFO - Registro actualizado correctamente
2025-10-24 16:55:53,416 - config - INFO - Registro actualizado.
2025-10-24 16:55:53,901 - config - INFO - Intentando ir a la página 2...
2025-10-24 16:55:53,972 - config - INFO - Página 2 abierta correctamente.
2025-10-24 16:55:58,000 - config - INFO - Fila 10 - color: rgb(45, 172, 49)
2025-10-24 16:55:58,042 - config - INFO - Clic en radio de fila 10
2025-10-24 16:56:02,191 - config - INFO - Registro actualizado correctamente
2025-10-24 16:56:02,191 - config - INFO - Registro actualizado.
2025-10-24 16:56:02,985 - config - INFO - Intentando ir a la página 2...
2025-10-24 16:56:03,049 - config - INFO - Página 2 abierta correctamente.
2025-10-24 16:56:10,186 - config - INFO - Total de filas encontradas: 10
2025-10-24 16:56:12,216 - config - INFO - Fila 1 - color: rgb(45, 172, 49)
2025-10-24 16:56:12,283 - config - INFO - Clic en radio de fila 1
2025-10-24 16:56:16,412 - config - INFO - Registro actualizado correctamente
2025-10-24 16:56:16,412 - config - INFO - Registro actualizado.
2025-10-24 16:56:16,973 - config - INFO - Intentando ir a la página 3...
2025-10-24 16:56:17,055 - config - INFO - Página 3 abierta correctamente.
2025-10-24 16:56:21,086 - config - INFO - Fila 2 - color: rgb(45, 172, 49)
2025-10-24 16:56:21,125 - config - INFO - Clic en radio de fila 2
2025-10-24 16:56:26,945 - config - INFO - Registro actualizado correctamente
2025-10-24 16:56:26,946 - config - INFO - Registro actualizado.
2025-10-24 16:56:27,445 - config - INFO - Intentando ir a la página 3...
2025-10-24 16:56:27,511 - config - INFO - Página 3 abierta correctamente.
2025-10-24 16:56:31,541 - config - INFO - Fila 3 - color: rgb(45, 172, 49)
2025-10-24 16:56:31,601 - config - INFO - Clic en radio de fila 3
2025-10-24 16:56:35,694 - config - INFO - Registro actualizado correctamente
2025-10-24 16:56:35,694 - config - INFO - Registro actualizado.
2025-10-24 16:56:36,221 - config - INFO - Intentando ir a la página 3...
2025-10-24 16:56:36,291 - config - INFO - Página 3 abierta correctamente.
2025-10-24 16:56:40,328 - config - INFO - Fila 4 - color: rgb(45, 172, 49)
2025-10-24 16:56:40,380 - config - INFO - Clic en radio de fila 4
2025-10-24 16:56:44,542 - config - INFO - Registro actualizado correctamente
2025-10-24 16:56:44,542 - config - INFO - Registro actualizado.
2025-10-24 16:56:45,065 - config - INFO - Intentando ir a la página 3...
2025-10-24 16:56:45,147 - config - INFO - Página 3 abierta correctamente.
2025-10-24 16:56:49,179 - config - INFO - Fila 5 - color: rgb(45, 172, 49)
2025-10-24 16:56:49,220 - config - INFO - Clic en radio de fila 5
2025-10-24 16:56:53,349 - config - INFO - Registro actualizado correctamente
2025-10-24 16:56:53,350 - config - INFO - Registro actualizado.
2025-10-24 16:56:53,941 - config - INFO - Intentando ir a la página 3...
2025-10-24 16:56:54,004 - config - INFO - Página 3 abierta correctamente.
2025-10-24 16:56:58,034 - config - INFO - Fila 6 - color: rgb(45, 172, 49)
2025-10-24 16:56:58,076 - config - INFO - Clic en radio de fila 6
2025-10-24 16:57:02,209 - config - INFO - Registro actualizado correctamente
2025-10-24 16:57:02,210 - config - INFO - Registro actualizado.
2025-10-24 16:57:02,828 - config - INFO - Intentando ir a la página 3...
2025-10-24 16:57:02,933 - config - INFO - Página 3 abierta correctamente.
2025-10-24 16:57:06,963 - config - INFO - Fila 7 - color: rgb(45, 172, 49)
2025-10-24 16:57:07,003 - config - INFO - Clic en radio de fila 7
2025-10-24 16:57:11,137 - config - INFO - Registro actualizado correctamente
2025-10-24 16:57:11,138 - config - INFO - Registro actualizado.
2025-10-24 16:57:11,641 - config - INFO - Intentando ir a la página 3...
2025-10-24 16:57:11,726 - config - INFO - Página 3 abierta correctamente.
2025-10-24 16:57:15,758 - config - INFO - Fila 8 - color: rgb(45, 172, 49)
2025-10-24 16:57:15,796 - config - INFO - Clic en radio de fila 8
2025-10-24 16:57:19,929 - config - INFO - Registro actualizado correctamente
2025-10-24 16:57:19,929 - config - INFO - Registro actualizado.
2025-10-24 16:57:20,557 - config - INFO - Intentando ir a la página 3...
2025-10-24 16:57:20,637 - config - INFO - Página 3 abierta correctamente.
2025-10-24 16:57:24,676 - config - INFO - Fila 9 - color: rgb(45, 172, 49)
2025-10-24 16:57:24,705 - config - INFO - Clic en radio de fila 9
2025-10-24 16:57:28,870 - config - INFO - Registro actualizado correctamente
2025-10-24 16:57:28,871 - config - INFO - Registro actualizado.
2025-10-24 16:57:29,410 - config - INFO - Intentando ir a la página 3...
2025-10-24 16:57:29,477 - config - INFO - Página 3 abierta correctamente.
2025-10-24 16:57:33,509 - config - INFO - Fila 10 - color: rgb(45, 172, 49)
2025-10-24 16:57:33,548 - config - INFO - Clic en radio de fila 10
2025-10-24 16:57:37,663 - config - INFO - Registro actualizado correctamente
2025-10-24 16:57:37,663 - config - INFO - Registro actualizado.
2025-10-24 16:57:38,131 - config - INFO - Intentando ir a la página 3...
2025-10-24 16:57:38,203 - config - INFO - Página 3 abierta correctamente.
2025-10-24 16:57:45,296 - config - INFO - Total de filas encontradas: 10
2025-10-24 16:57:47,325 - config - INFO - Fila 1 - color: rgb(45, 172, 49)
2025-10-24 16:57:47,390 - config - INFO - Clic en radio de fila 1
2025-10-24 16:57:51,518 - config - INFO - Registro actualizado correctamente
2025-10-24 16:57:51,518 - config - INFO - Registro actualizado.
2025-10-24 16:57:52,064 - config - INFO - Intentando ir a la página 4...
2025-10-24 16:57:52,146 - config - INFO - Página 4 abierta correctamente.
2025-10-24 16:57:56,185 - config - INFO - Fila 2 - color: rgb(45, 172, 49)
2025-10-24 16:57:56,232 - config - INFO - Clic en radio de fila 2
2025-10-24 16:58:00,396 - config - INFO - Registro actualizado correctamente
2025-10-24 16:58:00,396 - config - INFO - Registro actualizado.
2025-10-24 16:58:00,861 - config - INFO - Intentando ir a la página 4...
2025-10-24 16:58:00,970 - config - INFO - Página 4 abierta correctamente.
2025-10-24 16:58:05,008 - config - INFO - Fila 3 - color: rgb(45, 172, 49)
2025-10-24 16:58:05,038 - config - INFO - Clic en radio de fila 3
2025-10-24 16:58:09,188 - config - INFO - Registro actualizado correctamente
2025-10-24 16:58:09,188 - config - INFO - Registro actualizado.
2025-10-24 16:58:09,719 - config - INFO - Intentando ir a la página 4...
2025-10-24 16:58:09,794 - config - INFO - Página 4 abierta correctamente.
2025-10-24 16:58:13,820 - config - INFO - Fila 4 - color: rgb(45, 172, 49)
2025-10-24 16:58:13,869 - config - INFO - Clic en radio de fila 4
2025-10-24 16:58:17,979 - config - INFO - Registro actualizado correctamente
2025-10-24 16:58:17,979 - config - INFO - Registro actualizado.
2025-10-24 16:58:18,510 - config - INFO - Intentando ir a la página 4...
2025-10-24 16:58:18,591 - config - INFO - Página 4 abierta correctamente.
2025-10-24 16:58:22,640 - config - INFO - Fila 5 - color: rgb(45, 172, 49)
2025-10-24 16:58:22,675 - config - INFO - Clic en radio de fila 5
2025-10-24 16:58:26,789 - config - INFO - Registro actualizado correctamente
2025-10-24 16:58:26,789 - config - INFO - Registro actualizado.
2025-10-24 16:58:27,305 - config - INFO - Intentando ir a la página 4...
2025-10-24 16:58:27,379 - config - INFO - Página 4 abierta correctamente.
2025-10-24 16:58:31,408 - config - INFO - Fila 6 - color: rgb(45, 172, 49)
2025-10-24 16:58:31,452 - config - INFO - Clic en radio de fila 6
2025-10-24 16:58:35,600 - config - INFO - Registro actualizado correctamente
2025-10-24 16:58:35,600 - config - INFO - Registro actualizado.
2025-10-24 16:58:36,153 - config - INFO - Intentando ir a la página 4...
2025-10-24 16:58:36,239 - config - INFO - Página 4 abierta correctamente.
2025-10-24 16:58:40,272 - config - INFO - Fila 7 - color: rgb(45, 172, 49)
2025-10-24 16:58:40,310 - config - INFO - Clic en radio de fila 7
2025-10-24 16:58:44,439 - config - INFO - Registro actualizado correctamente
2025-10-24 16:58:44,439 - config - INFO - Registro actualizado.
2025-10-24 16:58:44,947 - config - INFO - Intentando ir a la página 4...
2025-10-24 16:58:45,033 - config - INFO - Página 4 abierta correctamente.
2025-10-24 16:58:49,063 - config - INFO - Fila 8 - color: rgb(45, 172, 49)
2025-10-24 16:58:49,102 - config - INFO - Clic en radio de fila 8
2025-10-24 16:58:53,266 - config - INFO - Registro actualizado correctamente
2025-10-24 16:58:53,266 - config - INFO - Registro actualizado.
2025-10-24 16:58:53,819 - config - INFO - Intentando ir a la página 4...
2025-10-24 16:58:53,892 - config - INFO - Página 4 abierta correctamente.
2025-10-24 16:58:57,927 - config - INFO - Fila 9 - color: rgb(45, 172, 49)
2025-10-24 16:58:57,963 - config - INFO - Clic en radio de fila 9
2025-10-24 16:59:02,094 - config - INFO - Registro actualizado correctamente
2025-10-24 16:59:02,094 - config - INFO - Registro actualizado.
2025-10-24 16:59:02,645 - config - INFO - Intentando ir a la página 4...
2025-10-24 16:59:02,720 - config - INFO - Página 4 abierta correctamente.
2025-10-24 16:59:06,748 - config - INFO - Fila 10 - color: rgb(45, 172, 49)
2025-10-24 16:59:06,790 - config - INFO - Clic en radio de fila 10
2025-10-24 16:59:10,919 - config - INFO - Registro actualizado correctamente
2025-10-24 16:59:10,919 - config - INFO - Registro actualizado.
2025-10-24 16:59:11,462 - config - INFO - Intentando ir a la página 4...
2025-10-24 16:59:11,544 - config - INFO - Página 4 abierta correctamente.
2025-10-24 16:59:18,634 - config - INFO - Total de filas encontradas: 10
2025-10-24 16:59:20,660 - config - INFO - Fila 1 - color: rgb(45, 172, 49)
2025-10-24 16:59:20,693 - config - INFO - Clic en radio de fila 1
2025-10-24 16:59:24,809 - config - INFO - Registro actualizado correctamente
2025-10-24 16:59:24,810 - config - INFO - Registro actualizado.
2025-10-24 16:59:25,426 - config - INFO - Intentando ir a la página 5...
2025-10-24 16:59:25,514 - config - INFO - Página 5 abierta correctamente.
2025-10-24 16:59:29,549 - config - INFO - Fila 2 - color: rgb(45, 172, 49)
2025-10-24 16:59:29,586 - config - INFO - Clic en radio de fila 2
2025-10-24 16:59:33,719 - config - INFO - Registro actualizado correctamente
2025-10-24 16:59:33,719 - config - INFO - Registro actualizado.
2025-10-24 16:59:34,289 - config - INFO - Intentando ir a la página 5...
2025-10-24 16:59:34,376 - config - INFO - Página 5 abierta correctamente.
2025-10-24 16:59:38,406 - config - INFO - Fila 3 - color: rgb(45, 172, 49)
2025-10-24 16:59:38,448 - config - INFO - Clic en radio de fila 3
2025-10-24 16:59:42,543 - config - INFO - Registro actualizado correctamente
2025-10-24 16:59:42,543 - config - INFO - Registro actualizado.
2025-10-24 16:59:43,083 - config - INFO - Intentando ir a la página 5...
2025-10-24 16:59:43,167 - config - INFO - Página 5 abierta correctamente.
2025-10-24 16:59:47,205 - config - INFO - Fila 4 - color: rgb(45, 172, 49)
2025-10-24 16:59:47,240 - config - INFO - Clic en radio de fila 4
2025-10-24 16:59:51,403 - config - INFO - Registro actualizado correctamente
2025-10-24 16:59:51,404 - config - INFO - Registro actualizado.
2025-10-24 16:59:51,913 - config - INFO - Intentando ir a la página 5...
2025-10-24 16:59:51,993 - config - INFO - Página 5 abierta correctamente.
2025-10-24 16:59:56,025 - config - INFO - Fila 5 - color: rgb(45, 172, 49)
2025-10-24 16:59:56,065 - config - INFO - Clic en radio de fila 5
2025-10-24 17:00:00,179 - config - INFO - Registro actualizado correctamente
2025-10-24 17:00:00,180 - config - INFO - Registro actualizado.
2025-10-24 17:00:00,791 - config - INFO - Intentando ir a la página 5...
2025-10-24 17:00:00,871 - config - INFO - Página 5 abierta correctamente.
2025-10-24 17:00:04,897 - config - INFO - Fila 6 - color: rgb(45, 172, 49)
2025-10-24 17:00:04,942 - config - INFO - Clic en radio de fila 6
2025-10-24 17:00:09,058 - config - INFO - Registro actualizado correctamente
2025-10-24 17:00:09,058 - config - INFO - Registro actualizado.
2025-10-24 17:00:11,088 - config - INFO - Intentando ir a la página 5...
2025-10-24 17:00:11,179 - config - INFO - Página 5 abierta correctamente.
2025-10-24 17:00:15,206 - config - INFO - Fila 7 - color: rgb(45, 172, 49)
2025-10-24 17:00:15,252 - config - INFO - Clic en radio de fila 7
2025-10-24 17:00:19,383 - config - INFO - Registro actualizado correctamente
2025-10-24 17:00:19,384 - config - INFO - Registro actualizado.
2025-10-24 17:00:19,950 - config - INFO - Intentando ir a la página 5...
2025-10-24 17:00:20,035 - config - INFO - Página 5 abierta correctamente.
2025-10-24 17:00:24,065 - config - INFO - Fila 8 - color: rgb(45, 172, 49)
2025-10-24 17:00:24,110 - config - INFO - Clic en radio de fila 8
2025-10-24 17:00:28,238 - config - INFO - Registro actualizado correctamente
2025-10-24 17:00:28,238 - config - INFO - Registro actualizado.
2025-10-24 17:00:28,782 - config - INFO - Intentando ir a la página 5...
2025-10-24 17:00:28,863 - config - INFO - Página 5 abierta correctamente.
2025-10-24 17:00:32,899 - config - INFO - Fila 9 - color: rgb(45, 172, 49)
2025-10-24 17:00:32,934 - config - INFO - Clic en radio de fila 9
2025-10-24 17:00:37,066 - config - INFO - Registro actualizado correctamente
2025-10-24 17:00:37,067 - config - INFO - Registro actualizado.
2025-10-24 17:00:37,457 - config - INFO - Intentando ir a la página 5...
2025-10-24 17:00:37,542 - config - INFO - Página 5 abierta correctamente.
2025-10-24 17:00:41,572 - config - INFO - Fila 10 - color: rgb(45, 172, 49)
2025-10-24 17:00:41,611 - config - INFO - Clic en radio de fila 10
2025-10-24 17:00:45,761 - config - INFO - Registro actualizado correctamente
2025-10-24 17:00:45,761 - config - INFO - Registro actualizado.
2025-10-24 17:00:46,300 - config - INFO - Intentando ir a la página 5...
2025-10-24 17:00:46,382 - config - INFO - Página 5 abierta correctamente.
2025-10-24 17:00:53,476 - config - INFO - Total de filas encontradas: 10
2025-10-24 17:00:55,509 - config - INFO - Fila 1 - color: rgb(45, 172, 49)
2025-10-24 17:00:55,551 - config - INFO - Clic en radio de fila 1
2025-10-24 17:00:59,679 - config - INFO - Registro actualizado correctamente
2025-10-24 17:00:59,679 - config - INFO - Registro actualizado.
2025-10-24 17:01:00,235 - config - INFO - Intentando ir a la página 6...
2025-10-24 17:01:03,601 - config - INFO - Página 6 abierta correctamente.
2025-10-24 17:01:07,643 - config - INFO - Fila 2 - color: rgb(45, 172, 49)
2025-10-24 17:01:07,673 - config - INFO - Clic en radio de fila 2
2025-10-24 17:01:11,836 - config - INFO - Registro actualizado correctamente
2025-10-24 17:01:11,836 - config - INFO - Registro actualizado.
2025-10-24 17:01:12,340 - config - INFO - Intentando ir a la página 6...
2025-10-24 17:01:15,640 - config - INFO - Página 6 abierta correctamente.
2025-10-24 17:01:19,673 - config - INFO - Fila 3 - color: rgb(45, 172, 49)
2025-10-24 17:01:19,715 - config - INFO - Clic en radio de fila 3
2025-10-24 17:01:23,846 - config - INFO - Registro actualizado correctamente
2025-10-24 17:01:23,847 - config - INFO - Registro actualizado.
2025-10-24 17:01:24,512 - config - INFO - Intentando ir a la página 6...
2025-10-24 17:01:27,831 - config - INFO - Página 6 abierta correctamente.
2025-10-24 17:01:31,867 - config - INFO - Fila 4 - color: rgb(45, 172, 49)
2025-10-24 17:01:31,903 - config - INFO - Clic en radio de fila 4
2025-10-24 17:01:36,053 - config - INFO - Registro actualizado correctamente
2025-10-24 17:01:36,053 - config - INFO - Registro actualizado.
2025-10-24 17:01:36,543 - config - INFO - Intentando ir a la página 6...
2025-10-24 17:01:39,855 - config - INFO - Página 6 abierta correctamente.
2025-10-24 17:01:43,883 - config - INFO - Fila 5 - color: rgb(45, 172, 49)
2025-10-24 17:01:43,927 - config - INFO - Clic en radio de fila 5
2025-10-24 17:01:48,061 - config - INFO - Registro actualizado correctamente
2025-10-24 17:01:48,061 - config - INFO - Registro actualizado.
2025-10-24 17:01:48,627 - config - INFO - Intentando ir a la página 6...
2025-10-24 17:01:51,945 - config - INFO - Página 6 abierta correctamente.
2025-10-24 17:01:55,980 - config - INFO - Fila 6 - color: rgb(45, 172, 49)
2025-10-24 17:01:56,016 - config - INFO - Clic en radio de fila 6
2025-10-24 17:02:00,164 - config - INFO - Registro actualizado correctamente
2025-10-24 17:02:00,165 - config - INFO - Registro actualizado.
2025-10-24 17:02:00,868 - config - INFO - Intentando ir a la página 6...
2025-10-24 17:02:04,190 - config - INFO - Página 6 abierta correctamente.
2025-10-24 17:02:08,224 - config - INFO - Fila 7 - color: rgb(45, 172, 49)
2025-10-24 17:02:08,255 - config - INFO - Clic en radio de fila 7
2025-10-24 17:02:12,373 - config - INFO - Registro actualizado correctamente
2025-10-24 17:02:12,374 - config - INFO - Registro actualizado.
2025-10-24 17:02:12,874 - config - INFO - Intentando ir a la página 6...
2025-10-24 17:02:16,192 - config - INFO - Página 6 abierta correctamente.
2025-10-24 17:02:20,221 - config - INFO - Fila 8 - color: rgb(45, 172, 49)
2025-10-24 17:02:20,265 - config - INFO - Clic en radio de fila 8
2025-10-24 17:02:24,412 - config - INFO - Registro actualizado correctamente
2025-10-24 17:02:24,413 - config - INFO - Registro actualizado.
2025-10-24 17:02:25,012 - config - INFO - Intentando ir a la página 6...
2025-10-24 17:02:28,331 - config - INFO - Página 6 abierta correctamente.
2025-10-24 17:02:32,366 - config - INFO - Fila 9 - color: rgb(45, 172, 49)
2025-10-24 17:02:32,403 - config - INFO - Clic en radio de fila 9
2025-10-24 17:02:36,541 - config - INFO - Registro actualizado correctamente
2025-10-24 17:02:36,541 - config - INFO - Registro actualizado.
2025-10-24 17:02:37,069 - config - INFO - Intentando ir a la página 6...
2025-10-24 17:02:40,372 - config - INFO - Página 6 abierta correctamente.
2025-10-24 17:02:44,400 - config - INFO - Fila 10 - color: rgb(45, 172, 49)
2025-10-24 17:02:44,428 - config - INFO - Clic en radio de fila 10
2025-10-24 17:02:48,592 - config - INFO - Registro actualizado correctamente
2025-10-24 17:02:48,593 - config - INFO - Registro actualizado.
2025-10-24 17:02:49,095 - config - INFO - Intentando ir a la página 6...
2025-10-24 17:02:52,378 - config - INFO - Página 6 abierta correctamente.
2025-10-24 17:02:59,524 - config - INFO - Total de filas encontradas: 10
2025-10-24 17:03:01,545 - config - INFO - Fila 1 - color: rgb(45, 172, 49)
2025-10-24 17:03:01,616 - config - INFO - Clic en radio de fila 1
2025-10-24 17:03:05,761 - config - INFO - Registro actualizado correctamente
2025-10-24 17:03:05,762 - config - INFO - Registro actualizado.
2025-10-24 17:03:06,448 - config - INFO - Intentando ir a la página 7...
2025-10-24 17:03:10,812 - config - INFO - Página 7 abierta correctamente.
2025-10-24 17:03:14,861 - config - INFO - Fila 2 - color: rgb(45, 172, 49)
2025-10-24 17:03:14,903 - config - INFO - Clic en radio de fila 2
2025-10-24 17:03:19,066 - config - INFO - Registro actualizado correctamente
2025-10-24 17:03:19,067 - config - INFO - Registro actualizado.
2025-10-24 17:03:19,978 - config - INFO - Intentando ir a la página 7...
2025-10-24 17:03:24,387 - config - INFO - Página 7 abierta correctamente.
2025-10-24 17:03:28,415 - config - INFO - Fila 3 - color: rgb(45, 172, 49)
2025-10-24 17:03:28,459 - config - INFO - Clic en radio de fila 3
2025-10-24 17:03:32,589 - config - INFO - Registro actualizado correctamente
2025-10-24 17:03:32,590 - config - INFO - Registro actualizado.
2025-10-24 17:03:33,092 - config - INFO - Intentando ir a la página 7...
2025-10-24 17:03:37,492 - config - INFO - Página 7 abierta correctamente.
2025-10-24 17:03:41,524 - config - INFO - Fila 4 - color: rgb(45, 172, 49)
2025-10-24 17:03:41,564 - config - INFO - Clic en radio de fila 4
2025-10-24 17:03:45,728 - config - INFO - Registro actualizado correctamente
2025-10-24 17:03:45,728 - config - INFO - Registro actualizado.
2025-10-24 17:03:46,110 - config - INFO - Intentando ir a la página 7...
2025-10-24 17:03:50,477 - config - INFO - Página 7 abierta correctamente.
2025-10-24 17:03:54,514 - config - INFO - Fila 5 - color: rgb(45, 172, 49)
2025-10-24 17:03:54,553 - config - INFO - Clic en radio de fila 5
2025-10-24 17:03:58,703 - config - INFO - Registro actualizado correctamente
2025-10-24 17:03:58,703 - config - INFO - Registro actualizado.
2025-10-24 17:03:59,251 - config - INFO - Intentando ir a la página 7...
2025-10-24 17:04:03,669 - config - INFO - Página 7 abierta correctamente.
2025-10-24 17:04:07,691 - config - INFO - Fila 6 - color: rgb(45, 172, 49)
2025-10-24 17:04:07,728 - config - INFO - Clic en radio de fila 6
2025-10-24 17:04:11,839 - config - INFO - Registro actualizado correctamente
2025-10-24 17:04:11,839 - config - INFO - Registro actualizado.
2025-10-24 17:04:12,341 - config - INFO - Intentando ir a la página 7...
2025-10-24 17:04:16,798 - config - INFO - Página 7 abierta correctamente.
2025-10-24 17:04:20,829 - config - INFO - Fila 7 - color: rgb(45, 172, 49)
2025-10-24 17:04:20,866 - config - INFO - Clic en radio de fila 7
2025-10-24 17:04:24,979 - config - INFO - Registro actualizado correctamente
2025-10-24 17:04:24,980 - config - INFO - Registro actualizado.
2025-10-24 17:04:25,463 - config - INFO - Intentando ir a la página 7...
2025-10-24 17:04:29,865 - config - INFO - Página 7 abierta correctamente.
2025-10-24 17:04:33,882 - config - INFO - Fila 8 - color: rgb(45, 172, 49)
2025-10-24 17:04:33,921 - config - INFO - Clic en radio de fila 8
2025-10-24 17:04:38,051 - config - INFO - Registro actualizado correctamente
2025-10-24 17:04:38,052 - config - INFO - Registro actualizado.
2025-10-24 17:04:38,684 - config - INFO - Intentando ir a la página 7...
2025-10-24 17:04:43,088 - config - INFO - Página 7 abierta correctamente.
2025-10-24 17:04:47,124 - config - INFO - Fila 9 - color: rgb(45, 172, 49)
2025-10-24 17:04:47,161 - config - INFO - Clic en radio de fila 9
2025-10-24 17:04:51,290 - config - INFO - Registro actualizado correctamente
2025-10-24 17:04:51,290 - config - INFO - Registro actualizado.
2025-10-24 17:04:51,825 - config - INFO - Intentando ir a la página 7...
2025-10-24 17:04:56,176 - config - INFO - Página 7 abierta correctamente.
2025-10-24 17:05:00,213 - config - INFO - Fila 10 - color: rgb(45, 172, 49)
2025-10-24 17:05:00,252 - config - INFO - Clic en radio de fila 10
2025-10-24 17:05:04,416 - config - INFO - Registro actualizado correctamente
2025-10-24 17:05:04,416 - config - INFO - Registro actualizado.
2025-10-24 17:05:05,395 - config - INFO - Intentando ir a la página 7...
2025-10-24 17:05:09,749 - config - INFO - Página 7 abierta correctamente.
2025-10-24 17:05:16,855 - config - INFO - Total de filas encontradas: 10
2025-10-24 17:05:18,876 - config - INFO - Fila 1 - color: rgb(45, 172, 49)
2025-10-24 17:05:18,918 - config - INFO - Clic en radio de fila 1
2025-10-24 17:05:23,050 - config - INFO - Registro actualizado correctamente
2025-10-24 17:05:23,050 - config - INFO - Registro actualizado.
2025-10-24 17:05:23,572 - config - INFO - Intentando ir a la página 8...
2025-10-24 17:05:29,030 - config - INFO - Página 8 abierta correctamente.
2025-10-24 17:05:33,056 - config - INFO - Fila 2 - color: rgb(45, 172, 49)
2025-10-24 17:05:33,089 - config - INFO - Clic en radio de fila 2
2025-10-24 17:05:37,261 - config - INFO - Registro actualizado correctamente
2025-10-24 17:05:37,262 - config - INFO - Registro actualizado.
2025-10-24 17:05:37,939 - config - INFO - Intentando ir a la página 8...
2025-10-24 17:05:43,353 - config - INFO - Página 8 abierta correctamente.
2025-10-24 17:05:47,387 - config - INFO - Fila 3 - color: rgb(45, 172, 49)
2025-10-24 17:05:47,428 - config - INFO - Clic en radio de fila 3
2025-10-24 17:05:51,559 - config - INFO - Registro actualizado correctamente
2025-10-24 17:05:51,560 - config - INFO - Registro actualizado.
2025-10-24 17:05:52,069 - config - INFO - Intentando ir a la página 8...
2025-10-24 17:05:57,544 - config - INFO - Página 8 abierta correctamente.
2025-10-24 17:06:01,583 - config - INFO - Fila 4 - color: rgb(45, 172, 49)
2025-10-24 17:06:01,615 - config - INFO - Clic en radio de fila 4
2025-10-24 17:06:05,730 - config - INFO - Registro actualizado correctamente
2025-10-24 17:06:05,731 - config - INFO - Registro actualizado.
2025-10-24 17:06:06,434 - config - INFO - Intentando ir a la página 8...
2025-10-24 17:06:11,899 - config - INFO - Página 8 abierta correctamente.
2025-10-24 17:06:15,936 - config - INFO - Fila 5 - color: rgb(45, 172, 49)
2025-10-24 17:06:15,971 - config - INFO - Clic en radio de fila 5
2025-10-24 17:06:20,100 - config - INFO - Registro actualizado correctamente
2025-10-24 17:06:20,100 - config - INFO - Registro actualizado.
2025-10-24 17:06:20,744 - config - INFO - Intentando ir a la página 8...
2025-10-24 17:06:26,154 - config - INFO - Página 8 abierta correctamente.
2025-10-24 17:06:30,196 - config - INFO - Fila 6 - color: rgb(45, 172, 49)
2025-10-24 17:06:30,227 - config - INFO - Clic en radio de fila 6
2025-10-24 17:06:34,357 - config - INFO - Registro actualizado correctamente
2025-10-24 17:06:34,357 - config - INFO - Registro actualizado.
2025-10-24 17:06:36,184 - config - INFO - Intentando ir a la página 8...
2025-10-24 17:06:41,603 - config - INFO - Página 8 abierta correctamente.
2025-10-24 17:06:45,646 - config - INFO - Fila 7 - color: rgb(45, 172, 49)
2025-10-24 17:06:45,681 - config - INFO - Clic en radio de fila 7
2025-10-24 17:06:49,817 - config - INFO - Registro actualizado correctamente
2025-10-24 17:06:49,818 - config - INFO - Registro actualizado.
2025-10-24 17:06:50,334 - config - INFO - Intentando ir a la página 8...
2025-10-24 17:06:55,829 - config - INFO - Página 8 abierta correctamente.
2025-10-24 17:06:59,853 - config - INFO - Fila 8 - color: rgb(45, 172, 49)
2025-10-24 17:06:59,884 - config - INFO - Clic en radio de fila 8
2025-10-24 17:07:04,052 - config - INFO - Registro actualizado correctamente
2025-10-24 17:07:04,069 - config - INFO - Registro actualizado.
2025-10-24 17:07:04,569 - config - INFO - Intentando ir a la página 8...
2025-10-24 17:07:10,036 - config - INFO - Página 8 abierta correctamente.
2025-10-24 17:07:14,065 - config - INFO - Fila 9 - color: rgb(45, 172, 49)
2025-10-24 17:07:14,107 - config - INFO - Clic en radio de fila 9
2025-10-24 17:07:18,239 - config - INFO - Registro actualizado correctamente
2025-10-24 17:07:18,239 - config - INFO - Registro actualizado.
2025-10-24 17:07:18,807 - config - INFO - Intentando ir a la página 8...
2025-10-24 17:07:24,257 - config - INFO - Página 8 abierta correctamente.
2025-10-24 17:07:28,290 - config - INFO - Fila 10 - color: rgb(45, 172, 49)
2025-10-24 17:07:28,328 - config - INFO - Clic en radio de fila 10
2025-10-24 17:07:32,443 - config - INFO - Registro actualizado correctamente
2025-10-24 17:07:32,443 - config - INFO - Registro actualizado.
2025-10-24 17:07:33,063 - config - INFO - Intentando ir a la página 8...
2025-10-24 17:07:38,525 - config - INFO - Página 8 abierta correctamente.
2025-10-24 17:07:45,636 - config - INFO - Total de filas encontradas: 10
2025-10-24 17:07:47,668 - config - INFO - Fila 1 - color: rgb(45, 172, 49)
2025-10-24 17:07:47,712 - config - INFO - Clic en radio de fila 1
2025-10-24 17:07:51,825 - config - INFO - Registro actualizado correctamente
2025-10-24 17:07:51,825 - config - INFO - Registro actualizado.
2025-10-24 17:07:52,417 - config - INFO - Intentando ir a la página 9...
2025-10-24 17:07:58,913 - config - INFO - Página 9 abierta correctamente.
2025-10-24 17:08:02,945 - config - INFO - Fila 2 - color: rgb(45, 172, 49)
2025-10-24 17:08:02,983 - config - INFO - Clic en radio de fila 2
2025-10-24 17:08:07,132 - config - INFO - Registro actualizado correctamente
2025-10-24 17:08:07,133 - config - INFO - Registro actualizado.
2025-10-24 17:08:07,642 - config - INFO - Intentando ir a la página 9...
2025-10-24 17:08:14,183 - config - INFO - Página 9 abierta correctamente.
2025-10-24 17:08:18,217 - config - INFO - Fila 3 - color: rgb(45, 172, 49)
2025-10-24 17:08:18,254 - config - INFO - Clic en radio de fila 3
2025-10-24 17:08:22,385 - config - INFO - Registro actualizado correctamente
2025-10-24 17:08:22,385 - config - INFO - Registro actualizado.
2025-10-24 17:08:23,031 - config - INFO - Intentando ir a la página 9...
2025-10-24 17:08:29,568 - config - INFO - Página 9 abierta correctamente.
2025-10-24 17:08:33,596 - config - INFO - Fila 4 - color: rgb(45, 172, 49)
2025-10-24 17:08:33,624 - config - INFO - Clic en radio de fila 4
2025-10-24 17:08:37,738 - config - INFO - Registro actualizado correctamente
2025-10-24 17:08:37,738 - config - INFO - Registro actualizado.
2025-10-24 17:08:38,395 - config - INFO - Intentando ir a la página 9...
2025-10-24 17:08:44,874 - config - INFO - Página 9 abierta correctamente.
2025-10-24 17:08:48,913 - config - INFO - Fila 5 - color: rgb(45, 172, 49)
2025-10-24 17:08:48,943 - config - INFO - Clic en radio de fila 5
2025-10-24 17:08:53,042 - config - INFO - Registro actualizado correctamente
2025-10-24 17:08:53,043 - config - INFO - Registro actualizado.
2025-10-24 17:08:53,553 - config - INFO - Intentando ir a la página 9...
2025-10-24 17:09:00,094 - config - INFO - Página 9 abierta correctamente.
2025-10-24 17:09:04,124 - config - INFO - Fila 6 - color: rgb(45, 172, 49)
2025-10-24 17:09:04,175 - config - INFO - Clic en radio de fila 6
2025-10-24 17:09:08,299 - config - INFO - Registro actualizado correctamente
2025-10-24 17:09:08,299 - config - INFO - Registro actualizado.
2025-10-24 17:09:08,824 - config - INFO - Intentando ir a la página 9...
2025-10-24 17:09:15,381 - config - INFO - Página 9 abierta correctamente.
2025-10-24 17:09:19,409 - config - INFO - Fila 7 - color: rgb(45, 172, 49)
2025-10-24 17:09:19,436 - config - INFO - Clic en radio de fila 7
2025-10-24 17:09:23,552 - config - INFO - Registro actualizado correctamente
2025-10-24 17:09:23,552 - config - INFO - Registro actualizado.
2025-10-24 17:09:24,123 - config - INFO - Intentando ir a la página 9...
2025-10-24 17:09:30,655 - config - INFO - Página 9 abierta correctamente.
2025-10-24 17:09:34,685 - config - INFO - Fila 8 - color: rgb(45, 172, 49)
2025-10-24 17:09:34,725 - config - INFO - Clic en radio de fila 8
2025-10-24 17:09:51,218 - config - INFO - No se encuentra habilitado el botón actualizar.
2025-10-24 17:09:51,263 - config - INFO - Dando click nuevamente en radio de la fila 8.
2025-10-24 17:09:51,263 - config - INFO - Registro actualizado.
2025-10-24 17:09:51,327 - config - INFO - Intentando ir a la página 9...
2025-10-24 17:09:57,905 - config - INFO - Página 9 abierta correctamente.
2025-10-24 17:10:01,945 - config - INFO - Fila 9 - color: rgb(45, 172, 49)
2025-10-24 17:10:01,984 - config - INFO - Clic en radio de fila 9
2025-10-24 17:10:06,133 - config - INFO - Registro actualizado correctamente
2025-10-24 17:10:06,133 - config - INFO - Registro actualizado.
2025-10-24 17:10:07,126 - config - INFO - Intentando ir a la página 9...
2025-10-24 17:10:13,601 - config - INFO - Página 9 abierta correctamente.
2025-10-24 17:10:17,637 - config - INFO - Fila 10 - color: rgb(45, 172, 49)
2025-10-24 17:10:17,674 - config - INFO - Clic en radio de fila 10
2025-10-24 17:10:21,806 - config - INFO - Registro actualizado correctamente
2025-10-24 17:10:21,806 - config - INFO - Registro actualizado.
2025-10-24 17:10:22,487 - config - INFO - Intentando ir a la página 9...
2025-10-24 17:10:29,021 - config - INFO - Página 9 abierta correctamente.
2025-10-24 17:10:36,111 - config - INFO - Total de filas encontradas: 10
2025-10-24 17:10:38,136 - config - INFO - Fila 1 - color: rgb(45, 172, 49)
2025-10-24 17:10:38,210 - config - INFO - Clic en radio de fila 1
2025-10-24 17:10:42,372 - config - INFO - Registro actualizado correctamente
2025-10-24 17:10:42,372 - config - INFO - Registro actualizado.
2025-10-24 17:10:42,940 - config - INFO - Intentando ir a la página 10...
2025-10-24 17:10:50,555 - config - INFO - Página 10 abierta correctamente.
2025-10-24 17:10:54,586 - config - INFO - Fila 2 - color: rgb(45, 172, 49)
2025-10-24 17:10:54,626 - config - INFO - Clic en radio de fila 2
2025-10-24 17:10:58,755 - config - INFO - Registro actualizado correctamente
2025-10-24 17:10:58,756 - config - INFO - Registro actualizado.
2025-10-24 17:10:59,326 - config - INFO - Intentando ir a la página 10...
2025-10-24 17:11:06,888 - config - INFO - Página 10 abierta correctamente.
2025-10-24 17:11:10,928 - config - INFO - Fila 3 - color: rgb(45, 172, 49)
2025-10-24 17:11:10,962 - config - INFO - Clic en radio de fila 3
2025-10-24 17:11:15,077 - config - INFO - Registro actualizado correctamente
2025-10-24 17:11:15,077 - config - INFO - Registro actualizado.
2025-10-24 17:11:15,591 - config - INFO - Intentando ir a la página 10...
2025-10-24 17:11:23,195 - config - INFO - Página 10 abierta correctamente.
2025-10-24 17:11:27,227 - config - INFO - Fila 4 - color: rgb(45, 172, 49)
2025-10-24 17:11:27,265 - config - INFO - Clic en radio de fila 4
2025-10-24 17:11:31,398 - config - INFO - Registro actualizado correctamente
2025-10-24 17:11:31,398 - config - INFO - Registro actualizado.
2025-10-24 17:11:31,863 - config - INFO - Intentando ir a la página 10...
2025-10-24 17:11:39,465 - config - INFO - Página 10 abierta correctamente.
2025-10-24 17:11:43,498 - config - INFO - Fila 5 - color: rgb(45, 172, 49)
2025-10-24 17:11:43,539 - config - INFO - Clic en radio de fila 5
2025-10-24 17:11:47,667 - config - INFO - Registro actualizado correctamente
2025-10-24 17:11:47,667 - config - INFO - Registro actualizado.
2025-10-24 17:11:48,979 - config - INFO - Intentando ir a la página 10...
2025-10-24 17:11:56,566 - config - INFO - Página 10 abierta correctamente.
2025-10-24 17:12:00,597 - config - INFO - Fila 6 - color: rgb(45, 172, 49)
2025-10-24 17:12:00,639 - config - INFO - Clic en radio de fila 6
2025-10-24 17:12:04,771 - config - INFO - Registro actualizado correctamente
2025-10-24 17:12:04,771 - config - INFO - Registro actualizado.
2025-10-24 17:12:05,402 - config - INFO - Intentando ir a la página 10...
2025-10-24 17:12:13,053 - config - INFO - Página 10 abierta correctamente.
2025-10-24 17:12:17,091 - config - INFO - Fila 7 - color: rgb(45, 172, 49)
2025-10-24 17:12:17,124 - config - INFO - Clic en radio de fila 7
2025-10-24 17:12:21,255 - config - INFO - Registro actualizado correctamente
2025-10-24 17:12:21,255 - config - INFO - Registro actualizado.
2025-10-24 17:12:21,836 - config - INFO - Intentando ir a la página 10...
2025-10-24 17:12:29,440 - config - INFO - Página 10 abierta correctamente.
2025-10-24 17:12:33,475 - config - INFO - Fila 8 - color: rgb(45, 172, 49)
2025-10-24 17:12:33,548 - config - INFO - Clic en radio de fila 8
2025-10-24 17:12:37,676 - config - INFO - Registro actualizado correctamente
2025-10-24 17:12:37,676 - config - INFO - Registro actualizado.
2025-10-24 17:12:38,317 - config - INFO - Intentando ir a la página 10...
2025-10-24 17:12:45,875 - config - INFO - Página 10 abierta correctamente.
2025-10-24 17:12:49,900 - config - INFO - Fila 9 - color: rgb(45, 172, 49)
2025-10-24 17:12:49,931 - config - INFO - Clic en radio de fila 9
2025-10-24 17:12:54,046 - config - INFO - Registro actualizado correctamente
2025-10-24 17:12:54,046 - config - INFO - Registro actualizado.
2025-10-24 17:12:54,589 - config - INFO - Intentando ir a la página 10...
2025-10-24 17:13:02,163 - config - INFO - Página 10 abierta correctamente.
2025-10-24 17:13:06,196 - config - INFO - Fila 10 - color: rgb(45, 172, 49)
2025-10-24 17:13:06,236 - config - INFO - Clic en radio de fila 10
2025-10-24 17:13:10,381 - config - INFO - Registro actualizado correctamente
2025-10-24 17:13:10,381 - config - INFO - Registro actualizado.
2025-10-24 17:13:10,907 - config - INFO - Intentando ir a la página 10...
2025-10-24 17:13:18,484 - config - INFO - Página 10 abierta correctamente.
2025-10-24 17:13:25,589 - config - INFO - Total de filas encontradas: 10
2025-10-24 17:13:27,609 - config - INFO - Fila 1 - color: rgb(45, 172, 49)
2025-10-24 17:13:27,649 - config - INFO - Clic en radio de fila 1
2025-10-24 17:13:31,782 - config - INFO - Registro actualizado correctamente
2025-10-24 17:13:31,782 - config - INFO - Registro actualizado.
2025-10-24 17:13:32,344 - config - INFO - Intentando ir a la página 11...
2025-10-24 17:13:41,030 - config - INFO - Página 11 abierta correctamente.
2025-10-24 17:13:45,067 - config - INFO - Fila 2 - color: rgb(45, 172, 49)
2025-10-24 17:13:45,103 - config - INFO - Clic en radio de fila 2
2025-10-24 17:13:49,219 - config - INFO - Registro actualizado correctamente
2025-10-24 17:13:49,219 - config - INFO - Registro actualizado.
2025-10-24 17:13:49,841 - config - INFO - Intentando ir a la página 11...
2025-10-24 17:13:58,466 - config - INFO - Página 11 abierta correctamente.
2025-10-24 17:14:02,490 - config - INFO - Fila 3 - color: rgb(45, 172, 49)
2025-10-24 17:14:02,521 - config - INFO - Clic en radio de fila 3
2025-10-24 17:14:19,015 - config - INFO - No se encuentra habilitado el botón actualizar.
2025-10-24 17:14:19,043 - config - INFO - Dando click nuevamente en radio de la fila 3.
2025-10-24 17:14:19,044 - config - INFO - Registro actualizado.
2025-10-24 17:14:19,056 - config - INFO - Intentando ir a la página 11...
2025-10-24 17:14:27,758 - config - INFO - Página 11 abierta correctamente.
2025-10-24 17:14:31,779 - config - INFO - Fila 4 - color: rgb(45, 172, 49)
2025-10-24 17:14:31,812 - config - INFO - Clic en radio de fila 4
2025-10-24 17:14:35,929 - config - INFO - Registro actualizado correctamente
2025-10-24 17:14:35,929 - config - INFO - Registro actualizado.
2025-10-24 17:14:36,516 - config - INFO - Intentando ir a la página 11...
2025-10-24 17:14:45,161 - config - INFO - Página 11 abierta correctamente.
2025-10-24 17:14:49,201 - config - INFO - Fila 5 - color: rgb(45, 172, 49)
2025-10-24 17:14:49,254 - config - INFO - Clic en radio de fila 5
2025-10-24 17:14:53,402 - config - INFO - Registro actualizado correctamente
2025-10-24 17:14:53,402 - config - INFO - Registro actualizado.
2025-10-24 17:14:53,975 - config - INFO - Intentando ir a la página 11...
2025-10-24 17:15:02,714 - config - INFO - Página 11 abierta correctamente.
2025-10-24 17:15:06,739 - config - INFO - Fila 6 - color: rgb(45, 172, 49)
2025-10-24 17:15:06,807 - config - INFO - Clic en radio de fila 6
2025-10-24 17:15:10,934 - config - INFO - Registro actualizado correctamente
2025-10-24 17:15:10,934 - config - INFO - Registro actualizado.
2025-10-24 17:15:13,671 - config - INFO - Intentando ir a la página 11...
2025-10-24 17:15:22,448 - config - INFO - Página 11 abierta correctamente.
2025-10-24 17:15:26,494 - config - INFO - Fila 7 - color: rgb(45, 172, 49)
2025-10-24 17:15:26,538 - config - INFO - Clic en radio de fila 7
2025-10-24 17:15:30,687 - config - INFO - Registro actualizado correctamente
2025-10-24 17:15:30,687 - config - INFO - Registro actualizado.
2025-10-24 17:15:31,367 - config - INFO - Intentando ir a la página 11...
2025-10-24 17:15:40,016 - config - INFO - Página 11 abierta correctamente.
2025-10-24 17:15:44,039 - config - INFO - Fila 8 - color: rgb(45, 172, 49)
2025-10-24 17:15:44,072 - config - INFO - Clic en radio de fila 8
2025-10-24 17:15:48,220 - config - INFO - Registro actualizado correctamente
2025-10-24 17:15:48,221 - config - INFO - Registro actualizado.
2025-10-24 17:15:48,928 - config - INFO - Intentando ir a la página 11...
2025-10-24 17:15:57,586 - config - INFO - Página 11 abierta correctamente.
2025-10-24 17:16:01,620 - config - INFO - Fila 9 - color: rgb(45, 172, 49)
2025-10-24 17:16:01,660 - config - INFO - Clic en radio de fila 9
2025-10-24 17:16:05,791 - config - INFO - Registro actualizado correctamente
2025-10-24 17:16:05,791 - config - INFO - Registro actualizado.
2025-10-24 17:16:06,367 - config - INFO - Intentando ir a la página 11...
2025-10-24 17:16:15,053 - config - INFO - Página 11 abierta correctamente.
2025-10-24 17:16:19,092 - config - INFO - Fila 10 - color: rgb(45, 172, 49)
2025-10-24 17:16:19,127 - config - INFO - Clic en radio de fila 10
2025-10-24 17:16:23,259 - config - INFO - Registro actualizado correctamente
2025-10-24 17:16:23,259 - config - INFO - Registro actualizado.
2025-10-24 17:16:23,857 - config - INFO - Intentando ir a la página 11...
2025-10-24 17:16:32,541 - config - INFO - Página 11 abierta correctamente.
2025-10-24 17:16:39,643 - config - INFO - Total de filas encontradas: 10
2025-10-24 17:16:41,666 - config - INFO - Fila 1 - color: rgb(45, 172, 49)
2025-10-24 17:16:41,749 - config - INFO - Clic en radio de fila 1
2025-10-24 17:16:45,873 - config - INFO - Registro actualizado correctamente
2025-10-24 17:16:45,873 - config - INFO - Registro actualizado.
2025-10-24 17:16:46,603 - config - INFO - Intentando ir a la página 12...
2025-10-24 17:16:56,335 - config - INFO - Página 12 abierta correctamente.
2025-10-24 17:17:00,365 - config - INFO - Fila 2 - color: rgb(45, 172, 49)
2025-10-24 17:17:00,392 - config - INFO - Clic en radio de fila 2
2025-10-24 17:17:04,525 - config - INFO - Registro actualizado correctamente
2025-10-24 17:17:04,525 - config - INFO - Registro actualizado.
2025-10-24 17:17:05,108 - config - INFO - Intentando ir a la página 12...
2025-10-24 17:17:14,821 - config - INFO - Página 12 abierta correctamente.
2025-10-24 17:17:18,865 - config - INFO - Fila 3 - color: rgb(45, 172, 49)
2025-10-24 17:17:18,896 - config - INFO - Clic en radio de fila 3
2025-10-24 17:17:23,027 - config - INFO - Registro actualizado correctamente
2025-10-24 17:17:23,028 - config - INFO - Registro actualizado.
2025-10-24 17:17:23,659 - config - INFO - Intentando ir a la página 12...
2025-10-24 17:17:33,427 - config - INFO - Página 12 abierta correctamente.
2025-10-24 17:17:37,459 - config - INFO - Fila 4 - color: rgb(45, 172, 49)
2025-10-24 17:17:37,497 - config - INFO - Clic en radio de fila 4
2025-10-24 17:17:41,644 - config - INFO - Registro actualizado correctamente
2025-10-24 17:17:41,644 - config - INFO - Registro actualizado.
2025-10-24 17:17:42,224 - config - INFO - Intentando ir a la página 12...
2025-10-24 17:17:51,972 - config - INFO - Página 12 abierta correctamente.
2025-10-24 17:17:56,001 - config - INFO - Fila 5 - color: rgb(45, 172, 49)
2025-10-24 17:17:56,030 - config - INFO - Clic en radio de fila 5
2025-10-24 17:18:00,127 - config - INFO - Registro actualizado correctamente
2025-10-24 17:18:00,128 - config - INFO - Registro actualizado.
2025-10-24 17:18:00,698 - config - INFO - Intentando ir a la página 12...
2025-10-24 17:18:10,444 - config - INFO - Página 12 abierta correctamente.
2025-10-24 17:18:14,483 - config - INFO - Fila 6 - color: rgb(45, 172, 49)
2025-10-24 17:18:14,516 - config - INFO - Clic en radio de fila 6
2025-10-24 17:18:18,630 - config - INFO - Registro actualizado correctamente
2025-10-24 17:18:18,631 - config - INFO - Registro actualizado.
2025-10-24 17:18:19,208 - config - INFO - Intentando ir a la página 12...
2025-10-24 17:18:28,913 - config - INFO - Página 12 abierta correctamente.
2025-10-24 17:18:32,946 - config - INFO - Fila 7 - color: rgb(45, 172, 49)
2025-10-24 17:18:32,985 - config - INFO - Clic en radio de fila 7
2025-10-24 17:18:37,101 - config - INFO - Registro actualizado correctamente
2025-10-24 17:18:37,102 - config - INFO - Registro actualizado.
2025-10-24 17:18:37,734 - config - INFO - Intentando ir a la página 12...
2025-10-24 17:18:47,446 - config - INFO - Página 12 abierta correctamente.
2025-10-24 17:18:51,485 - config - INFO - Fila 8 - color: rgb(45, 172, 49)
2025-10-24 17:18:51,519 - config - INFO - Clic en radio de fila 8
2025-10-24 17:18:55,633 - config - INFO - Registro actualizado correctamente
2025-10-24 17:18:55,634 - config - INFO - Registro actualizado.
2025-10-24 17:18:56,311 - config - INFO - Intentando ir a la página 12...
2025-10-24 17:19:06,084 - config - INFO - Página 12 abierta correctamente.
2025-10-24 17:19:10,109 - config - INFO - Fila 9 - color: rgb(45, 172, 49)
2025-10-24 17:19:10,156 - config - INFO - Clic en radio de fila 9
2025-10-24 17:19:14,287 - config - INFO - Registro actualizado correctamente
2025-10-24 17:19:14,287 - config - INFO - Registro actualizado.
2025-10-24 17:19:14,865 - config - INFO - Intentando ir a la página 12...
2025-10-24 17:19:24,585 - config - INFO - Página 12 abierta correctamente.
2025-10-24 17:19:28,623 - config - INFO - Fila 10 - color: rgb(45, 172, 49)
2025-10-24 17:19:28,654 - config - INFO - Clic en radio de fila 10
2025-10-24 17:19:32,790 - config - INFO - Registro actualizado correctamente
2025-10-24 17:19:32,790 - config - INFO - Registro actualizado.
2025-10-24 17:19:33,328 - config - INFO - Intentando ir a la página 12...
2025-10-24 17:19:43,051 - config - INFO - Página 12 abierta correctamente.
2025-10-24 17:19:50,144 - config - INFO - Total de filas encontradas: 10
2025-10-24 17:19:52,162 - config - INFO - Fila 1 - color: rgb(45, 172, 49)
2025-10-24 17:19:52,239 - config - INFO - Clic en radio de fila 1
2025-10-24 17:19:56,353 - config - INFO - Registro actualizado correctamente
2025-10-24 17:19:56,354 - config - INFO - Registro actualizado.
2025-10-24 17:19:56,895 - config - INFO - Intentando ir a la página 13...
2025-10-24 17:20:07,736 - config - INFO - Página 13 abierta correctamente.
2025-10-24 17:20:11,781 - config - INFO - Fila 2 - color: rgb(45, 172, 49)
2025-10-24 17:20:11,821 - config - INFO - Clic en radio de fila 2
2025-10-24 17:20:15,952 - config - INFO - Registro actualizado correctamente
2025-10-24 17:20:15,952 - config - INFO - Registro actualizado.
2025-10-24 17:20:16,516 - config - INFO - Intentando ir a la página 13...
2025-10-24 17:20:27,315 - config - INFO - Página 13 abierta correctamente.
2025-10-24 17:20:31,351 - config - INFO - Fila 3 - color: rgb(45, 172, 49)
2025-10-24 17:20:31,387 - config - INFO - Clic en radio de fila 3
2025-10-24 17:20:35,519 - config - INFO - Registro actualizado correctamente
2025-10-24 17:20:35,519 - config - INFO - Registro actualizado.
2025-10-24 17:20:36,178 - config - INFO - Intentando ir a la página 13...
2025-10-24 17:20:46,945 - config - INFO - Página 13 abierta correctamente.
2025-10-24 17:20:50,969 - config - INFO - Fila 4 - color: rgb(45, 172, 49)
2025-10-24 17:20:51,005 - config - INFO - Clic en radio de fila 4
2025-10-24 17:20:55,137 - config - INFO - Registro actualizado correctamente
2025-10-24 17:20:55,137 - config - INFO - Registro actualizado.
2025-10-24 17:20:55,688 - config - INFO - Intentando ir a la página 13...
2025-10-24 17:21:06,568 - config - INFO - Página 13 abierta correctamente.
2025-10-24 17:21:10,605 - config - INFO - Fila 5 - color: rgb(45, 172, 49)
2025-10-24 17:21:10,638 - config - INFO - Clic en radio de fila 5
2025-10-24 17:21:14,752 - config - INFO - Registro actualizado correctamente
2025-10-24 17:21:14,753 - config - INFO - Registro actualizado.
2025-10-24 17:21:15,879 - config - INFO - Intentando ir a la página 13...
2025-10-24 17:21:26,667 - config - INFO - Página 13 abierta correctamente.
2025-10-24 17:21:30,707 - config - INFO - Fila 6 - color: rgb(45, 172, 49)
2025-10-24 17:21:30,738 - config - INFO - Clic en radio de fila 6
2025-10-24 17:21:34,853 - config - INFO - Registro actualizado correctamente
2025-10-24 17:21:34,853 - config - INFO - Registro actualizado.
2025-10-24 17:21:35,395 - config - INFO - Intentando ir a la página 13...
2025-10-24 17:21:46,170 - config - INFO - Página 13 abierta correctamente.
2025-10-24 17:21:50,196 - config - INFO - Fila 7 - color: rgb(45, 172, 49)
2025-10-24 17:21:50,241 - config - INFO - Clic en radio de fila 7
2025-10-24 17:21:54,372 - config - INFO - Registro actualizado correctamente
2025-10-24 17:21:54,372 - config - INFO - Registro actualizado.
2025-10-24 17:21:54,901 - config - INFO - Intentando ir a la página 13...
2025-10-24 17:22:05,751 - config - INFO - Página 13 abierta correctamente.
2025-10-24 17:22:09,787 - config - INFO - Fila 8 - color: rgb(45, 172, 49)
2025-10-24 17:22:09,824 - config - INFO - Clic en radio de fila 8
2025-10-24 17:22:13,971 - config - INFO - Registro actualizado correctamente
2025-10-24 17:22:13,972 - config - INFO - Registro actualizado.
2025-10-24 17:22:14,481 - config - INFO - Intentando ir a la página 13...
2025-10-24 17:22:25,302 - config - INFO - Página 13 abierta correctamente.
2025-10-24 17:22:29,346 - config - INFO - Fila 9 - color: rgb(45, 172, 49)
2025-10-24 17:22:29,374 - config - INFO - Clic en radio de fila 9
2025-10-24 17:22:33,505 - config - INFO - Registro actualizado correctamente
2025-10-24 17:22:33,506 - config - INFO - Registro actualizado.
2025-10-24 17:22:34,148 - config - INFO - Intentando ir a la página 13...
2025-10-24 17:22:44,969 - config - INFO - Página 13 abierta correctamente.
2025-10-24 17:22:48,999 - config - INFO - Fila 10 - color: rgb(45, 172, 49)
2025-10-24 17:22:49,043 - config - INFO - Clic en radio de fila 10
2025-10-24 17:22:53,154 - config - INFO - Registro actualizado correctamente
2025-10-24 17:22:53,154 - config - INFO - Registro actualizado.
2025-10-24 17:22:53,723 - config - INFO - Intentando ir a la página 13...
2025-10-24 17:23:04,571 - config - INFO - Página 13 abierta correctamente.
2025-10-24 17:23:11,675 - config - INFO - Total de filas encontradas: 10
2025-10-24 17:23:13,700 - config - INFO - Fila 1 - color: rgb(45, 172, 49)
2025-10-24 17:23:13,776 - config - INFO - Clic en radio de fila 1
2025-10-24 17:23:17,904 - config - INFO - Registro actualizado correctamente
2025-10-24 17:23:17,904 - config - INFO - Registro actualizado.
2025-10-24 17:23:18,431 - config - INFO - Intentando ir a la página 14...
2025-10-24 17:23:30,278 - config - INFO - Página 14 abierta correctamente.
2025-10-24 17:23:34,309 - config - INFO - Fila 2 - color: rgb(45, 172, 49)
2025-10-24 17:23:34,372 - config - INFO - Clic en radio de fila 2
2025-10-24 17:23:38,486 - config - INFO - Registro actualizado correctamente
2025-10-24 17:23:38,486 - config - INFO - Registro actualizado.
2025-10-24 17:23:39,339 - config - INFO - Intentando ir a la página 14...
2025-10-24 17:23:51,363 - config - INFO - Página 14 abierta correctamente.
2025-10-24 17:23:55,389 - config - INFO - Fila 3 - color: rgb(45, 172, 49)
2025-10-24 17:23:55,421 - config - INFO - Clic en radio de fila 3
2025-10-24 17:24:11,917 - config - INFO - No se encuentra habilitado el botón actualizar.
2025-10-24 17:24:11,957 - config - INFO - Dando click nuevamente en radio de la fila 3.
2025-10-24 17:24:11,958 - config - INFO - Registro actualizado.
2025-10-24 17:24:11,971 - config - INFO - Intentando ir a la página 14...
2025-10-24 17:24:23,855 - config - INFO - Página 14 abierta correctamente.
2025-10-24 17:24:27,895 - config - INFO - Fila 4 - color: rgb(45, 172, 49)
2025-10-24 17:24:27,925 - config - INFO - Clic en radio de fila 4
2025-10-24 17:24:32,040 - config - INFO - Registro actualizado correctamente
2025-10-24 17:24:32,040 - config - INFO - Registro actualizado.
2025-10-24 17:24:32,840 - config - INFO - Intentando ir a la página 14...
2025-10-24 17:24:44,704 - config - INFO - Página 14 abierta correctamente.
2025-10-24 17:24:48,744 - config - INFO - Fila 5 - color: rgb(45, 172, 49)
2025-10-24 17:24:48,776 - config - INFO - Clic en radio de fila 5
2025-10-24 17:24:52,908 - config - INFO - Registro actualizado correctamente
2025-10-24 17:24:52,909 - config - INFO - Registro actualizado.
2025-10-24 17:24:53,740 - config - INFO - Intentando ir a la página 14...
2025-10-24 17:25:05,653 - config - INFO - Página 14 abierta correctamente.
2025-10-24 17:25:09,691 - config - INFO - Fila 6 - color: rgb(45, 172, 49)
2025-10-24 17:25:09,726 - config - INFO - Clic en radio de fila 6
2025-10-24 17:25:13,858 - config - INFO - Registro actualizado correctamente
2025-10-24 17:25:13,859 - config - INFO - Registro actualizado.
2025-10-24 17:25:14,747 - config - INFO - Intentando ir a la página 14...
2025-10-24 17:25:26,635 - config - INFO - Página 14 abierta correctamente.
2025-10-24 17:25:30,666 - config - INFO - Fila 7 - color: rgb(45, 172, 49)
2025-10-24 17:25:30,709 - config - INFO - Clic en radio de fila 7
2025-10-24 17:25:34,839 - config - INFO - Registro actualizado correctamente
2025-10-24 17:25:34,840 - config - INFO - Registro actualizado.
2025-10-24 17:25:35,666 - config - INFO - Intentando ir a la página 14...
2025-10-24 17:25:47,568 - config - INFO - Página 14 abierta correctamente.
2025-10-24 17:25:51,595 - config - INFO - Fila 8 - color: rgb(45, 172, 49)
2025-10-24 17:25:51,626 - config - INFO - Clic en radio de fila 8
2025-10-24 17:25:55,740 - config - INFO - Registro actualizado correctamente
2025-10-24 17:25:55,740 - config - INFO - Registro actualizado.
2025-10-24 17:25:56,537 - config - INFO - Intentando ir a la página 14...
2025-10-24 17:26:08,353 - config - INFO - Página 14 abierta correctamente.
2025-10-24 17:26:12,386 - config - INFO - Fila 9 - color: rgb(45, 172, 49)
2025-10-24 17:26:12,425 - config - INFO - Clic en radio de fila 9
2025-10-24 17:26:16,557 - config - INFO - Registro actualizado correctamente
2025-10-24 17:26:16,558 - config - INFO - Registro actualizado.
2025-10-24 17:26:16,996 - config - INFO - Intentando ir a la página 14...
2025-10-24 17:26:28,970 - config - INFO - Página 14 abierta correctamente.
2025-10-24 17:26:33,000 - config - INFO - Fila 10 - color: rgb(45, 172, 49)
2025-10-24 17:26:33,041 - config - INFO - Clic en radio de fila 10
2025-10-24 17:26:37,173 - config - INFO - Registro actualizado correctamente
2025-10-24 17:26:37,173 - config - INFO - Registro actualizado.
2025-10-24 17:26:38,198 - config - INFO - Intentando ir a la página 14...
2025-10-24 17:26:50,085 - config - INFO - Página 14 abierta correctamente.
2025-10-24 17:26:57,220 - config - INFO - Total de filas encontradas: 10
2025-10-24 17:26:59,245 - config - INFO - Fila 1 - color: rgb(45, 172, 49)
2025-10-24 17:26:59,287 - config - INFO - Clic en radio de fila 1
2025-10-24 17:27:03,436 - config - INFO - Registro actualizado correctamente
2025-10-24 17:27:03,436 - config - INFO - Registro actualizado.
2025-10-24 17:27:04,351 - config - INFO - Intentando ir a la página 15...
2025-10-24 17:27:17,330 - config - INFO - Página 15 abierta correctamente.
2025-10-24 17:27:21,366 - config - INFO - Fila 2 - color: rgb(45, 172, 49)
2025-10-24 17:27:21,403 - config - INFO - Clic en radio de fila 2
2025-10-24 17:27:25,534 - config - INFO - Registro actualizado correctamente
2025-10-24 17:27:25,534 - config - INFO - Registro actualizado.
2025-10-24 17:27:26,046 - config - INFO - Intentando ir a la página 15...
2025-10-24 17:27:39,014 - config - INFO - Página 15 abierta correctamente.
2025-10-24 17:27:43,040 - config - INFO - Fila 3 - color: rgb(45, 172, 49)
2025-10-24 17:27:43,071 - config - INFO - Clic en radio de fila 3
2025-10-24 17:27:47,199 - config - INFO - Registro actualizado correctamente
2025-10-24 17:27:47,199 - config - INFO - Registro actualizado.
2025-10-24 17:27:48,130 - config - INFO - Intentando ir a la página 15...
2025-10-24 17:28:01,176 - config - INFO - Página 15 abierta correctamente.
2025-10-24 17:28:05,221 - config - INFO - Fila 4 - color: rgb(45, 172, 49)
2025-10-24 17:28:05,249 - config - INFO - Clic en radio de fila 4
2025-10-24 17:28:09,432 - config - INFO - Registro actualizado correctamente
2025-10-24 17:28:09,432 - config - INFO - Registro actualizado.
2025-10-24 17:28:10,291 - config - INFO - Intentando ir a la página 15...
2025-10-24 17:28:23,289 - config - INFO - Página 15 abierta correctamente.
2025-10-24 17:28:27,326 - config - INFO - Fila 5 - color: rgb(45, 172, 49)
2025-10-24 17:28:27,365 - config - INFO - Clic en radio de fila 5
2025-10-24 17:28:31,495 - config - INFO - Registro actualizado correctamente
2025-10-24 17:28:31,496 - config - INFO - Registro actualizado.
2025-10-24 17:28:32,421 - config - INFO - Intentando ir a la página 15...
2025-10-24 17:28:45,373 - config - INFO - Página 15 abierta correctamente.
2025-10-24 17:28:49,406 - config - INFO - Fila 6 - color: rgb(45, 172, 49)
2025-10-24 17:28:49,447 - config - INFO - Clic en radio de fila 6
2025-10-24 17:28:53,580 - config - INFO - Registro actualizado correctamente
2025-10-24 17:28:53,580 - config - INFO - Registro actualizado.
2025-10-24 17:28:54,429 - config - INFO - Intentando ir a la página 15...
2025-10-24 17:29:07,373 - config - INFO - Página 15 abierta correctamente.
2025-10-24 17:29:11,406 - config - INFO - Fila 7 - color: rgb(45, 172, 49)
2025-10-24 17:29:11,446 - config - INFO - Clic en radio de fila 7
2025-10-24 17:29:15,576 - config - INFO - Registro actualizado correctamente
2025-10-24 17:29:15,576 - config - INFO - Registro actualizado.
2025-10-24 17:29:16,333 - config - INFO - Intentando ir a la página 15...
2025-10-24 17:29:29,308 - config - INFO - Página 15 abierta correctamente.
2025-10-24 17:29:33,342 - config - INFO - Fila 8 - color: rgb(45, 172, 49)
2025-10-24 17:29:33,376 - config - INFO - Clic en radio de fila 8
2025-10-24 17:29:37,492 - config - INFO - Registro actualizado correctamente
2025-10-24 17:29:37,492 - config - INFO - Registro actualizado.
2025-10-24 17:29:38,365 - config - INFO - Intentando ir a la página 15...
2025-10-24 17:29:51,283 - config - INFO - Página 15 abierta correctamente.
2025-10-24 17:29:55,315 - config - INFO - Fila 9 - color: rgb(45, 172, 49)
2025-10-24 17:29:55,361 - config - INFO - Clic en radio de fila 9
2025-10-24 17:29:59,492 - config - INFO - Registro actualizado correctamente
2025-10-24 17:29:59,492 - config - INFO - Registro actualizado.
2025-10-24 17:30:00,536 - config - INFO - Intentando ir a la página 15...
2025-10-24 17:30:13,518 - config - INFO - Página 15 abierta correctamente.
2025-10-24 17:30:17,552 - config - INFO - Fila 10 - color: rgb(45, 172, 49)
2025-10-24 17:30:17,591 - config - INFO - Clic en radio de fila 10
2025-10-24 17:30:21,739 - config - INFO - Registro actualizado correctamente
2025-10-24 17:30:21,740 - config - INFO - Registro actualizado.
2025-10-24 17:30:22,694 - config - INFO - Intentando ir a la página 15...
2025-10-24 17:30:35,617 - config - INFO - Página 15 abierta correctamente.
2025-10-24 17:30:42,741 - config - INFO - Total de filas encontradas: 10
2025-10-24 17:30:44,772 - config - INFO - Fila 1 - color: rgb(45, 172, 49)
2025-10-24 17:30:44,802 - config - INFO - Clic en radio de fila 1
2025-10-24 17:30:48,934 - config - INFO - Registro actualizado correctamente
2025-10-24 17:30:48,934 - config - INFO - Registro actualizado.
2025-10-24 17:30:49,785 - config - INFO - Intentando ir a la página 16...
2025-10-24 17:31:03,959 - config - INFO - Página 16 abierta correctamente.
2025-10-24 17:31:07,990 - config - INFO - Fila 2 - color: rgb(45, 172, 49)
2025-10-24 17:31:08,033 - config - INFO - Clic en radio de fila 2
2025-10-24 17:31:12,165 - config - INFO - Registro actualizado correctamente
2025-10-24 17:31:12,165 - config - INFO - Registro actualizado.
2025-10-24 17:31:13,033 - config - INFO - Intentando ir a la página 16...
2025-10-24 17:31:27,158 - config - INFO - Página 16 abierta correctamente.
2025-10-24 17:31:31,200 - config - INFO - Fila 3 - color: rgb(45, 172, 49)
2025-10-24 17:31:31,269 - config - INFO - Clic en radio de fila 3
2025-10-24 17:31:35,394 - config - INFO - Registro actualizado correctamente
2025-10-24 17:31:35,394 - config - INFO - Registro actualizado.
2025-10-24 17:31:36,175 - config - INFO - Intentando ir a la página 16...
2025-10-24 17:31:50,171 - config - INFO - Página 16 abierta correctamente.
2025-10-24 17:31:54,205 - config - INFO - Fila 4 - color: rgb(45, 172, 49)
2025-10-24 17:31:54,255 - config - INFO - Clic en radio de fila 4
2025-10-24 17:31:58,377 - config - INFO - Registro actualizado correctamente
2025-10-24 17:31:58,377 - config - INFO - Registro actualizado.
2025-10-24 17:31:59,364 - config - INFO - Intentando ir a la página 16...
2025-10-24 17:32:13,453 - config - INFO - Página 16 abierta correctamente.
2025-10-24 17:32:17,474 - config - INFO - Fila 5 - color: rgb(45, 172, 49)
2025-10-24 17:32:17,508 - config - INFO - Clic en radio de fila 5
2025-10-24 17:32:21,657 - config - INFO - Registro actualizado correctamente
2025-10-24 17:32:21,657 - config - INFO - Registro actualizado.
2025-10-24 17:32:22,464 - config - INFO - Intentando ir a la página 16...
2025-10-24 17:32:36,498 - config - INFO - Página 16 abierta correctamente.
2025-10-24 17:32:40,542 - config - INFO - Fila 6 - color: rgb(45, 172, 49)
2025-10-24 17:32:40,572 - config - INFO - Clic en radio de fila 6
2025-10-24 17:32:44,706 - config - INFO - Registro actualizado correctamente
2025-10-24 17:32:44,706 - config - INFO - Registro actualizado.
2025-10-24 17:32:45,782 - config - INFO - Intentando ir a la página 16...
2025-10-24 17:32:59,815 - config - INFO - Página 16 abierta correctamente.
2025-10-24 17:33:03,845 - config - INFO - Fila 7 - color: rgb(45, 172, 49)
2025-10-24 17:33:03,890 - config - INFO - Clic en radio de fila 7
2025-10-24 17:33:08,052 - config - INFO - Registro actualizado correctamente
2025-10-24 17:33:08,053 - config - INFO - Registro actualizado.
2025-10-24 17:33:08,862 - config - INFO - Intentando ir a la página 16...
2025-10-24 17:33:22,964 - config - INFO - Página 16 abierta correctamente.
2025-10-24 17:33:27,009 - config - INFO - Fila 8 - color: rgb(45, 172, 49)
2025-10-24 17:33:27,034 - config - INFO - Clic en radio de fila 8
2025-10-24 17:33:31,170 - config - INFO - Registro actualizado correctamente
2025-10-24 17:33:31,170 - config - INFO - Registro actualizado.
2025-10-24 17:33:31,980 - config - INFO - Intentando ir a la página 16...
2025-10-24 17:33:46,045 - config - INFO - Página 16 abierta correctamente.
2025-10-24 17:33:50,081 - config - INFO - Fila 9 - color: rgb(45, 172, 49)
2025-10-24 17:33:50,117 - config - INFO - Clic en radio de fila 9
2025-10-24 17:33:54,247 - config - INFO - Registro actualizado correctamente
2025-10-24 17:33:54,247 - config - INFO - Registro actualizado.
2025-10-24 17:33:55,117 - config - INFO - Intentando ir a la página 16...
2025-10-24 17:34:09,128 - config - INFO - Página 16 abierta correctamente.
2025-10-24 17:34:13,159 - config - INFO - Fila 10 - color: rgb(45, 172, 49)
2025-10-24 17:34:13,198 - config - INFO - Clic en radio de fila 10
2025-10-24 17:34:17,346 - config - INFO - Registro actualizado correctamente
2025-10-24 17:34:17,346 - config - INFO - Registro actualizado.
2025-10-24 17:34:18,271 - config - INFO - Intentando ir a la página 16...
2025-10-24 17:34:32,307 - config - INFO - Página 16 abierta correctamente.
2025-10-24 17:34:39,409 - config - INFO - Total de filas encontradas: 10
2025-10-24 17:34:41,429 - config - INFO - Fila 1 - color: rgb(45, 172, 49)
2025-10-24 17:34:41,462 - config - INFO - Clic en radio de fila 1
2025-10-24 17:34:45,573 - config - INFO - Registro actualizado correctamente
2025-10-24 17:34:45,573 - config - INFO - Registro actualizado.
2025-10-24 17:34:46,361 - config - INFO - Intentando ir a la página 17...
2025-10-24 17:35:01,452 - config - INFO - Página 17 abierta correctamente.
2025-10-24 17:35:05,483 - config - INFO - Fila 2 - color: rgb(45, 172, 49)
2025-10-24 17:35:05,522 - config - INFO - Clic en radio de fila 2
2025-10-24 17:35:09,671 - config - INFO - Registro actualizado correctamente
2025-10-24 17:35:09,672 - config - INFO - Registro actualizado.
2025-10-24 17:35:11,388 - config - INFO - Intentando ir a la página 17...
2025-10-24 17:35:26,463 - config - INFO - Página 17 abierta correctamente.
2025-10-24 17:35:30,499 - config - INFO - Fila 3 - color: rgb(45, 172, 49)
2025-10-24 17:35:30,534 - config - INFO - Clic en radio de fila 3
2025-10-24 17:35:34,665 - config - INFO - Registro actualizado correctamente
2025-10-24 17:35:34,665 - config - INFO - Registro actualizado.
2025-10-24 17:35:35,705 - config - INFO - Intentando ir a la página 17...
2025-10-24 17:35:50,765 - config - INFO - Página 17 abierta correctamente.
2025-10-24 17:35:54,793 - config - INFO - Fila 4 - color: rgb(45, 172, 49)
2025-10-24 17:35:54,942 - config - INFO - Clic en radio de fila 4
2025-10-24 17:35:59,079 - config - INFO - Registro actualizado correctamente
2025-10-24 17:35:59,079 - config - INFO - Registro actualizado.
2025-10-24 17:35:59,892 - config - INFO - Intentando ir a la página 17...
2025-10-24 17:36:14,990 - config - INFO - Página 17 abierta correctamente.
2025-10-24 17:36:19,022 - config - INFO - Fila 5 - color: rgb(45, 172, 49)
2025-10-24 17:36:19,064 - config - INFO - Clic en radio de fila 5
2025-10-24 17:36:23,211 - config - INFO - Registro actualizado correctamente
2025-10-24 17:36:23,211 - config - INFO - Registro actualizado.
2025-10-24 17:36:23,968 - config - INFO - Intentando ir a la página 17...
2025-10-24 17:36:39,037 - config - INFO - Página 17 abierta correctamente.
2025-10-24 17:36:43,066 - config - INFO - Fila 6 - color: rgb(45, 172, 49)
2025-10-24 17:36:43,109 - config - INFO - Clic en radio de fila 6
2025-10-24 17:36:47,242 - config - INFO - Registro actualizado correctamente
2025-10-24 17:36:47,242 - config - INFO - Registro actualizado.
2025-10-24 17:36:48,603 - config - INFO - Intentando ir a la página 17...
2025-10-24 17:37:03,732 - config - INFO - Página 17 abierta correctamente.
2025-10-24 17:37:07,765 - config - INFO - Fila 7 - color: rgb(45, 172, 49)
2025-10-24 17:37:07,806 - config - INFO - Clic en radio de fila 7
2025-10-24 17:37:11,953 - config - INFO - Registro actualizado correctamente
2025-10-24 17:37:11,953 - config - INFO - Registro actualizado.
2025-10-24 17:37:12,756 - config - INFO - Intentando ir a la página 17...
2025-10-24 17:37:27,815 - config - INFO - Página 17 abierta correctamente.
2025-10-24 17:37:31,848 - config - INFO - Fila 8 - color: rgb(45, 172, 49)
2025-10-24 17:37:31,884 - config - INFO - Clic en radio de fila 8
2025-10-24 17:37:35,997 - config - INFO - Registro actualizado correctamente
2025-10-24 17:37:35,998 - config - INFO - Registro actualizado.
2025-10-24 17:37:36,846 - config - INFO - Intentando ir a la página 17...
2025-10-24 17:37:51,977 - config - INFO - Página 17 abierta correctamente.
2025-10-24 17:37:56,016 - config - INFO - Fila 9 - color: rgb(45, 172, 49)
2025-10-24 17:37:56,050 - config - INFO - Clic en radio de fila 9
2025-10-24 17:38:00,181 - config - INFO - Registro actualizado correctamente
2025-10-24 17:38:00,181 - config - INFO - Registro actualizado.
2025-10-24 17:38:01,130 - config - INFO - Intentando ir a la página 17...
2025-10-24 17:38:16,321 - config - INFO - Página 17 abierta correctamente.
2025-10-24 17:38:20,350 - config - INFO - Fila 10 - color: rgb(45, 172, 49)
2025-10-24 17:38:20,378 - config - INFO - Clic en radio de fila 10
2025-10-24 17:38:24,492 - config - INFO - Registro actualizado correctamente
2025-10-24 17:38:24,492 - config - INFO - Registro actualizado.
2025-10-24 17:38:25,471 - config - INFO - Intentando ir a la página 17...
2025-10-24 17:38:40,652 - config - INFO - Página 17 abierta correctamente.
2025-10-24 17:38:47,865 - config - INFO - Total de filas encontradas: 10
2025-10-24 17:38:49,891 - config - INFO - Fila 1 - color: rgb(45, 172, 49)
2025-10-24 17:38:49,921 - config - INFO - Clic en radio de fila 1
2025-10-24 17:38:54,035 - config - INFO - Registro actualizado correctamente
2025-10-24 17:38:54,036 - config - INFO - Registro actualizado.
2025-10-24 17:38:54,834 - config - INFO - Intentando ir a la página 18...
2025-10-24 17:39:11,062 - config - INFO - Página 18 abierta correctamente.
2025-10-24 17:39:15,090 - config - INFO - Fila 2 - color: rgb(45, 172, 49)
2025-10-24 17:39:15,137 - config - INFO - Clic en radio de fila 2
2025-10-24 17:39:19,265 - config - INFO - Registro actualizado correctamente
2025-10-24 17:39:19,265 - config - INFO - Registro actualizado.
2025-10-24 17:39:20,016 - config - INFO - Intentando ir a la página 18...
2025-10-24 17:39:36,160 - config - INFO - Página 18 abierta correctamente.
2025-10-24 17:39:40,186 - config - INFO - Fila 3 - color: rgb(45, 172, 49)
2025-10-24 17:39:40,213 - config - INFO - Clic en radio de fila 3
2025-10-24 17:39:44,329 - config - INFO - Registro actualizado correctamente
2025-10-24 17:39:44,329 - config - INFO - Registro actualizado.
2025-10-24 17:39:45,140 - config - INFO - Intentando ir a la página 18...
2025-10-24 17:40:01,320 - config - INFO - Página 18 abierta correctamente.
2025-10-24 17:40:05,365 - config - INFO - Fila 4 - color: rgb(45, 172, 49)
2025-10-24 17:40:05,391 - config - INFO - Clic en radio de fila 4
2025-10-24 17:40:09,542 - config - INFO - Registro actualizado correctamente
2025-10-24 17:40:09,542 - config - INFO - Registro actualizado.
2025-10-24 17:40:10,666 - config - INFO - Intentando ir a la página 18...
2025-10-24 17:40:26,801 - config - INFO - Página 18 abierta correctamente.
2025-10-24 17:40:30,828 - config - INFO - Fila 5 - color: rgb(45, 172, 49)
2025-10-24 17:40:30,876 - config - INFO - Clic en radio de fila 5
2025-10-24 17:40:35,020 - config - INFO - Registro actualizado correctamente
2025-10-24 17:40:35,020 - config - INFO - Registro actualizado.
2025-10-24 17:40:35,674 - config - INFO - Intentando ir a la página 18...
2025-10-24 17:40:51,830 - config - INFO - Página 18 abierta correctamente.
2025-10-24 17:40:55,852 - config - INFO - Fila 6 - color: rgb(45, 172, 49)
2025-10-24 17:40:55,887 - config - INFO - Clic en radio de fila 6
2025-10-24 17:41:00,018 - config - INFO - Registro actualizado correctamente
2025-10-24 17:41:00,018 - config - INFO - Registro actualizado.
2025-10-24 17:41:01,004 - config - INFO - Intentando ir a la página 18...
2025-10-24 17:41:17,158 - config - INFO - Página 18 abierta correctamente.
2025-10-24 17:41:21,188 - config - INFO - Fila 7 - color: rgb(45, 172, 49)
2025-10-24 17:41:21,232 - config - INFO - Clic en radio de fila 7
2025-10-24 17:41:25,381 - config - INFO - Registro actualizado correctamente
2025-10-24 17:41:25,381 - config - INFO - Registro actualizado.
2025-10-24 17:41:26,004 - config - INFO - Intentando ir a la página 18...
2025-10-24 17:41:42,172 - config - INFO - Página 18 abierta correctamente.
2025-10-24 17:41:46,199 - config - INFO - Fila 8 - color: rgb(45, 172, 49)
2025-10-24 17:41:46,227 - config - INFO - Clic en radio de fila 8
2025-10-24 17:41:50,342 - config - INFO - Registro actualizado correctamente
2025-10-24 17:41:50,342 - config - INFO - Registro actualizado.
2025-10-24 17:41:51,117 - config - INFO - Intentando ir a la página 18...
2025-10-24 17:42:07,267 - config - INFO - Página 18 abierta correctamente.
2025-10-24 17:42:11,298 - config - INFO - Fila 9 - color: rgb(45, 172, 49)
2025-10-24 17:42:11,341 - config - INFO - Clic en radio de fila 9
2025-10-24 17:42:15,489 - config - INFO - Registro actualizado correctamente
2025-10-24 17:42:15,489 - config - INFO - Registro actualizado.
2025-10-24 17:42:16,331 - config - INFO - Intentando ir a la página 18...
2025-10-24 17:42:32,519 - config - INFO - Página 18 abierta correctamente.
2025-10-24 17:42:36,554 - config - INFO - Fila 10 - color: rgb(45, 172, 49)
2025-10-24 17:42:36,586 - config - INFO - Clic en radio de fila 10
2025-10-24 17:42:40,718 - config - INFO - Registro actualizado correctamente
2025-10-24 17:42:40,719 - config - INFO - Registro actualizado.
2025-10-24 17:42:41,518 - config - INFO - Intentando ir a la página 18...
2025-10-24 17:42:57,845 - config - INFO - Página 18 abierta correctamente.
2025-10-24 17:43:04,956 - config - INFO - Total de filas encontradas: 10
2025-10-24 17:43:06,980 - config - INFO - Fila 1 - color: rgb(45, 172, 49)
2025-10-24 17:43:07,011 - config - INFO - Clic en radio de fila 1
2025-10-24 17:43:11,140 - config - INFO - Registro actualizado correctamente
2025-10-24 17:43:11,140 - config - INFO - Registro actualizado.
2025-10-24 17:43:12,638 - config - INFO - Intentando ir a la página 19...
2025-10-24 17:43:29,868 - config - INFO - Página 19 abierta correctamente.
2025-10-24 17:43:33,908 - config - INFO - Fila 2 - color: rgb(45, 172, 49)
2025-10-24 17:43:33,937 - config - INFO - Clic en radio de fila 2
2025-10-24 17:43:38,087 - config - INFO - Registro actualizado correctamente
2025-10-24 17:43:38,087 - config - INFO - Registro actualizado.
2025-10-24 17:43:39,269 - config - INFO - Intentando ir a la página 19...
2025-10-24 17:43:58,231 - config - INFO - Página 19 abierta correctamente.
2025-10-24 17:44:02,276 - config - INFO - Fila 3 - color: rgb(45, 172, 49)
2025-10-24 17:44:02,318 - config - INFO - Clic en radio de fila 3
2025-10-24 17:44:06,465 - config - INFO - Registro actualizado correctamente
2025-10-24 17:44:06,466 - config - INFO - Registro actualizado.
2025-10-24 17:44:07,390 - config - INFO - Intentando ir a la página 19...
2025-10-24 17:44:24,705 - config - INFO - Página 19 abierta correctamente.
2025-10-24 17:44:28,742 - config - INFO - Fila 4 - color: rgb(45, 172, 49)
2025-10-24 17:44:28,776 - config - INFO - Clic en radio de fila 4
2025-10-24 17:44:32,910 - config - INFO - Registro actualizado correctamente
2025-10-24 17:44:32,911 - config - INFO - Registro actualizado.
2025-10-24 17:44:33,913 - config - INFO - Intentando ir a la página 19...
2025-10-24 17:44:51,300 - config - INFO - Página 19 abierta correctamente.
2025-10-24 17:44:55,340 - config - INFO - Fila 5 - color: rgb(45, 172, 49)
2025-10-24 17:44:55,372 - config - INFO - Clic en radio de fila 5
2025-10-24 17:44:59,504 - config - INFO - Registro actualizado correctamente
2025-10-24 17:44:59,505 - config - INFO - Registro actualizado.
2025-10-24 17:45:00,393 - config - INFO - Intentando ir a la página 19...
2025-10-24 17:45:17,629 - config - INFO - Página 19 abierta correctamente.
2025-10-24 17:45:21,656 - config - INFO - Fila 6 - color: rgb(45, 172, 49)
2025-10-24 17:45:21,703 - config - INFO - Clic en radio de fila 6
2025-10-24 17:45:25,832 - config - INFO - Registro actualizado correctamente
2025-10-24 17:45:25,832 - config - INFO - Registro actualizado.
2025-10-24 17:45:27,074 - config - INFO - Intentando ir a la página 19...
2025-10-24 17:45:44,324 - config - INFO - Página 19 abierta correctamente.
2025-10-24 17:45:48,363 - config - INFO - Fila 7 - color: rgb(45, 172, 49)
2025-10-24 17:45:48,394 - config - INFO - Clic en radio de fila 7
2025-10-24 17:45:52,477 - config - INFO - Registro actualizado correctamente
2025-10-24 17:45:52,477 - config - INFO - Registro actualizado.
2025-10-24 17:45:53,428 - config - INFO - Intentando ir a la página 19...
2025-10-24 17:46:10,767 - config - INFO - Página 19 abierta correctamente.
2025-10-24 17:46:14,804 - config - INFO - Fila 8 - color: rgb(45, 172, 49)
2025-10-24 17:46:14,842 - config - INFO - Clic en radio de fila 8
2025-10-24 17:46:18,991 - config - INFO - Registro actualizado correctamente
2025-10-24 17:46:18,991 - config - INFO - Registro actualizado.
2025-10-24 17:46:20,074 - config - INFO - Intentando ir a la página 19...
2025-10-24 17:46:37,331 - config - INFO - Página 19 abierta correctamente.
2025-10-24 17:46:41,365 - config - INFO - Fila 9 - color: rgb(45, 172, 49)
2025-10-24 17:46:41,402 - config - INFO - Clic en radio de fila 9
2025-10-24 17:46:45,515 - config - INFO - Registro actualizado correctamente
2025-10-24 17:46:45,515 - config - INFO - Registro actualizado.
2025-10-24 17:46:46,784 - config - INFO - Intentando ir a la página 19...
2025-10-24 17:47:04,007 - config - INFO - Página 19 abierta correctamente.
2025-10-24 17:47:08,043 - config - INFO - Fila 10 - color: rgb(45, 172, 49)
2025-10-24 17:47:08,080 - config - INFO - Clic en radio de fila 10
2025-10-24 17:47:12,212 - config - INFO - Registro actualizado correctamente
2025-10-24 17:47:12,213 - config - INFO - Registro actualizado.
2025-10-24 17:47:13,087 - config - INFO - Intentando ir a la página 19...
2025-10-24 17:47:30,336 - config - INFO - Página 19 abierta correctamente.
2025-10-24 17:47:37,429 - config - INFO - Total de filas encontradas: 10
2025-10-24 17:47:39,462 - config - INFO - Fila 1 - color: rgb(45, 172, 49)
2025-10-24 17:47:39,545 - config - INFO - Clic en radio de fila 1
2025-10-24 17:47:43,687 - config - INFO - Registro actualizado correctamente
2025-10-24 17:47:43,687 - config - INFO - Registro actualizado.
2025-10-24 17:47:44,494 - config - INFO - Intentando ir a la página 20...
2025-10-24 17:48:02,893 - config - INFO - Página 20 abierta correctamente.
2025-10-24 17:48:06,919 - config - INFO - Fila 2 - color: rgb(45, 172, 49)
2025-10-24 17:48:06,967 - config - INFO - Clic en radio de fila 2
2025-10-24 17:48:11,080 - config - INFO - Registro actualizado correctamente
2025-10-24 17:48:11,080 - config - INFO - Registro actualizado.
2025-10-24 17:48:12,044 - config - INFO - Intentando ir a la página 20...
2025-10-24 17:48:30,337 - config - INFO - Página 20 abierta correctamente.
2025-10-24 17:48:34,374 - config - INFO - Fila 3 - color: rgb(45, 172, 49)
2025-10-24 17:48:34,409 - config - INFO - Clic en radio de fila 3
2025-10-24 17:48:38,542 - config - INFO - Registro actualizado correctamente
2025-10-24 17:48:38,542 - config - INFO - Registro actualizado.
2025-10-24 17:48:39,387 - config - INFO - Intentando ir a la página 20...
2025-10-24 17:48:57,682 - config - INFO - Página 20 abierta correctamente.
2025-10-24 17:49:01,720 - config - INFO - Fila 4 - color: rgb(45, 172, 49)
2025-10-24 17:49:01,753 - config - INFO - Clic en radio de fila 4
2025-10-24 17:49:05,868 - config - INFO - Registro actualizado correctamente
2025-10-24 17:49:05,869 - config - INFO - Registro actualizado.
2025-10-24 17:49:07,213 - config - INFO - Intentando ir a la página 20...
2025-10-24 17:49:25,522 - config - INFO - Página 20 abierta correctamente.
2025-10-24 17:49:29,545 - config - INFO - Fila 5 - color: rgb(45, 172, 49)
2025-10-24 17:49:29,585 - config - INFO - Clic en radio de fila 5
2025-10-24 17:49:33,729 - config - INFO - Registro actualizado correctamente
2025-10-24 17:49:33,729 - config - INFO - Registro actualizado.
2025-10-24 17:49:34,501 - config - INFO - Intentando ir a la página 20...
2025-10-24 17:49:52,803 - config - INFO - Página 20 abierta correctamente.
2025-10-24 17:49:56,832 - config - INFO - Fila 6 - color: rgb(45, 172, 49)
2025-10-24 17:49:56,876 - config - INFO - Clic en radio de fila 6
2025-10-24 17:50:01,010 - config - INFO - Registro actualizado correctamente
2025-10-24 17:50:01,010 - config - INFO - Registro actualizado.
2025-10-24 17:50:03,224 - config - INFO - Intentando ir a la página 20...
2025-10-24 17:50:21,596 - config - INFO - Página 20 abierta correctamente.
2025-10-24 17:50:25,631 - config - INFO - Fila 7 - color: rgb(45, 172, 49)
2025-10-24 17:50:25,672 - config - INFO - Clic en radio de fila 7
2025-10-24 17:50:29,800 - config - INFO - Registro actualizado correctamente
2025-10-24 17:50:29,801 - config - INFO - Registro actualizado.
2025-10-24 17:50:30,822 - config - INFO - Intentando ir a la página 20...
2025-10-24 17:50:49,289 - config - INFO - Página 20 abierta correctamente.
2025-10-24 17:50:53,311 - config - INFO - Fila 8 - color: rgb(45, 172, 49)
2025-10-24 17:50:53,346 - config - INFO - Clic en radio de fila 8
2025-10-24 17:50:57,594 - config - INFO - Registro actualizado correctamente
2025-10-24 17:50:57,594 - config - INFO - Registro actualizado.
2025-10-24 17:50:58,430 - config - INFO - Intentando ir a la página 20...
2025-10-24 17:51:16,818 - config - INFO - Página 20 abierta correctamente.
2025-10-24 17:51:20,854 - config - INFO - Fila 9 - color: rgb(45, 172, 49)
2025-10-24 17:51:20,890 - config - INFO - Clic en radio de fila 9
2025-10-24 17:51:25,039 - config - INFO - Registro actualizado correctamente
2025-10-24 17:51:25,040 - config - INFO - Registro actualizado.
2025-10-24 17:51:25,911 - config - INFO - Intentando ir a la página 20...
2025-10-24 17:51:44,195 - config - INFO - Página 20 abierta correctamente.
2025-10-24 17:51:48,233 - config - INFO - Fila 10 - color: rgb(45, 172, 49)
2025-10-24 17:51:48,266 - config - INFO - Clic en radio de fila 10
2025-10-24 17:51:52,398 - config - INFO - Registro actualizado correctamente
2025-10-24 17:51:52,398 - config - INFO - Registro actualizado.
2025-10-24 17:51:53,156 - config - INFO - Intentando ir a la página 20...
2025-10-24 17:52:11,490 - config - INFO - Página 20 abierta correctamente.
2025-10-24 17:52:18,585 - config - INFO - Total de filas encontradas: 10
2025-10-24 17:52:20,606 - config - INFO - Fila 1 - color: rgb(45, 172, 49)
2025-10-24 17:52:20,681 - config - INFO - Clic en radio de fila 1
2025-10-24 17:52:24,824 - config - INFO - Registro actualizado correctamente
2025-10-24 17:52:24,825 - config - INFO - Registro actualizado.
2025-10-24 17:52:25,975 - config - INFO - Intentando ir a la página 21...
2025-10-24 17:52:45,344 - config - INFO - Página 21 abierta correctamente.
2025-10-24 17:52:49,381 - config - INFO - Fila 2 - color: rgb(45, 172, 49)
2025-10-24 17:52:49,417 - config - INFO - Clic en radio de fila 2
2025-10-24 17:52:53,549 - config - INFO - Registro actualizado correctamente
2025-10-24 17:52:53,549 - config - INFO - Registro actualizado.
2025-10-24 17:52:54,451 - config - INFO - Intentando ir a la página 21...
2025-10-24 17:53:13,856 - config - INFO - Página 21 abierta correctamente.
2025-10-24 17:53:17,890 - config - INFO - Fila 3 - color: rgb(45, 172, 49)
2025-10-24 17:53:17,929 - config - INFO - Clic en radio de fila 3
2025-10-24 17:53:22,093 - config - INFO - Registro actualizado correctamente
2025-10-24 17:53:22,093 - config - INFO - Registro actualizado.
2025-10-24 17:53:22,913 - config - INFO - Intentando ir a la página 21...
2025-10-24 17:53:42,296 - config - INFO - Página 21 abierta correctamente.
2025-10-24 17:53:46,320 - config - INFO - Fila 4 - color: rgb(45, 172, 49)
2025-10-24 17:53:46,353 - config - INFO - Clic en radio de fila 4
2025-10-24 17:53:50,487 - config - INFO - Registro actualizado correctamente
2025-10-24 17:53:50,487 - config - INFO - Registro actualizado.
2025-10-24 17:53:51,294 - config - INFO - Intentando ir a la página 21...
2025-10-24 17:54:10,656 - config - INFO - Página 21 abierta correctamente.
2025-10-24 17:54:14,675 - config - INFO - Fila 5 - color: rgb(45, 172, 49)
2025-10-24 17:54:14,717 - config - INFO - Clic en radio de fila 5
2025-10-24 17:54:18,846 - config - INFO - Registro actualizado correctamente
2025-10-24 17:54:18,846 - config - INFO - Registro actualizado.
2025-10-24 17:54:19,759 - config - INFO - Intentando ir a la página 21...
2025-10-24 17:54:39,136 - config - INFO - Página 21 abierta correctamente.
2025-10-24 17:54:43,172 - config - INFO - Fila 6 - color: rgb(45, 172, 49)
2025-10-24 17:54:43,207 - config - INFO - Clic en radio de fila 6
2025-10-24 17:54:47,339 - config - INFO - Registro actualizado correctamente
2025-10-24 17:54:47,339 - config - INFO - Registro actualizado.
2025-10-24 17:54:48,105 - config - INFO - Intentando ir a la página 21...
2025-10-24 17:55:07,663 - config - INFO - Página 21 abierta correctamente.
2025-10-24 17:55:11,699 - config - INFO - Fila 7 - color: rgb(45, 172, 49)
2025-10-24 17:55:11,736 - config - INFO - Clic en radio de fila 7
2025-10-24 17:55:15,866 - config - INFO - Registro actualizado correctamente
2025-10-24 17:55:15,867 - config - INFO - Registro actualizado.
2025-10-24 17:55:16,860 - config - INFO - Intentando ir a la página 21...
2025-10-24 17:55:36,156 - config - INFO - Página 21 abierta correctamente.
2025-10-24 17:55:40,188 - config - INFO - Fila 8 - color: rgb(45, 172, 49)
2025-10-24 17:55:40,229 - config - INFO - Clic en radio de fila 8
2025-10-24 17:55:44,377 - config - INFO - Registro actualizado correctamente
2025-10-24 17:55:44,377 - config - INFO - Registro actualizado.
2025-10-24 17:55:45,252 - config - INFO - Intentando ir a la página 21...
2025-10-24 17:56:04,711 - config - INFO - Página 21 abierta correctamente.
2025-10-24 17:56:08,737 - config - INFO - Fila 9 - color: rgb(45, 172, 49)
2025-10-24 17:56:08,769 - config - INFO - Clic en radio de fila 9
2025-10-24 17:56:12,884 - config - INFO - Registro actualizado correctamente
2025-10-24 17:56:12,884 - config - INFO - Registro actualizado.
2025-10-24 17:56:13,700 - config - INFO - Intentando ir a la página 21...
2025-10-24 17:56:33,142 - config - INFO - Página 21 abierta correctamente.
2025-10-24 17:56:37,181 - config - INFO - Fila 10 - color: rgb(45, 172, 49)
2025-10-24 17:56:37,213 - config - INFO - Clic en radio de fila 10
2025-10-24 17:56:41,348 - config - INFO - Registro actualizado correctamente
2025-10-24 17:56:41,348 - config - INFO - Registro actualizado.
2025-10-24 17:56:42,168 - config - INFO - Intentando ir a la página 21...
2025-10-24 17:57:01,519 - config - INFO - Página 21 abierta correctamente.
2025-10-24 17:57:08,614 - config - INFO - Total de filas encontradas: 10
2025-10-24 17:57:10,641 - config - INFO - Fila 1 - color: rgb(45, 172, 49)
2025-10-24 17:57:10,706 - config - INFO - Clic en radio de fila 1
2025-10-24 17:57:14,886 - config - INFO - Registro actualizado correctamente
2025-10-24 17:57:14,887 - config - INFO - Registro actualizado.
2025-10-24 17:57:15,712 - config - INFO - Intentando ir a la página 22...
2025-10-24 17:57:36,190 - config - INFO - Página 22 abierta correctamente.
2025-10-24 17:57:40,213 - config - INFO - Fila 2 - color: rgb(45, 172, 49)
2025-10-24 17:57:40,245 - config - INFO - Clic en radio de fila 2
2025-10-24 17:57:44,378 - config - INFO - Registro actualizado correctamente
2025-10-24 17:57:44,378 - config - INFO - Registro actualizado.
2025-10-24 17:57:45,150 - config - INFO - Intentando ir a la página 22...
2025-10-24 17:58:05,550 - config - INFO - Página 22 abierta correctamente.
2025-10-24 17:58:09,580 - config - INFO - Fila 3 - color: rgb(45, 172, 49)
2025-10-24 17:58:09,623 - config - INFO - Clic en radio de fila 3
2025-10-24 17:58:13,768 - config - INFO - Registro actualizado correctamente
2025-10-24 17:58:13,768 - config - INFO - Registro actualizado.
2025-10-24 17:58:14,556 - config - INFO - Intentando ir a la página 22...
2025-10-24 17:58:34,958 - config - INFO - Página 22 abierta correctamente.
2025-10-24 17:58:39,002 - config - INFO - Fila 4 - color: rgb(45, 172, 49)
2025-10-24 17:58:39,031 - config - INFO - Clic en radio de fila 4
2025-10-24 17:58:43,163 - config - INFO - Registro actualizado correctamente
2025-10-24 17:58:43,163 - config - INFO - Registro actualizado.
2025-10-24 17:58:44,194 - config - INFO - Intentando ir a la página 22...
2025-10-24 17:59:04,633 - config - INFO - Página 22 abierta correctamente.
2025-10-24 17:59:08,673 - config - INFO - Fila 5 - color: rgb(45, 172, 49)
2025-10-24 17:59:08,706 - config - INFO - Clic en radio de fila 5
2025-10-24 17:59:25,166 - config - INFO - No se encuentra habilitado el botón actualizar.
2025-10-24 17:59:25,217 - config - INFO - Dando click nuevamente en radio de la fila 5.
2025-10-24 17:59:25,222 - config - INFO - Registro actualizado.
2025-10-24 17:59:25,260 - config - INFO - Intentando ir a la página 22...
2025-10-24 17:59:45,933 - config - INFO - Página 22 abierta correctamente.
2025-10-24 17:59:49,961 - config - INFO - Fila 6 - color: rgb(45, 172, 49)
2025-10-24 17:59:49,988 - config - INFO - Clic en radio de fila 6
2025-10-24 17:59:54,105 - config - INFO - Registro actualizado correctamente
2025-10-24 17:59:54,105 - config - INFO - Registro actualizado.
2025-10-24 17:59:54,903 - config - INFO - Intentando ir a la página 22...
2025-10-24 18:00:15,339 - config - INFO - Página 22 abierta correctamente.
2025-10-24 18:00:19,376 - config - INFO - Fila 7 - color: rgb(45, 172, 49)
2025-10-24 18:00:19,416 - config - INFO - Clic en radio de fila 7
2025-10-24 18:00:23,532 - config - INFO - Registro actualizado correctamente
2025-10-24 18:00:23,532 - config - INFO - Registro actualizado.
2025-10-24 18:00:25,118 - config - INFO - Intentando ir a la página 22...
2025-10-24 18:00:45,547 - config - INFO - Página 22 abierta correctamente.
2025-10-24 18:00:49,587 - config - INFO - Fila 8 - color: rgb(45, 172, 49)
2025-10-24 18:00:49,623 - config - INFO - Clic en radio de fila 8
2025-10-24 18:00:53,755 - config - INFO - Registro actualizado correctamente
2025-10-24 18:00:53,755 - config - INFO - Registro actualizado.
2025-10-24 18:00:54,909 - config - INFO - Intentando ir a la página 22...
2025-10-24 18:01:15,407 - config - INFO - Página 22 abierta correctamente.
2025-10-24 18:01:19,435 - config - INFO - Fila 9 - color: rgb(45, 172, 49)
2025-10-24 18:01:19,465 - config - INFO - Clic en radio de fila 9
2025-10-24 18:01:23,748 - config - INFO - Registro actualizado correctamente
2025-10-24 18:01:23,748 - config - INFO - Registro actualizado.
2025-10-24 18:01:24,573 - config - INFO - Intentando ir a la página 22...
2025-10-24 18:01:45,139 - config - INFO - Página 22 abierta correctamente.
2025-10-24 18:01:49,178 - config - INFO - Fila 10 - color: rgb(45, 172, 49)
2025-10-24 18:01:49,208 - config - INFO - Clic en radio de fila 10
2025-10-24 18:01:53,408 - config - INFO - Registro actualizado correctamente
2025-10-24 18:01:53,409 - config - INFO - Registro actualizado.
2025-10-24 18:01:54,233 - config - INFO - Intentando ir a la página 22...
2025-10-24 18:02:14,711 - config - INFO - Página 22 abierta correctamente.
2025-10-24 18:02:21,819 - config - INFO - Total de filas encontradas: 10
2025-10-24 18:02:23,840 - config - INFO - Fila 1 - color: rgb(45, 172, 49)
2025-10-24 18:02:23,916 - config - INFO - Clic en radio de fila 1
2025-10-24 18:02:28,062 - config - INFO - Registro actualizado correctamente
2025-10-24 18:02:28,062 - config - INFO - Registro actualizado.
2025-10-24 18:02:29,411 - config - INFO - Intentando ir a la página 23...
2025-10-24 18:02:50,934 - config - INFO - Página 23 abierta correctamente.
2025-10-24 18:02:54,990 - config - INFO - Fila 2 - color: rgb(45, 172, 49)
2025-10-24 18:02:55,022 - config - INFO - Clic en radio de fila 2
2025-10-24 18:02:59,150 - config - INFO - Registro actualizado correctamente
2025-10-24 18:02:59,151 - config - INFO - Registro actualizado.
2025-10-24 18:03:00,067 - config - INFO - Intentando ir a la página 23...
2025-10-24 18:03:21,625 - config - INFO - Página 23 abierta correctamente.
2025-10-24 18:03:25,668 - config - INFO - Fila 3 - color: rgb(45, 172, 49)
2025-10-24 18:03:25,715 - config - INFO - Clic en radio de fila 3
2025-10-24 18:03:29,863 - config - INFO - Registro actualizado correctamente
2025-10-24 18:03:29,863 - config - INFO - Registro actualizado.
2025-10-24 18:03:30,941 - config - INFO - Intentando ir a la página 23...
2025-10-24 18:03:52,431 - config - INFO - Página 23 abierta correctamente.
2025-10-24 18:03:56,475 - config - INFO - Fila 4 - color: rgb(45, 172, 49)
2025-10-24 18:03:56,505 - config - INFO - Clic en radio de fila 4
2025-10-24 18:04:00,603 - config - INFO - Registro actualizado correctamente
2025-10-24 18:04:00,604 - config - INFO - Registro actualizado.
2025-10-24 18:04:01,565 - config - INFO - Intentando ir a la página 23...
2025-10-24 18:04:23,109 - config - INFO - Página 23 abierta correctamente.
2025-10-24 18:04:27,142 - config - INFO - Fila 5 - color: rgb(45, 172, 49)
2025-10-24 18:04:27,180 - config - INFO - Clic en radio de fila 5
2025-10-24 18:04:31,327 - config - INFO - Registro actualizado correctamente
2025-10-24 18:04:31,328 - config - INFO - Registro actualizado.
2025-10-24 18:04:32,173 - config - INFO - Intentando ir a la página 23...
2025-10-24 18:04:53,748 - config - INFO - Página 23 abierta correctamente.
2025-10-24 18:04:57,782 - config - INFO - Fila 6 - color: rgb(45, 172, 49)
2025-10-24 18:04:57,821 - config - INFO - Clic en radio de fila 6
2025-10-24 18:05:01,969 - config - INFO - Registro actualizado correctamente
2025-10-24 18:05:01,969 - config - INFO - Registro actualizado.
2025-10-24 18:05:03,976 - config - INFO - Intentando ir a la página 23...
2025-10-24 18:05:25,440 - config - INFO - Página 23 abierta correctamente.
2025-10-24 18:05:29,481 - config - INFO - Fila 7 - color: rgb(45, 172, 49)
2025-10-24 18:05:29,514 - config - INFO - Clic en radio de fila 7
2025-10-24 18:05:33,645 - config - INFO - Registro actualizado correctamente
2025-10-24 18:05:33,645 - config - INFO - Registro actualizado.
2025-10-24 18:05:34,487 - config - INFO - Intentando ir a la página 23...
2025-10-24 18:05:56,054 - config - INFO - Página 23 abierta correctamente.
2025-10-24 18:06:00,088 - config - INFO - Fila 8 - color: rgb(45, 172, 49)
2025-10-24 18:06:00,120 - config - INFO - Clic en radio de fila 8
2025-10-24 18:06:04,235 - config - INFO - Registro actualizado correctamente
2025-10-24 18:06:04,236 - config - INFO - Registro actualizado.
2025-10-24 18:06:05,142 - config - INFO - Intentando ir a la página 23...
2025-10-24 18:06:26,656 - config - INFO - Página 23 abierta correctamente.
2025-10-24 18:06:30,698 - config - INFO - Fila 9 - color: rgb(45, 172, 49)
2025-10-24 18:06:30,728 - config - INFO - Clic en radio de fila 9
2025-10-24 18:06:34,843 - config - INFO - Registro actualizado correctamente
2025-10-24 18:06:34,843 - config - INFO - Registro actualizado.
2025-10-24 18:06:35,770 - config - INFO - Intentando ir a la página 23...
2025-10-24 18:06:57,264 - config - INFO - Página 23 abierta correctamente.
2025-10-24 18:07:01,306 - config - INFO - Fila 10 - color: rgb(45, 172, 49)
2025-10-24 18:07:01,340 - config - INFO - Clic en radio de fila 10
2025-10-24 18:07:05,484 - config - INFO - Registro actualizado correctamente
2025-10-24 18:07:05,485 - config - INFO - Registro actualizado.
2025-10-24 18:07:06,362 - config - INFO - Intentando ir a la página 23...
2025-10-24 18:07:28,187 - config - INFO - Página 23 abierta correctamente.
2025-10-24 18:07:35,287 - config - INFO - Total de filas encontradas: 10
2025-10-24 18:07:37,303 - config - INFO - Fila 1 - color: rgb(45, 172, 49)
2025-10-24 18:07:37,376 - config - INFO - Clic en radio de fila 1
2025-10-24 18:07:41,523 - config - INFO - Registro actualizado correctamente
2025-10-24 18:07:41,523 - config - INFO - Registro actualizado.
2025-10-24 18:07:42,392 - config - INFO - Intentando ir a la página 24...
2025-10-24 18:08:04,991 - config - INFO - Página 24 abierta correctamente.
2025-10-24 18:08:09,031 - config - INFO - Fila 2 - color: rgb(45, 172, 49)
2025-10-24 18:08:09,063 - config - INFO - Clic en radio de fila 2
2025-10-24 18:08:13,196 - config - INFO - Registro actualizado correctamente
2025-10-24 18:08:13,196 - config - INFO - Registro actualizado.
2025-10-24 18:08:14,029 - config - INFO - Intentando ir a la página 24...
2025-10-24 18:08:36,665 - config - INFO - Página 24 abierta correctamente.
2025-10-24 18:08:40,688 - config - INFO - Fila 3 - color: rgb(45, 172, 49)
2025-10-24 18:08:40,722 - config - INFO - Clic en radio de fila 3
2025-10-24 18:08:44,835 - config - INFO - Registro actualizado correctamente
2025-10-24 18:08:44,836 - config - INFO - Registro actualizado.
2025-10-24 18:08:45,774 - config - INFO - Intentando ir a la página 24...
2025-10-24 18:09:08,325 - config - INFO - Página 24 abierta correctamente.
2025-10-24 18:09:12,348 - config - INFO - Fila 4 - color: rgb(45, 172, 49)
2025-10-24 18:09:12,402 - config - INFO - Clic en radio de fila 4
2025-10-24 18:09:16,525 - config - INFO - Registro actualizado correctamente
2025-10-24 18:09:16,526 - config - INFO - Registro actualizado.
2025-10-24 18:09:17,340 - config - INFO - Intentando ir a la página 24...
2025-10-24 18:09:40,014 - config - INFO - Página 24 abierta correctamente.
2025-10-24 18:09:44,044 - config - INFO - Fila 5 - color: rgb(45, 172, 49)
2025-10-24 18:09:44,088 - config - INFO - Clic en radio de fila 5
2025-10-24 18:09:48,218 - config - INFO - Registro actualizado correctamente
2025-10-24 18:09:48,218 - config - INFO - Registro actualizado.
2025-10-24 18:09:48,997 - config - INFO - Intentando ir a la página 24...
2025-10-24 18:10:11,656 - config - INFO - Página 24 abierta correctamente.
2025-10-24 18:10:15,686 - config - INFO - Fila 6 - color: rgb(45, 172, 49)
2025-10-24 18:10:15,729 - config - INFO - Clic en radio de fila 6
2025-10-24 18:10:19,842 - config - INFO - Registro actualizado correctamente
2025-10-24 18:10:19,842 - config - INFO - Registro actualizado.
2025-10-24 18:10:20,897 - config - INFO - Intentando ir a la página 24...
2025-10-24 18:10:43,530 - config - INFO - Página 24 abierta correctamente.
2025-10-24 18:10:47,559 - config - INFO - Fila 7 - color: rgb(45, 172, 49)
2025-10-24 18:10:47,601 - config - INFO - Clic en radio de fila 7
2025-10-24 18:10:51,768 - config - INFO - Registro actualizado correctamente
2025-10-24 18:10:51,768 - config - INFO - Registro actualizado.
2025-10-24 18:10:52,837 - config - INFO - Intentando ir a la página 24...
2025-10-24 18:11:15,419 - config - INFO - Página 24 abierta correctamente.
2025-10-24 18:11:19,460 - config - INFO - Fila 8 - color: rgb(45, 172, 49)
2025-10-24 18:11:19,494 - config - INFO - Clic en radio de fila 8
2025-10-24 18:11:23,641 - config - INFO - Registro actualizado correctamente
2025-10-24 18:11:23,642 - config - INFO - Registro actualizado.
2025-10-24 18:11:24,475 - config - INFO - Intentando ir a la página 24...
2025-10-24 18:11:47,042 - config - INFO - Página 24 abierta correctamente.
2025-10-24 18:11:51,068 - config - INFO - Fila 9 - color: rgb(45, 172, 49)
2025-10-24 18:11:51,098 - config - INFO - Clic en radio de fila 9
2025-10-24 18:11:55,249 - config - INFO - Registro actualizado correctamente
2025-10-24 18:11:55,249 - config - INFO - Registro actualizado.
2025-10-24 18:11:56,039 - config - INFO - Intentando ir a la página 24...
2025-10-24 18:12:18,586 - config - INFO - Página 24 abierta correctamente.
2025-10-24 18:12:22,619 - config - INFO - Fila 10 - color: rgb(45, 172, 49)
2025-10-24 18:12:22,657 - config - INFO - Clic en radio de fila 10
2025-10-24 18:12:39,095 - config - INFO - No se encuentra habilitado el botón actualizar.
2025-10-24 18:12:39,127 - config - INFO - Dando click nuevamente en radio de la fila 10.
2025-10-24 18:12:39,128 - config - INFO - Registro actualizado.
2025-10-24 18:12:39,140 - config - INFO - Intentando ir a la página 24...
2025-10-24 18:13:01,766 - config - INFO - Página 24 abierta correctamente.
2025-10-24 18:13:08,876 - config - INFO - Total de filas encontradas: 10
2025-10-24 18:13:10,910 - config - INFO - Fila 1 - color: rgb(45, 172, 49)
2025-10-24 18:13:10,949 - config - INFO - Clic en radio de fila 1
2025-10-24 18:13:15,098 - config - INFO - Registro actualizado correctamente
2025-10-24 18:13:15,098 - config - INFO - Registro actualizado.
2025-10-24 18:13:15,908 - config - INFO - Intentando ir a la página 25...
2025-10-24 18:13:39,518 - config - INFO - Página 25 abierta correctamente.
2025-10-24 18:13:43,549 - config - INFO - Fila 2 - color: rgb(45, 172, 49)
2025-10-24 18:13:43,592 - config - INFO - Clic en radio de fila 2
2025-10-24 18:13:47,721 - config - INFO - Registro actualizado correctamente
2025-10-24 18:13:47,721 - config - INFO - Registro actualizado.
2025-10-24 18:13:48,510 - config - INFO - Intentando ir a la página 25...
2025-10-24 18:14:12,142 - config - INFO - Página 25 abierta correctamente.
2025-10-24 18:14:16,178 - config - INFO - Fila 3 - color: rgb(45, 172, 49)
2025-10-24 18:14:16,213 - config - INFO - Clic en radio de fila 3
2025-10-24 18:14:20,363 - config - INFO - Registro actualizado correctamente
2025-10-24 18:14:20,363 - config - INFO - Registro actualizado.
2025-10-24 18:14:21,170 - config - INFO - Intentando ir a la página 25...
2025-10-24 18:14:45,083 - config - INFO - Página 25 abierta correctamente.
2025-10-24 18:14:49,118 - config - INFO - Fila 4 - color: rgb(45, 172, 49)
2025-10-24 18:14:49,152 - config - INFO - Clic en radio de fila 4
2025-10-24 18:14:53,266 - config - INFO - Registro actualizado correctamente
2025-10-24 18:14:53,266 - config - INFO - Registro actualizado.
2025-10-24 18:14:54,126 - config - INFO - Intentando ir a la página 25...
2025-10-24 18:15:17,903 - config - INFO - Página 25 abierta correctamente.
2025-10-24 18:15:21,943 - config - INFO - Fila 5 - color: rgb(45, 172, 49)
2025-10-24 18:15:21,977 - config - INFO - Clic en radio de fila 5
2025-10-24 18:15:26,097 - config - INFO - Registro actualizado correctamente
2025-10-24 18:15:26,097 - config - INFO - Registro actualizado.
2025-10-24 18:15:27,012 - config - INFO - Intentando ir a la página 25...
2025-10-24 18:15:50,628 - config - INFO - Página 25 abierta correctamente.
2025-10-24 18:15:54,656 - config - INFO - Fila 6 - color: rgb(45, 172, 49)
2025-10-24 18:15:54,699 - config - INFO - Clic en radio de fila 6
2025-10-24 18:15:58,850 - config - INFO - Registro actualizado correctamente
2025-10-24 18:15:58,850 - config - INFO - Registro actualizado.
2025-10-24 18:15:59,758 - config - INFO - Intentando ir a la página 25...
2025-10-24 18:16:23,413 - config - INFO - Página 25 abierta correctamente.
2025-10-24 18:16:27,438 - config - INFO - Fila 7 - color: rgb(45, 172, 49)
2025-10-24 18:16:27,472 - config - INFO - Clic en radio de fila 7
2025-10-24 18:16:31,602 - config - INFO - Registro actualizado correctamente
2025-10-24 18:16:31,602 - config - INFO - Registro actualizado.
2025-10-24 18:16:32,516 - config - INFO - Intentando ir a la página 25...
2025-10-24 18:16:56,170 - config - INFO - Página 25 abierta correctamente.
2025-10-24 18:17:00,206 - config - INFO - Fila 8 - color: rgb(45, 172, 49)
2025-10-24 18:17:00,247 - config - INFO - Clic en radio de fila 8
2025-10-24 18:17:04,395 - config - INFO - Registro actualizado correctamente
2025-10-24 18:17:04,395 - config - INFO - Registro actualizado.
2025-10-24 18:17:05,251 - config - INFO - Intentando ir a la página 25...
2025-10-24 18:17:28,881 - config - INFO - Página 25 abierta correctamente.
2025-10-24 18:17:32,914 - config - INFO - Fila 9 - color: rgb(45, 172, 49)
2025-10-24 18:17:32,953 - config - INFO - Clic en radio de fila 9
2025-10-24 18:17:37,099 - config - INFO - Registro actualizado correctamente
2025-10-24 18:17:37,099 - config - INFO - Registro actualizado.
2025-10-24 18:17:37,899 - config - INFO - Intentando ir a la página 25...
2025-10-24 18:18:01,621 - config - INFO - Página 25 abierta correctamente.
2025-10-24 18:18:05,653 - config - INFO - Fila 10 - color: rgb(45, 172, 49)
2025-10-24 18:18:05,694 - config - INFO - Clic en radio de fila 10
2025-10-24 18:18:09,792 - config - INFO - Registro actualizado correctamente
2025-10-24 18:18:09,792 - config - INFO - Registro actualizado.
2025-10-24 18:18:10,718 - config - INFO - Intentando ir a la página 25...
2025-10-24 18:18:34,362 - config - INFO - Página 25 abierta correctamente.
2025-10-24 18:18:41,458 - config - INFO - Total de filas encontradas: 10
2025-10-24 18:18:43,483 - config - INFO - Fila 1 - color: rgb(45, 172, 49)
2025-10-24 18:18:43,529 - config - INFO - Clic en radio de fila 1
2025-10-24 18:18:47,673 - config - INFO - Registro actualizado correctamente
2025-10-24 18:18:47,673 - config - INFO - Registro actualizado.
2025-10-24 18:18:48,492 - config - INFO - Intentando ir a la página 26...
2025-10-24 18:19:13,211 - config - INFO - Página 26 abierta correctamente.
2025-10-24 18:19:17,243 - config - INFO - Fila 2 - color: rgb(45, 172, 49)
2025-10-24 18:19:17,288 - config - INFO - Clic en radio de fila 2
2025-10-24 18:19:21,434 - config - INFO - Registro actualizado correctamente
2025-10-24 18:19:21,434 - config - INFO - Registro actualizado.
2025-10-24 18:19:21,883 - config - INFO - Intentando ir a la página 26...
2025-10-24 18:19:46,636 - config - INFO - Página 26 abierta correctamente.
2025-10-24 18:19:50,668 - config - INFO - Fila 3 - color: rgb(45, 172, 49)
2025-10-24 18:19:50,706 - config - INFO - Clic en radio de fila 3
2025-10-24 18:19:54,839 - config - INFO - Registro actualizado correctamente
2025-10-24 18:19:54,839 - config - INFO - Registro actualizado.
2025-10-24 18:19:55,675 - config - INFO - Intentando ir a la página 26...
2025-10-24 18:20:20,388 - config - INFO - Página 26 abierta correctamente.
2025-10-24 18:20:24,408 - config - INFO - Fila 4 - color: rgb(45, 172, 49)
2025-10-24 18:20:24,445 - config - INFO - Clic en radio de fila 4
2025-10-24 18:20:28,577 - config - INFO - Registro actualizado correctamente
2025-10-24 18:20:28,578 - config - INFO - Registro actualizado.
2025-10-24 18:20:29,468 - config - INFO - Intentando ir a la página 26...
2025-10-24 18:20:54,496 - config - INFO - Página 26 abierta correctamente.
2025-10-24 18:20:58,531 - config - INFO - Fila 5 - color: rgb(45, 172, 49)
2025-10-24 18:20:58,567 - config - INFO - Clic en radio de fila 5
2025-10-24 18:21:02,699 - config - INFO - Registro actualizado correctamente
2025-10-24 18:21:02,699 - config - INFO - Registro actualizado.
2025-10-24 18:21:04,218 - config - INFO - Intentando ir a la página 26...
2025-10-24 18:21:28,917 - config - INFO - Página 26 abierta correctamente.
2025-10-24 18:21:32,958 - config - INFO - Fila 6 - color: rgb(45, 172, 49)
2025-10-24 18:21:32,989 - config - INFO - Clic en radio de fila 6
2025-10-24 18:21:37,119 - config - INFO - Registro actualizado correctamente
2025-10-24 18:21:37,119 - config - INFO - Registro actualizado.
2025-10-24 18:21:38,015 - config - INFO - Intentando ir a la página 26...
2025-10-24 18:22:02,718 - config - INFO - Página 26 abierta correctamente.
2025-10-24 18:22:06,750 - config - INFO - Fila 7 - color: rgb(45, 172, 49)
2025-10-24 18:22:06,776 - config - INFO - Clic en radio de fila 7
2025-10-24 18:22:10,879 - config - INFO - Registro actualizado correctamente
2025-10-24 18:22:10,880 - config - INFO - Registro actualizado.
2025-10-24 18:22:11,811 - config - INFO - Intentando ir a la página 26...
2025-10-24 18:22:36,529 - config - INFO - Página 26 abierta correctamente.
2025-10-24 18:22:40,580 - config - INFO - Fila 8 - color: rgb(45, 172, 49)
2025-10-24 18:22:40,617 - config - INFO - Clic en radio de fila 8
2025-10-24 18:22:44,766 - config - INFO - Registro actualizado correctamente
2025-10-24 18:22:44,767 - config - INFO - Registro actualizado.
2025-10-24 18:22:45,833 - config - INFO - Intentando ir a la página 26...
2025-10-24 18:23:10,792 - config - INFO - Página 26 abierta correctamente.
2025-10-24 18:23:14,831 - config - INFO - Fila 9 - color: rgb(45, 172, 49)
2025-10-24 18:23:14,873 - config - INFO - Clic en radio de fila 9
2025-10-24 18:23:19,021 - config - INFO - Registro actualizado correctamente
2025-10-24 18:23:19,021 - config - INFO - Registro actualizado.
2025-10-24 18:23:19,888 - config - INFO - Intentando ir a la página 26...
2025-10-24 18:23:44,610 - config - INFO - Página 26 abierta correctamente.
2025-10-24 18:23:48,650 - config - INFO - Fila 10 - color: rgb(45, 172, 49)
2025-10-24 18:23:48,677 - config - INFO - Clic en radio de fila 10
2025-10-24 18:23:52,793 - config - INFO - Registro actualizado correctamente
2025-10-24 18:23:52,793 - config - INFO - Registro actualizado.
2025-10-24 18:23:53,185 - config - INFO - Intentando ir a la página 26...
2025-10-24 18:24:18,144 - config - INFO - Página 26 abierta correctamente.
2025-10-24 18:24:25,221 - config - INFO - Total de filas encontradas: 10
2025-10-24 18:24:27,252 - config - INFO - Fila 1 - color: rgb(45, 172, 49)
2025-10-24 18:24:27,313 - config - INFO - Clic en radio de fila 1
2025-10-24 18:24:31,498 - config - INFO - Registro actualizado correctamente
2025-10-24 18:24:31,498 - config - INFO - Registro actualizado.
2025-10-24 18:24:32,349 - config - INFO - Intentando ir a la página 27...
2025-10-24 18:24:58,163 - config - INFO - Página 27 abierta correctamente.
2025-10-24 18:25:02,191 - config - INFO - Fila 2 - color: rgb(45, 172, 49)
2025-10-24 18:25:02,236 - config - INFO - Clic en radio de fila 2
2025-10-24 18:25:06,367 - config - INFO - Registro actualizado correctamente
2025-10-24 18:25:06,367 - config - INFO - Registro actualizado.
2025-10-24 18:25:07,682 - config - INFO - Intentando ir a la página 27...
2025-10-24 18:25:33,533 - config - INFO - Página 27 abierta correctamente.
2025-10-24 18:25:37,570 - config - INFO - Fila 3 - color: rgb(45, 172, 49)
2025-10-24 18:25:37,605 - config - INFO - Clic en radio de fila 3
2025-10-24 18:25:41,738 - config - INFO - Registro actualizado correctamente
2025-10-24 18:25:41,738 - config - INFO - Registro actualizado.
2025-10-24 18:25:42,821 - config - INFO - Intentando ir a la página 27...
2025-10-24 18:26:08,583 - config - INFO - Página 27 abierta correctamente.
2025-10-24 18:26:12,622 - config - INFO - Fila 4 - color: rgb(45, 172, 49)
2025-10-24 18:26:12,663 - config - INFO - Clic en radio de fila 4
2025-10-24 18:26:16,759 - config - INFO - Registro actualizado correctamente
2025-10-24 18:26:16,759 - config - INFO - Registro actualizado.
2025-10-24 18:26:18,084 - config - INFO - Intentando ir a la página 27...
2025-10-24 18:26:43,909 - config - INFO - Página 27 abierta correctamente.
2025-10-24 18:26:47,935 - config - INFO - Fila 5 - color: rgb(45, 172, 49)
2025-10-24 18:26:48,111 - config - INFO - Clic en radio de fila 5
2025-10-24 18:26:52,230 - config - INFO - Registro actualizado correctamente
2025-10-24 18:26:52,231 - config - INFO - Registro actualizado.
2025-10-24 18:26:53,129 - config - INFO - Intentando ir a la página 27...
2025-10-24 18:27:18,930 - config - INFO - Página 27 abierta correctamente.
2025-10-24 18:27:22,971 - config - INFO - Fila 6 - color: rgb(45, 172, 49)
2025-10-24 18:27:23,002 - config - INFO - Clic en radio de fila 6
2025-10-24 18:27:27,151 - config - INFO - Registro actualizado correctamente
2025-10-24 18:27:27,152 - config - INFO - Registro actualizado.
2025-10-24 18:27:27,984 - config - INFO - Intentando ir a la página 27...
2025-10-24 18:27:53,951 - config - INFO - Página 27 abierta correctamente.
2025-10-24 18:27:57,984 - config - INFO - Fila 7 - color: rgb(45, 172, 49)
2025-10-24 18:27:58,027 - config - INFO - Clic en radio de fila 7
2025-10-24 18:28:02,177 - config - INFO - Registro actualizado correctamente
2025-10-24 18:28:02,177 - config - INFO - Registro actualizado.
2025-10-24 18:28:03,185 - config - INFO - Intentando ir a la página 27...
2025-10-24 18:28:28,975 - config - INFO - Página 27 abierta correctamente.
2025-10-24 18:28:33,011 - config - INFO - Fila 8 - color: rgb(45, 172, 49)
2025-10-24 18:28:33,045 - config - INFO - Clic en radio de fila 8
2025-10-24 18:28:37,196 - config - INFO - Registro actualizado correctamente
2025-10-24 18:28:37,196 - config - INFO - Registro actualizado.
2025-10-24 18:28:38,759 - config - INFO - Intentando ir a la página 27...
2025-10-24 18:29:04,627 - config - INFO - Página 27 abierta correctamente.
2025-10-24 18:29:08,658 - config - INFO - Fila 9 - color: rgb(45, 172, 49)
2025-10-24 18:29:08,698 - config - INFO - Clic en radio de fila 9
2025-10-24 18:29:12,810 - config - INFO - Registro actualizado correctamente
2025-10-24 18:29:12,811 - config - INFO - Registro actualizado.
2025-10-24 18:29:13,754 - config - INFO - Intentando ir a la página 27...
2025-10-24 18:29:39,598 - config - INFO - Página 27 abierta correctamente.
2025-10-24 18:29:43,617 - config - INFO - Fila 10 - color: rgb(45, 172, 49)
2025-10-24 18:29:43,653 - config - INFO - Clic en radio de fila 10
2025-10-24 18:29:47,802 - config - INFO - Registro actualizado correctamente
2025-10-24 18:29:47,802 - config - INFO - Registro actualizado.
2025-10-24 18:29:48,677 - config - INFO - Intentando ir a la página 27...
2025-10-24 18:30:14,520 - config - INFO - Página 27 abierta correctamente.
2025-10-24 18:30:21,613 - config - INFO - Total de filas encontradas: 10
2025-10-24 18:30:23,638 - config - INFO - Fila 1 - color: rgb(45, 172, 49)
2025-10-24 18:30:23,670 - config - INFO - Clic en radio de fila 1
2025-10-24 18:30:27,820 - config - INFO - Registro actualizado correctamente
2025-10-24 18:30:27,820 - config - INFO - Registro actualizado.
2025-10-24 18:30:28,877 - config - INFO - Intentando ir a la página 28...
2025-10-24 18:30:55,735 - config - INFO - Página 28 abierta correctamente.
2025-10-24 18:30:59,774 - config - INFO - Fila 2 - color: rgb(45, 172, 49)
2025-10-24 18:30:59,808 - config - INFO - Clic en radio de fila 2
2025-10-24 18:31:03,980 - config - INFO - Registro actualizado correctamente
2025-10-24 18:31:03,980 - config - INFO - Registro actualizado.
2025-10-24 18:31:05,172 - config - INFO - Intentando ir a la página 28...
2025-10-24 18:31:32,056 - config - INFO - Página 28 abierta correctamente.
2025-10-24 18:31:36,092 - config - INFO - Fila 3 - color: rgb(45, 172, 49)
2025-10-24 18:31:36,128 - config - INFO - Clic en radio de fila 3
2025-10-24 18:31:40,277 - config - INFO - Registro actualizado correctamente
2025-10-24 18:31:40,277 - config - INFO - Registro actualizado.
2025-10-24 18:31:41,183 - config - INFO - Intentando ir a la página 28...
2025-10-24 18:32:08,094 - config - INFO - Página 28 abierta correctamente.
2025-10-24 18:32:12,121 - config - INFO - Fila 4 - color: rgb(45, 172, 49)
2025-10-24 18:32:12,167 - config - INFO - Clic en radio de fila 4
2025-10-24 18:32:16,313 - config - INFO - Registro actualizado correctamente
2025-10-24 18:32:16,313 - config - INFO - Registro actualizado.
2025-10-24 18:32:17,226 - config - INFO - Intentando ir a la página 28...
2025-10-24 18:32:44,182 - config - INFO - Página 28 abierta correctamente.
2025-10-24 18:32:48,215 - config - INFO - Fila 5 - color: rgb(45, 172, 49)
2025-10-24 18:32:48,252 - config - INFO - Clic en radio de fila 5
2025-10-24 18:32:52,398 - config - INFO - Registro actualizado correctamente
2025-10-24 18:32:52,398 - config - INFO - Registro actualizado.
2025-10-24 18:32:53,256 - config - INFO - Intentando ir a la página 28...
2025-10-24 18:33:20,138 - config - INFO - Página 28 abierta correctamente.
2025-10-24 18:33:24,167 - config - INFO - Fila 6 - color: rgb(45, 172, 49)
2025-10-24 18:33:24,208 - config - INFO - Clic en radio de fila 6
2025-10-24 18:33:28,320 - config - INFO - Registro actualizado correctamente
2025-10-24 18:33:28,320 - config - INFO - Registro actualizado.
2025-10-24 18:33:29,358 - config - INFO - Intentando ir a la página 28...
2025-10-24 18:33:56,202 - config - INFO - Página 28 abierta correctamente.
2025-10-24 18:34:00,230 - config - INFO - Fila 7 - color: rgb(45, 172, 49)
2025-10-24 18:34:00,279 - config - INFO - Clic en radio de fila 7
2025-10-24 18:34:04,440 - config - INFO - Registro actualizado correctamente
2025-10-24 18:34:04,440 - config - INFO - Registro actualizado.
2025-10-24 18:34:05,904 - config - INFO - Intentando ir a la página 28...
2025-10-24 18:34:32,793 - config - INFO - Página 28 abierta correctamente.
2025-10-24 18:34:36,840 - config - INFO - Fila 8 - color: rgb(45, 172, 49)
2025-10-24 18:34:36,881 - config - INFO - Clic en radio de fila 8
2025-10-24 18:34:41,009 - config - INFO - Registro actualizado correctamente
2025-10-24 18:34:41,009 - config - INFO - Registro actualizado.
2025-10-24 18:34:42,938 - config - INFO - Intentando ir a la página 28...
2025-10-24 18:35:09,877 - config - INFO - Página 28 abierta correctamente.
2025-10-24 18:35:13,915 - config - INFO - Fila 9 - color: rgb(45, 172, 49)
2025-10-24 18:35:13,950 - config - INFO - Clic en radio de fila 9
2025-10-24 18:35:18,097 - config - INFO - Registro actualizado correctamente
2025-10-24 18:35:18,098 - config - INFO - Registro actualizado.
2025-10-24 18:35:19,254 - config - INFO - Intentando ir a la página 28...
2025-10-24 18:35:46,094 - config - INFO - Página 28 abierta correctamente.
2025-10-24 18:35:50,130 - config - INFO - Fila 10 - color: rgb(45, 172, 49)
2025-10-24 18:35:50,171 - config - INFO - Clic en radio de fila 10
2025-10-24 18:35:54,285 - config - INFO - Registro actualizado correctamente
2025-10-24 18:35:54,285 - config - INFO - Registro actualizado.
2025-10-24 18:35:55,107 - config - INFO - Intentando ir a la página 28...
2025-10-24 18:36:21,986 - config - INFO - Página 28 abierta correctamente.
2025-10-24 18:36:29,106 - config - INFO - Total de filas encontradas: 10
2025-10-24 18:36:31,126 - config - INFO - Fila 1 - color: rgb(45, 172, 49)
2025-10-24 18:36:31,206 - config - INFO - Clic en radio de fila 1
2025-10-24 18:36:35,335 - config - INFO - Registro actualizado correctamente
2025-10-24 18:36:35,336 - config - INFO - Registro actualizado.
2025-10-24 18:36:36,393 - config - INFO - Intentando ir a la página 29...
2025-10-24 18:37:04,301 - config - INFO - Página 29 abierta correctamente.
2025-10-24 18:37:08,325 - config - INFO - Fila 2 - color: rgb(45, 172, 49)
2025-10-24 18:37:08,357 - config - INFO - Clic en radio de fila 2
2025-10-24 18:37:12,506 - config - INFO - Registro actualizado correctamente
2025-10-24 18:37:12,506 - config - INFO - Registro actualizado.
2025-10-24 18:37:13,381 - config - INFO - Intentando ir a la página 29...
2025-10-24 18:37:41,269 - config - INFO - Página 29 abierta correctamente.
2025-10-24 18:37:45,291 - config - INFO - Fila 3 - color: rgb(45, 172, 49)
2025-10-24 18:37:45,327 - config - INFO - Clic en radio de fila 3
2025-10-24 18:37:49,474 - config - INFO - Registro actualizado correctamente
2025-10-24 18:37:49,475 - config - INFO - Registro actualizado.
2025-10-24 18:37:50,303 - config - INFO - Intentando ir a la página 29...
2025-10-24 18:38:18,240 - config - INFO - Página 29 abierta correctamente.
2025-10-24 18:38:22,275 - config - INFO - Fila 4 - color: rgb(45, 172, 49)
2025-10-24 18:38:22,311 - config - INFO - Clic en radio de fila 4
2025-10-24 18:38:26,411 - config - INFO - Registro actualizado correctamente
2025-10-24 18:38:26,411 - config - INFO - Registro actualizado.
2025-10-24 18:38:27,414 - config - INFO - Intentando ir a la página 29...
2025-10-24 18:38:55,409 - config - INFO - Página 29 abierta correctamente.
2025-10-24 18:38:59,445 - config - INFO - Fila 5 - color: rgb(45, 172, 49)
2025-10-24 18:38:59,482 - config - INFO - Clic en radio de fila 5
2025-10-24 18:39:03,615 - config - INFO - Registro actualizado correctamente
2025-10-24 18:39:03,615 - config - INFO - Registro actualizado.
2025-10-24 18:39:04,611 - config - INFO - Intentando ir a la página 29...
2025-10-24 18:39:32,559 - config - INFO - Página 29 abierta correctamente.
2025-10-24 18:39:36,582 - config - INFO - Fila 6 - color: rgb(45, 172, 49)
2025-10-24 18:39:36,618 - config - INFO - Clic en radio de fila 6
2025-10-24 18:39:40,731 - config - INFO - Registro actualizado correctamente
2025-10-24 18:39:40,731 - config - INFO - Registro actualizado.
2025-10-24 18:39:41,650 - config - INFO - Intentando ir a la página 29...
2025-10-24 18:40:09,533 - config - INFO - Página 29 abierta correctamente.
2025-10-24 18:40:13,572 - config - INFO - Fila 7 - color: rgb(45, 172, 49)
2025-10-24 18:40:13,604 - config - INFO - Clic en radio de fila 7
2025-10-24 18:40:17,736 - config - INFO - Registro actualizado correctamente
2025-10-24 18:40:17,736 - config - INFO - Registro actualizado.
2025-10-24 18:40:18,734 - config - INFO - Intentando ir a la página 29...
2025-10-24 18:40:46,664 - config - INFO - Página 29 abierta correctamente.
2025-10-24 18:40:50,695 - config - INFO - Fila 8 - color: rgb(45, 172, 49)
2025-10-24 18:40:50,725 - config - INFO - Clic en radio de fila 8
2025-10-24 18:40:54,857 - config - INFO - Registro actualizado correctamente
2025-10-24 18:40:54,857 - config - INFO - Registro actualizado.
2025-10-24 18:40:55,779 - config - INFO - Intentando ir a la página 29...
2025-10-24 18:41:23,801 - config - INFO - Página 29 abierta correctamente.
2025-10-24 18:41:27,822 - config - INFO - Fila 9 - color: rgb(45, 172, 49)
2025-10-24 18:41:27,863 - config - INFO - Clic en radio de fila 9
2025-10-24 18:41:31,975 - config - INFO - Registro actualizado correctamente
2025-10-24 18:41:31,975 - config - INFO - Registro actualizado.
2025-10-24 18:41:32,916 - config - INFO - Intentando ir a la página 29...
2025-10-24 18:42:00,942 - config - INFO - Página 29 abierta correctamente.
2025-10-24 18:42:04,988 - config - INFO - Fila 10 - color: rgb(45, 172, 49)
2025-10-24 18:42:05,031 - config - INFO - Clic en radio de fila 10
2025-10-24 18:42:09,160 - config - INFO - Registro actualizado correctamente
2025-10-24 18:42:09,161 - config - INFO - Registro actualizado.
2025-10-24 18:42:10,083 - config - INFO - Intentando ir a la página 29...
2025-10-24 18:42:38,078 - config - INFO - Página 29 abierta correctamente.
2025-10-24 18:42:45,200 - config - INFO - Total de filas encontradas: 10
2025-10-24 18:42:47,223 - config - INFO - Fila 1 - color: rgb(45, 172, 49)
2025-10-24 18:42:47,263 - config - INFO - Clic en radio de fila 1
2025-10-24 18:42:51,392 - config - INFO - Registro actualizado correctamente
2025-10-24 18:42:51,392 - config - INFO - Registro actualizado.
2025-10-24 18:42:52,206 - config - INFO - Intentando ir a la página 30...
2025-10-24 18:43:21,190 - config - INFO - Página 30 abierta correctamente.
2025-10-24 18:43:25,223 - config - INFO - Fila 2 - color: rgb(45, 172, 49)
2025-10-24 18:43:25,265 - config - INFO - Clic en radio de fila 2
2025-10-24 18:43:29,375 - config - INFO - Registro actualizado correctamente
2025-10-24 18:43:29,375 - config - INFO - Registro actualizado.
2025-10-24 18:43:30,178 - config - INFO - Intentando ir a la página 30...
2025-10-24 18:43:59,211 - config - INFO - Página 30 abierta correctamente.
2025-10-24 18:44:03,258 - config - INFO - Fila 3 - color: rgb(45, 172, 49)
2025-10-24 18:44:03,300 - config - INFO - Clic en radio de fila 3
2025-10-24 18:44:07,428 - config - INFO - Registro actualizado correctamente
2025-10-24 18:44:07,428 - config - INFO - Registro actualizado.
2025-10-24 18:44:08,367 - config - INFO - Intentando ir a la página 30...
2025-10-24 18:44:37,463 - config - INFO - Página 30 abierta correctamente.
2025-10-24 18:44:41,508 - config - INFO - Fila 4 - color: rgb(45, 172, 49)
2025-10-24 18:44:41,554 - config - INFO - Clic en radio de fila 4
2025-10-24 18:44:45,665 - config - INFO - Registro actualizado correctamente
2025-10-24 18:44:45,665 - config - INFO - Registro actualizado.
2025-10-24 18:44:46,676 - config - INFO - Intentando ir a la página 30...
2025-10-24 18:45:15,633 - config - INFO - Página 30 abierta correctamente.
2025-10-24 18:45:19,669 - config - INFO - Fila 5 - color: rgb(45, 172, 49)
2025-10-24 18:45:19,705 - config - INFO - Clic en radio de fila 5
2025-10-24 18:45:23,852 - config - INFO - Registro actualizado correctamente
2025-10-24 18:45:23,852 - config - INFO - Registro actualizado.
2025-10-24 18:45:24,887 - config - INFO - Intentando ir a la página 30...
2025-10-24 18:45:53,947 - config - INFO - Página 30 abierta correctamente.
2025-10-24 18:45:57,983 - config - INFO - Fila 6 - color: rgb(45, 172, 49)
2025-10-24 18:45:58,022 - config - INFO - Clic en radio de fila 6
2025-10-24 18:46:02,136 - config - INFO - Registro actualizado correctamente
2025-10-24 18:46:02,137 - config - INFO - Registro actualizado.
2025-10-24 18:46:03,125 - config - INFO - Intentando ir a la página 30...
2025-10-24 18:46:32,118 - config - INFO - Página 30 abierta correctamente.
2025-10-24 18:46:36,139 - config - INFO - Fila 7 - color: rgb(45, 172, 49)
2025-10-24 18:46:36,176 - config - INFO - Clic en radio de fila 7
2025-10-24 18:46:40,388 - config - INFO - Registro actualizado correctamente
2025-10-24 18:46:40,388 - config - INFO - Registro actualizado.
2025-10-24 18:46:41,273 - config - INFO - Intentando ir a la página 30...
2025-10-24 18:47:10,302 - config - INFO - Página 30 abierta correctamente.
2025-10-24 18:47:14,332 - config - INFO - Fila 8 - color: rgb(45, 172, 49)
2025-10-24 18:47:14,359 - config - INFO - Clic en radio de fila 8
2025-10-24 18:47:18,472 - config - INFO - Registro actualizado correctamente
2025-10-24 18:47:18,472 - config - INFO - Registro actualizado.
2025-10-24 18:47:19,496 - config - INFO - Intentando ir a la página 30...
2025-10-24 18:47:48,555 - config - INFO - Página 30 abierta correctamente.
2025-10-24 18:47:52,586 - config - INFO - Fila 9 - color: rgb(45, 172, 49)
2025-10-24 18:47:52,631 - config - INFO - Clic en radio de fila 9
2025-10-24 18:47:56,777 - config - INFO - Registro actualizado correctamente
2025-10-24 18:47:56,777 - config - INFO - Registro actualizado.
2025-10-24 18:47:57,647 - config - INFO - Intentando ir a la página 30...
2025-10-24 18:48:26,606 - config - INFO - Página 30 abierta correctamente.
2025-10-24 18:48:30,631 - config - INFO - Fila 10 - color: rgb(45, 172, 49)
2025-10-24 18:48:30,662 - config - INFO - Clic en radio de fila 10
2025-10-24 18:48:34,780 - config - INFO - Registro actualizado correctamente
2025-10-24 18:48:34,780 - config - INFO - Registro actualizado.
2025-10-24 18:48:35,660 - config - INFO - Intentando ir a la página 30...
2025-10-24 18:49:04,794 - config - INFO - Página 30 abierta correctamente.
2025-10-24 18:49:11,872 - config - INFO - Total de filas encontradas: 10
2025-10-24 18:49:13,889 - config - INFO - Fila 1 - color: rgb(45, 172, 49)
2025-10-24 18:49:13,928 - config - INFO - Clic en radio de fila 1
2025-10-24 18:49:18,076 - config - INFO - Registro actualizado correctamente
2025-10-24 18:49:18,077 - config - INFO - Registro actualizado.
2025-10-24 18:49:18,877 - config - INFO - Intentando ir a la página 31...
2025-10-24 18:49:48,986 - config - INFO - Página 31 abierta correctamente.
2025-10-24 18:49:53,002 - config - INFO - Fila 2 - color: rgb(45, 172, 49)
2025-10-24 18:49:53,047 - config - INFO - Clic en radio de fila 2
2025-10-24 18:49:57,175 - config - INFO - Registro actualizado correctamente
2025-10-24 18:49:57,175 - config - INFO - Registro actualizado.
2025-10-24 18:49:57,971 - config - INFO - Intentando ir a la página 31...
2025-10-24 18:50:28,160 - config - INFO - Página 31 abierta correctamente.
2025-10-24 18:50:32,202 - config - INFO - Fila 3 - color: rgb(45, 172, 49)
2025-10-24 18:50:32,231 - config - INFO - Clic en radio de fila 3
2025-10-24 18:50:36,347 - config - INFO - Registro actualizado correctamente
2025-10-24 18:50:36,347 - config - INFO - Registro actualizado.
2025-10-24 18:50:37,398 - config - INFO - Intentando ir a la página 31...
2025-10-24 18:51:07,444 - config - INFO - Página 31 abierta correctamente.
2025-10-24 18:51:11,472 - config - INFO - Fila 4 - color: rgb(45, 172, 49)
2025-10-24 18:51:11,514 - config - INFO - Clic en radio de fila 4
2025-10-24 18:51:15,647 - config - INFO - Registro actualizado correctamente
2025-10-24 18:51:15,647 - config - INFO - Registro actualizado.
2025-10-24 18:51:16,727 - config - INFO - Intentando ir a la página 31...
2025-10-24 18:51:46,745 - config - INFO - Página 31 abierta correctamente.
2025-10-24 18:51:50,777 - config - INFO - Fila 5 - color: rgb(45, 172, 49)
2025-10-24 18:51:50,816 - config - INFO - Clic en radio de fila 5
2025-10-24 18:51:54,945 - config - INFO - Registro actualizado correctamente
2025-10-24 18:51:54,945 - config - INFO - Registro actualizado.
2025-10-24 18:51:55,777 - config - INFO - Intentando ir a la página 31...
2025-10-24 18:52:25,877 - config - INFO - Página 31 abierta correctamente.
2025-10-24 18:52:29,897 - config - INFO - Fila 6 - color: rgb(45, 172, 49)
2025-10-24 18:52:29,933 - config - INFO - Clic en radio de fila 6
2025-10-24 18:52:34,064 - config - INFO - Registro actualizado correctamente
2025-10-24 18:52:34,065 - config - INFO - Registro actualizado.
2025-10-24 18:52:35,000 - config - INFO - Intentando ir a la página 31...
2025-10-24 18:53:05,182 - config - INFO - Página 31 abierta correctamente.
2025-10-24 18:53:09,222 - config - INFO - Fila 7 - color: rgb(45, 172, 49)
2025-10-24 18:53:09,252 - config - INFO - Clic en radio de fila 7
2025-10-24 18:53:13,415 - config - INFO - Registro actualizado correctamente
2025-10-24 18:53:13,415 - config - INFO - Registro actualizado.
2025-10-24 18:53:14,263 - config - INFO - Intentando ir a la página 31...
2025-10-24 18:53:44,651 - config - INFO - Página 31 abierta correctamente.
2025-10-24 18:53:48,682 - config - INFO - Fila 8 - color: rgb(45, 172, 49)
2025-10-24 18:53:48,719 - config - INFO - Clic en radio de fila 8
2025-10-24 18:53:52,848 - config - INFO - Registro actualizado correctamente
2025-10-24 18:53:52,848 - config - INFO - Registro actualizado.
2025-10-24 18:53:53,828 - config - INFO - Intentando ir a la página 31...
2025-10-24 18:54:23,915 - config - INFO - Página 31 abierta correctamente.
2025-10-24 18:54:27,941 - config - INFO - Fila 9 - color: rgb(45, 172, 49)
2025-10-24 18:54:27,971 - config - INFO - Clic en radio de fila 9
2025-10-24 18:54:32,108 - config - INFO - Registro actualizado correctamente
2025-10-24 18:54:32,108 - config - INFO - Registro actualizado.
2025-10-24 18:54:32,984 - config - INFO - Intentando ir a la página 31...
2025-10-24 18:55:03,017 - config - INFO - Página 31 abierta correctamente.
2025-10-24 18:55:07,051 - config - INFO - Fila 10 - color: rgb(45, 172, 49)
2025-10-24 18:55:07,087 - config - INFO - Clic en radio de fila 10
2025-10-24 18:55:11,238 - config - INFO - Registro actualizado correctamente
2025-10-24 18:55:11,239 - config - INFO - Registro actualizado.
2025-10-24 18:55:12,129 - config - INFO - Intentando ir a la página 31...
2025-10-24 18:55:42,169 - config - INFO - Página 31 abierta correctamente.
2025-10-24 18:55:49,242 - config - INFO - Total de filas encontradas: 10
2025-10-24 18:55:51,273 - config - INFO - Fila 1 - color: rgb(45, 172, 49)
2025-10-24 18:55:51,338 - config - INFO - Clic en radio de fila 1
2025-10-24 18:55:55,468 - config - INFO - Registro actualizado correctamente
2025-10-24 18:55:55,468 - config - INFO - Registro actualizado.
2025-10-24 18:55:56,297 - config - INFO - Intentando ir a la página 32...
2025-10-24 18:56:27,529 - config - INFO - Página 32 abierta correctamente.
2025-10-24 18:56:31,554 - config - INFO - Fila 2 - color: rgb(45, 172, 49)
2025-10-24 18:56:31,585 - config - INFO - Clic en radio de fila 2
2025-10-24 18:56:35,719 - config - INFO - Registro actualizado correctamente
2025-10-24 18:56:35,719 - config - INFO - Registro actualizado.
2025-10-24 18:56:36,626 - config - INFO - Intentando ir a la página 32...
2025-10-24 18:57:07,783 - config - INFO - Página 32 abierta correctamente.
2025-10-24 18:57:11,818 - config - INFO - Fila 3 - color: rgb(45, 172, 49)
2025-10-24 18:57:11,853 - config - INFO - Clic en radio de fila 3
2025-10-24 18:57:16,000 - config - INFO - Registro actualizado correctamente
2025-10-24 18:57:16,000 - config - INFO - Registro actualizado.
2025-10-24 18:57:16,835 - config - INFO - Intentando ir a la página 32...
2025-10-24 18:57:47,931 - config - INFO - Página 32 abierta correctamente.
2025-10-24 18:57:51,963 - config - INFO - Fila 4 - color: rgb(45, 172, 49)
2025-10-24 18:57:52,004 - config - INFO - Clic en radio de fila 4
2025-10-24 18:57:56,152 - config - INFO - Registro actualizado correctamente
2025-10-24 18:57:56,152 - config - INFO - Registro actualizado.
2025-10-24 18:57:57,088 - config - INFO - Intentando ir a la página 32...
2025-10-24 18:58:28,399 - config - INFO - Página 32 abierta correctamente.
2025-10-24 18:58:32,430 - config - INFO - Fila 5 - color: rgb(45, 172, 49)
2025-10-24 18:58:32,472 - config - INFO - Clic en radio de fila 5
2025-10-24 18:58:36,675 - config - INFO - Registro actualizado correctamente
2025-10-24 18:58:36,676 - config - INFO - Registro actualizado.
2025-10-24 18:58:38,050 - config - INFO - Intentando ir a la página 32...
2025-10-24 18:59:09,254 - config - INFO - Página 32 abierta correctamente.
2025-10-24 18:59:13,277 - config - INFO - Fila 6 - color: rgb(45, 172, 49)
2025-10-24 18:59:13,303 - config - INFO - Clic en radio de fila 6
2025-10-24 18:59:17,455 - config - INFO - Registro actualizado correctamente
2025-10-24 18:59:17,455 - config - INFO - Registro actualizado.
2025-10-24 18:59:18,027 - config - INFO - Intentando ir a la página 32...
2025-10-24 18:59:49,182 - config - INFO - Página 32 abierta correctamente.
2025-10-24 18:59:53,226 - config - INFO - Fila 7 - color: rgb(45, 172, 49)
2025-10-24 18:59:53,272 - config - INFO - Clic en radio de fila 7
2025-10-24 18:59:57,419 - config - INFO - Registro actualizado correctamente
2025-10-24 18:59:57,419 - config - INFO - Registro actualizado.
2025-10-24 18:59:58,278 - config - INFO - Intentando ir a la página 32...
2025-10-24 19:00:29,479 - config - INFO - Página 32 abierta correctamente.
2025-10-24 19:00:33,513 - config - INFO - Fila 8 - color: rgb(45, 172, 49)
2025-10-24 19:00:33,555 - config - INFO - Clic en radio de fila 8
2025-10-24 19:00:37,687 - config - INFO - Registro actualizado correctamente
2025-10-24 19:00:37,687 - config - INFO - Registro actualizado.
2025-10-24 19:00:38,862 - config - INFO - Intentando ir a la página 32...
2025-10-24 19:01:10,148 - config - INFO - Página 32 abierta correctamente.
2025-10-24 19:01:14,197 - config - INFO - Fila 9 - color: rgb(45, 172, 49)
2025-10-24 19:01:14,241 - config - INFO - Clic en radio de fila 9
2025-10-24 19:01:18,389 - config - INFO - Registro actualizado correctamente
2025-10-24 19:01:18,390 - config - INFO - Registro actualizado.
2025-10-24 19:01:19,311 - config - INFO - Intentando ir a la página 32...
2025-10-24 19:01:50,546 - config - INFO - Página 32 abierta correctamente.
2025-10-24 19:01:54,569 - config - INFO - Fila 10 - color: rgb(45, 172, 49)
2025-10-24 19:01:54,606 - config - INFO - Clic en radio de fila 10
2025-10-24 19:01:58,753 - config - INFO - Registro actualizado correctamente
2025-10-24 19:01:58,754 - config - INFO - Registro actualizado.
2025-10-24 19:01:59,689 - config - INFO - Intentando ir a la página 32...
2025-10-24 19:02:30,846 - config - INFO - Página 32 abierta correctamente.
2025-10-24 19:02:37,952 - config - INFO - Total de filas encontradas: 10
2025-10-24 19:02:39,977 - config - INFO - Fila 1 - color: rgb(45, 172, 49)
2025-10-24 19:02:40,019 - config - INFO - Clic en radio de fila 1
2025-10-24 19:02:44,137 - config - INFO - Registro actualizado correctamente
2025-10-24 19:02:44,137 - config - INFO - Registro actualizado.
2025-10-24 19:02:46,056 - config - INFO - Intentando ir a la página 33...
2025-10-24 19:03:18,296 - config - INFO - Página 33 abierta correctamente.
2025-10-24 19:03:22,337 - config - INFO - Fila 2 - color: rgb(45, 172, 49)
2025-10-24 19:03:22,386 - config - INFO - Clic en radio de fila 2
2025-10-24 19:03:26,532 - config - INFO - Registro actualizado correctamente
2025-10-24 19:03:26,532 - config - INFO - Registro actualizado.
2025-10-24 19:03:27,575 - config - INFO - Intentando ir a la página 33...
2025-10-24 19:03:59,728 - config - INFO - Página 33 abierta correctamente.
2025-10-24 19:04:03,758 - config - INFO - Fila 3 - color: rgb(45, 172, 49)
2025-10-24 19:04:03,798 - config - INFO - Clic en radio de fila 3
2025-10-24 19:04:07,927 - config - INFO - Registro actualizado correctamente
2025-10-24 19:04:07,927 - config - INFO - Registro actualizado.
2025-10-24 19:04:08,964 - config - INFO - Intentando ir a la página 33...
2025-10-24 19:04:41,292 - config - INFO - Página 33 abierta correctamente.
2025-10-24 19:04:45,313 - config - INFO - Fila 4 - color: rgb(45, 172, 49)
2025-10-24 19:04:45,348 - config - INFO - Clic en radio de fila 4
2025-10-24 19:04:49,464 - config - INFO - Registro actualizado correctamente
2025-10-24 19:04:49,464 - config - INFO - Registro actualizado.
2025-10-24 19:04:50,549 - config - INFO - Intentando ir a la página 33...
2025-10-24 19:05:22,796 - config - INFO - Página 33 abierta correctamente.
2025-10-24 19:05:26,837 - config - INFO - Fila 5 - color: rgb(45, 172, 49)
2025-10-24 19:05:26,884 - config - INFO - Clic en radio de fila 5
2025-10-24 19:05:31,049 - config - INFO - Registro actualizado correctamente
2025-10-24 19:05:31,049 - config - INFO - Registro actualizado.
2025-10-24 19:05:32,594 - config - INFO - Intentando ir a la página 33...
2025-10-24 19:06:04,857 - config - INFO - Página 33 abierta correctamente.
2025-10-24 19:06:08,895 - config - INFO - Fila 6 - color: rgb(45, 172, 49)
2025-10-24 19:06:08,929 - config - INFO - Clic en radio de fila 6
2025-10-24 19:06:13,062 - config - INFO - Registro actualizado correctamente
2025-10-24 19:06:13,062 - config - INFO - Registro actualizado.
2025-10-24 19:06:14,058 - config - INFO - Intentando ir a la página 33...
2025-10-24 19:06:46,443 - config - INFO - Página 33 abierta correctamente.
2025-10-24 19:06:50,477 - config - INFO - Fila 7 - color: rgb(45, 172, 49)
2025-10-24 19:06:50,513 - config - INFO - Clic en radio de fila 7
2025-10-24 19:06:54,596 - config - INFO - Registro actualizado correctamente
2025-10-24 19:06:54,597 - config - INFO - Registro actualizado.
2025-10-24 19:06:55,473 - config - INFO - Intentando ir a la página 33...
2025-10-24 19:07:27,756 - config - INFO - Página 33 abierta correctamente.
2025-10-24 19:07:31,800 - config - INFO - Fila 8 - color: rgb(45, 172, 49)
2025-10-24 19:07:31,829 - config - INFO - Clic en radio de fila 8
2025-10-24 19:07:35,976 - config - INFO - Registro actualizado correctamente
2025-10-24 19:07:35,976 - config - INFO - Registro actualizado.
2025-10-24 19:07:36,819 - config - INFO - Intentando ir a la página 33...
2025-10-24 19:08:09,124 - config - INFO - Página 33 abierta correctamente.
2025-10-24 19:08:13,151 - config - INFO - Fila 9 - color: rgb(45, 172, 49)
2025-10-24 19:08:13,179 - config - INFO - Clic en radio de fila 9
2025-10-24 19:08:17,329 - config - INFO - Registro actualizado correctamente
2025-10-24 19:08:17,329 - config - INFO - Registro actualizado.
2025-10-24 19:08:18,841 - config - INFO - Intentando ir a la página 33...
2025-10-24 19:08:51,067 - config - INFO - Página 33 abierta correctamente.
2025-10-24 19:08:55,096 - config - INFO - Fila 10 - color: rgb(45, 172, 49)
2025-10-24 19:08:55,130 - config - INFO - Clic en radio de fila 10
2025-10-24 19:08:59,244 - config - INFO - Registro actualizado correctamente
2025-10-24 19:08:59,245 - config - INFO - Registro actualizado.
2025-10-24 19:09:00,187 - config - INFO - Intentando ir a la página 33...
2025-10-24 19:09:32,523 - config - INFO - Página 33 abierta correctamente.
2025-10-24 19:09:39,621 - config - INFO - Total de filas encontradas: 10
2025-10-24 19:09:41,643 - config - INFO - Fila 1 - color: rgb(45, 172, 49)
2025-10-24 19:09:41,733 - config - INFO - Clic en radio de fila 1
2025-10-24 19:09:45,870 - config - INFO - Registro actualizado correctamente
2025-10-24 19:09:45,870 - config - INFO - Registro actualizado.
2025-10-24 19:09:46,647 - config - INFO - Intentando ir a la página 34...
2025-10-24 19:10:20,070 - config - INFO - Página 34 abierta correctamente.
2025-10-24 19:10:24,114 - config - INFO - Fila 2 - color: rgb(45, 172, 49)
2025-10-24 19:10:24,157 - config - INFO - Clic en radio de fila 2
2025-10-24 19:10:28,305 - config - INFO - Registro actualizado correctamente
2025-10-24 19:10:28,305 - config - INFO - Registro actualizado.
2025-10-24 19:10:29,210 - config - INFO - Intentando ir a la página 34...
2025-10-24 19:11:02,580 - config - INFO - Página 34 abierta correctamente.
2025-10-24 19:11:06,604 - config - INFO - Fila 3 - color: rgb(45, 172, 49)
2025-10-24 19:11:06,637 - config - INFO - Clic en radio de fila 3
2025-10-24 19:11:10,785 - config - INFO - Registro actualizado correctamente
2025-10-24 19:11:10,785 - config - INFO - Registro actualizado.
2025-10-24 19:11:11,710 - config - INFO - Intentando ir a la página 34...
2025-10-24 19:11:45,047 - config - INFO - Página 34 abierta correctamente.
2025-10-24 19:11:49,076 - config - INFO - Fila 4 - color: rgb(45, 172, 49)
2025-10-24 19:11:49,118 - config - INFO - Clic en radio de fila 4
2025-10-24 19:11:53,266 - config - INFO - Registro actualizado correctamente
2025-10-24 19:11:53,267 - config - INFO - Registro actualizado.
2025-10-24 19:11:54,194 - config - INFO - Intentando ir a la página 34...
2025-10-24 19:12:27,577 - config - INFO - Página 34 abierta correctamente.
2025-10-24 19:12:31,594 - config - INFO - Fila 5 - color: rgb(45, 172, 49)
2025-10-24 19:12:31,633 - config - INFO - Clic en radio de fila 5
2025-10-24 19:12:35,780 - config - INFO - Registro actualizado correctamente
2025-10-24 19:12:35,780 - config - INFO - Registro actualizado.
2025-10-24 19:12:36,659 - config - INFO - Intentando ir a la página 34...
2025-10-24 19:13:09,957 - config - INFO - Página 34 abierta correctamente.
2025-10-24 19:13:13,992 - config - INFO - Fila 6 - color: rgb(45, 172, 49)
2025-10-24 19:13:14,031 - config - INFO - Clic en radio de fila 6
2025-10-24 19:13:18,164 - config - INFO - Registro actualizado correctamente
2025-10-24 19:13:18,164 - config - INFO - Registro actualizado.
2025-10-24 19:13:19,006 - config - INFO - Intentando ir a la página 34...
2025-10-24 19:13:52,406 - config - INFO - Página 34 abierta correctamente.
2025-10-24 19:13:56,436 - config - INFO - Fila 7 - color: rgb(45, 172, 49)
2025-10-24 19:13:56,483 - config - INFO - Clic en radio de fila 7
2025-10-24 19:14:00,627 - config - INFO - Registro actualizado correctamente
2025-10-24 19:14:00,628 - config - INFO - Registro actualizado.
2025-10-24 19:14:02,653 - config - INFO - Intentando ir a la página 34...
2025-10-24 19:14:35,905 - config - INFO - Página 34 abierta correctamente.
2025-10-24 19:14:39,939 - config - INFO - Fila 8 - color: rgb(45, 172, 49)
2025-10-24 19:14:39,979 - config - INFO - Clic en radio de fila 8
2025-10-24 19:14:44,109 - config - INFO - Registro actualizado correctamente
2025-10-24 19:14:44,109 - config - INFO - Registro actualizado.
2025-10-24 19:14:45,019 - config - INFO - Intentando ir a la página 34...
2025-10-24 19:15:18,405 - config - INFO - Página 34 abierta correctamente.
2025-10-24 19:15:22,430 - config - INFO - Fila 9 - color: rgb(45, 172, 49)
2025-10-24 19:15:22,463 - config - INFO - Clic en radio de fila 9
2025-10-24 19:15:26,640 - config - INFO - Registro actualizado correctamente
2025-10-24 19:15:26,640 - config - INFO - Registro actualizado.
2025-10-24 19:15:27,208 - config - INFO - Intentando ir a la página 34...
2025-10-24 19:16:00,568 - config - INFO - Página 34 abierta correctamente.
2025-10-24 19:16:04,612 - config - INFO - Fila 10 - color: rgb(45, 172, 49)
2025-10-24 19:16:04,645 - config - INFO - Clic en radio de fila 10
2025-10-24 19:16:08,791 - config - INFO - Registro actualizado correctamente
2025-10-24 19:16:08,791 - config - INFO - Registro actualizado.
2025-10-24 19:16:10,615 - config - INFO - Intentando ir a la página 34...
2025-10-24 19:16:43,951 - config - INFO - Página 34 abierta correctamente.
2025-10-24 19:16:51,063 - config - INFO - Total de filas encontradas: 10
2025-10-24 19:16:53,081 - config - INFO - Fila 1 - color: rgb(45, 172, 49)
2025-10-24 19:16:53,154 - config - INFO - Clic en radio de fila 1
2025-10-24 19:16:57,317 - config - INFO - Registro actualizado correctamente
2025-10-24 19:16:57,317 - config - INFO - Registro actualizado.
2025-10-24 19:16:58,261 - config - INFO - Intentando ir a la página 35...
2025-10-24 19:17:32,644 - config - INFO - Página 35 abierta correctamente.
2025-10-24 19:17:36,666 - config - INFO - Fila 2 - color: rgb(45, 172, 49)
2025-10-24 19:17:36,737 - config - INFO - Clic en radio de fila 2
2025-10-24 19:17:40,880 - config - INFO - Registro actualizado correctamente
2025-10-24 19:17:40,880 - config - INFO - Registro actualizado.
2025-10-24 19:17:41,818 - config - INFO - Intentando ir a la página 35...
2025-10-24 19:18:16,276 - config - INFO - Página 35 abierta correctamente.
2025-10-24 19:18:20,316 - config - INFO - Fila 3 - color: rgb(45, 172, 49)
2025-10-24 19:18:20,350 - config - INFO - Clic en radio de fila 3
2025-10-24 19:18:24,493 - config - INFO - Registro actualizado correctamente
2025-10-24 19:18:24,493 - config - INFO - Registro actualizado.
2025-10-24 19:18:25,436 - config - INFO - Intentando ir a la página 35...
2025-10-24 19:18:59,790 - config - INFO - Página 35 abierta correctamente.
2025-10-24 19:19:03,817 - config - INFO - Fila 4 - color: rgb(45, 172, 49)
2025-10-24 19:19:03,865 - config - INFO - Clic en radio de fila 4
2025-10-24 19:19:07,958 - config - INFO - Registro actualizado correctamente
2025-10-24 19:19:07,958 - config - INFO - Registro actualizado.
2025-10-24 19:19:09,415 - config - INFO - Intentando ir a la página 35...
2025-10-24 19:19:43,802 - config - INFO - Página 35 abierta correctamente.
2025-10-24 19:19:47,845 - config - INFO - Fila 5 - color: rgb(45, 172, 49)
2025-10-24 19:19:47,876 - config - INFO - Clic en radio de fila 5
2025-10-24 19:19:52,056 - config - INFO - Registro actualizado correctamente
2025-10-24 19:19:52,057 - config - INFO - Registro actualizado.
2025-10-24 19:19:52,823 - config - INFO - Intentando ir a la página 35...
2025-10-24 19:20:27,252 - config - INFO - Página 35 abierta correctamente.
2025-10-24 19:20:31,276 - config - INFO - Fila 6 - color: rgb(45, 172, 49)
2025-10-24 19:20:31,305 - config - INFO - Clic en radio de fila 6
2025-10-24 19:20:35,456 - config - INFO - Registro actualizado correctamente
2025-10-24 19:20:35,456 - config - INFO - Registro actualizado.
2025-10-24 19:20:36,371 - config - INFO - Intentando ir a la página 35...
2025-10-24 19:21:10,764 - config - INFO - Página 35 abierta correctamente.
2025-10-24 19:21:14,809 - config - INFO - Fila 7 - color: rgb(45, 172, 49)
2025-10-24 19:21:14,838 - config - INFO - Clic en radio de fila 7
2025-10-24 19:21:19,001 - config - INFO - Registro actualizado correctamente
2025-10-24 19:21:19,002 - config - INFO - Registro actualizado.
2025-10-24 19:21:19,957 - config - INFO - Intentando ir a la página 35...
2025-10-24 19:21:54,530 - config - INFO - Página 35 abierta correctamente.
2025-10-24 19:21:58,554 - config - INFO - Fila 8 - color: rgb(45, 172, 49)
2025-10-24 19:21:58,586 - config - INFO - Clic en radio de fila 8
2025-10-24 19:22:02,786 - config - INFO - Registro actualizado correctamente
2025-10-24 19:22:02,786 - config - INFO - Registro actualizado.
2025-10-24 19:22:03,737 - config - INFO - Intentando ir a la página 35...
2025-10-24 19:22:38,429 - config - INFO - Página 35 abierta correctamente.
2025-10-24 19:22:42,471 - config - INFO - Fila 9 - color: rgb(45, 172, 49)
2025-10-24 19:22:42,500 - config - INFO - Clic en radio de fila 9
2025-10-24 19:22:46,649 - config - INFO - Registro actualizado correctamente
2025-10-24 19:22:46,649 - config - INFO - Registro actualizado.
2025-10-24 19:22:48,440 - config - INFO - Intentando ir a la página 35...
2025-10-24 19:23:22,921 - config - INFO - Página 35 abierta correctamente.
2025-10-24 19:23:26,954 - config - INFO - Fila 10 - color: rgb(45, 172, 49)
2025-10-24 19:23:26,996 - config - INFO - Clic en radio de fila 10
2025-10-24 19:23:31,143 - config - INFO - Registro actualizado correctamente
2025-10-24 19:23:31,143 - config - INFO - Registro actualizado.
2025-10-24 19:23:32,018 - config - INFO - Intentando ir a la página 35...
2025-10-24 19:24:06,607 - config - INFO - Página 35 abierta correctamente.
2025-10-24 19:24:13,692 - config - INFO - Total de filas encontradas: 10
2025-10-24 19:24:15,710 - config - INFO - Fila 1 - color: rgb(45, 172, 49)
2025-10-24 19:24:15,777 - config - INFO - Clic en radio de fila 1
2025-10-24 19:24:19,922 - config - INFO - Registro actualizado correctamente
2025-10-24 19:24:19,922 - config - INFO - Registro actualizado.
2025-10-24 19:24:20,753 - config - INFO - Intentando ir a la página 36...
2025-10-24 19:24:56,298 - config - INFO - Página 36 abierta correctamente.
2025-10-24 19:25:00,337 - config - INFO - Fila 2 - color: rgb(45, 172, 49)
2025-10-24 19:25:00,369 - config - INFO - Clic en radio de fila 2
2025-10-24 19:25:04,537 - config - INFO - Registro actualizado correctamente
2025-10-24 19:25:04,537 - config - INFO - Registro actualizado.
2025-10-24 19:25:05,629 - config - INFO - Intentando ir a la página 36...
2025-10-24 19:25:41,277 - config - INFO - Página 36 abierta correctamente.
2025-10-24 19:25:45,315 - config - INFO - Fila 3 - color: rgb(45, 172, 49)
2025-10-24 19:25:45,349 - config - INFO - Clic en radio de fila 3
2025-10-24 19:25:49,496 - config - INFO - Registro actualizado correctamente
2025-10-24 19:25:49,496 - config - INFO - Registro actualizado.
2025-10-24 19:25:50,318 - config - INFO - Intentando ir a la página 36...
2025-10-24 19:26:25,972 - config - INFO - Página 36 abierta correctamente.
2025-10-24 19:26:30,006 - config - INFO - Fila 4 - color: rgb(45, 172, 49)
2025-10-24 19:26:30,046 - config - INFO - Clic en radio de fila 4
2025-10-24 19:26:34,328 - config - INFO - Registro actualizado correctamente
2025-10-24 19:26:34,329 - config - INFO - Registro actualizado.
2025-10-24 19:26:35,810 - config - INFO - Intentando ir a la página 36...
2025-10-24 19:27:11,320 - config - INFO - Página 36 abierta correctamente.
2025-10-24 19:27:15,355 - config - INFO - Fila 5 - color: rgb(45, 172, 49)
2025-10-24 19:27:15,391 - config - INFO - Clic en radio de fila 5
2025-10-24 19:27:19,542 - config - INFO - Registro actualizado correctamente
2025-10-24 19:27:19,542 - config - INFO - Registro actualizado.
2025-10-24 19:27:20,379 - config - INFO - Intentando ir a la página 36...
2025-10-24 19:27:55,882 - config - INFO - Página 36 abierta correctamente.
2025-10-24 19:27:59,898 - config - INFO - Fila 6 - color: rgb(45, 172, 49)
2025-10-24 19:27:59,938 - config - INFO - Clic en radio de fila 6
2025-10-24 19:28:04,071 - config - INFO - Registro actualizado correctamente
2025-10-24 19:28:04,071 - config - INFO - Registro actualizado.
2025-10-24 19:28:04,933 - config - INFO - Intentando ir a la página 36...
2025-10-24 19:28:40,482 - config - INFO - Página 36 abierta correctamente.
2025-10-24 19:28:44,514 - config - INFO - Fila 7 - color: rgb(45, 172, 49)
2025-10-24 19:28:44,554 - config - INFO - Clic en radio de fila 7
2025-10-24 19:28:48,700 - config - INFO - Registro actualizado correctamente
2025-10-24 19:28:48,701 - config - INFO - Registro actualizado.
2025-10-24 19:28:49,502 - config - INFO - Intentando ir a la página 36...
2025-10-24 19:29:25,526 - config - INFO - Página 36 abierta correctamente.
2025-10-24 19:29:29,555 - config - INFO - Fila 8 - color: rgb(45, 172, 49)
2025-10-24 19:29:29,581 - config - INFO - Clic en radio de fila 8
2025-10-24 19:29:33,733 - config - INFO - Registro actualizado correctamente
2025-10-24 19:29:33,733 - config - INFO - Registro actualizado.
2025-10-24 19:29:34,561 - config - INFO - Intentando ir a la página 36...
2025-10-24 19:30:10,159 - config - INFO - Página 36 abierta correctamente.
2025-10-24 19:30:14,206 - config - INFO - Fila 9 - color: rgb(45, 172, 49)
2025-10-24 19:30:14,246 - config - INFO - Clic en radio de fila 9
2025-10-24 19:30:18,392 - config - INFO - Registro actualizado correctamente
2025-10-24 19:30:18,392 - config - INFO - Registro actualizado.
2025-10-24 19:30:19,469 - config - INFO - Intentando ir a la página 36...
2025-10-24 19:30:54,982 - config - INFO - Página 36 abierta correctamente.
2025-10-24 19:30:59,015 - config - INFO - Fila 10 - color: rgb(45, 172, 49)
2025-10-24 19:30:59,234 - config - INFO - Clic en radio de fila 10
2025-10-24 19:31:03,373 - config - INFO - Registro actualizado correctamente
2025-10-24 19:31:03,373 - config - INFO - Registro actualizado.
2025-10-24 19:31:04,332 - config - INFO - Intentando ir a la página 36...
2025-10-24 19:31:39,921 - config - INFO - Página 36 abierta correctamente.
2025-10-24 19:31:47,038 - config - INFO - Total de filas encontradas: 10
2025-10-24 19:31:49,061 - config - INFO - Fila 1 - color: rgb(45, 172, 49)
2025-10-24 19:31:49,134 - config - INFO - Clic en radio de fila 1
2025-10-24 19:31:53,266 - config - INFO - Registro actualizado correctamente
2025-10-24 19:31:53,266 - config - INFO - Registro actualizado.
2025-10-24 19:31:54,126 - config - INFO - Intentando ir a la página 37...
2025-10-24 19:32:30,693 - config - INFO - Página 37 abierta correctamente.
2025-10-24 19:32:34,721 - config - INFO - Fila 2 - color: rgb(45, 172, 49)
2025-10-24 19:32:34,766 - config - INFO - Clic en radio de fila 2
2025-10-24 19:32:38,912 - config - INFO - Registro actualizado correctamente
2025-10-24 19:32:38,912 - config - INFO - Registro actualizado.
2025-10-24 19:32:41,233 - config - INFO - Intentando ir a la página 37...
2025-10-24 19:33:18,019 - config - INFO - Página 37 abierta correctamente.
2025-10-24 19:33:22,058 - config - INFO - Fila 3 - color: rgb(45, 172, 49)
2025-10-24 19:33:22,133 - config - INFO - Clic en radio de fila 3
2025-10-24 19:33:26,290 - config - INFO - Registro actualizado correctamente
2025-10-24 19:33:26,291 - config - INFO - Registro actualizado.
2025-10-24 19:33:27,176 - config - INFO - Intentando ir a la página 37...
2025-10-24 19:34:03,845 - config - INFO - Página 37 abierta correctamente.
2025-10-24 19:34:07,880 - config - INFO - Fila 4 - color: rgb(45, 172, 49)
2025-10-24 19:34:07,922 - config - INFO - Clic en radio de fila 4
2025-10-24 19:34:12,089 - config - INFO - Registro actualizado correctamente
2025-10-24 19:34:12,089 - config - INFO - Registro actualizado.
2025-10-24 19:34:12,993 - config - INFO - Intentando ir a la página 37...
2025-10-24 19:34:49,543 - config - INFO - Página 37 abierta correctamente.
2025-10-24 19:34:53,577 - config - INFO - Fila 5 - color: rgb(45, 172, 49)
2025-10-24 19:34:53,618 - config - INFO - Clic en radio de fila 5
2025-10-24 19:34:57,783 - config - INFO - Registro actualizado correctamente
2025-10-24 19:34:57,783 - config - INFO - Registro actualizado.
2025-10-24 19:34:58,770 - config - INFO - Intentando ir a la página 37...
2025-10-24 19:35:35,325 - config - INFO - Página 37 abierta correctamente.
2025-10-24 19:35:39,353 - config - INFO - Fila 6 - color: rgb(45, 172, 49)
2025-10-24 19:35:39,380 - config - INFO - Clic en radio de fila 6
2025-10-24 19:35:43,508 - config - INFO - Registro actualizado correctamente
2025-10-24 19:35:43,509 - config - INFO - Registro actualizado.
2025-10-24 19:35:44,359 - config - INFO - Intentando ir a la página 37...
2025-10-24 19:36:20,869 - config - INFO - Página 37 abierta correctamente.
2025-10-24 19:36:24,885 - config - INFO - Fila 7 - color: rgb(45, 172, 49)
2025-10-24 19:36:24,925 - config - INFO - Clic en radio de fila 7
2025-10-24 19:36:29,071 - config - INFO - Registro actualizado correctamente
2025-10-24 19:36:29,072 - config - INFO - Registro actualizado.
2025-10-24 19:36:30,060 - config - INFO - Intentando ir a la página 37...
2025-10-24 19:37:06,647 - config - INFO - Página 37 abierta correctamente.
2025-10-24 19:37:10,688 - config - INFO - Fila 8 - color: rgb(45, 172, 49)
2025-10-24 19:37:10,721 - config - INFO - Clic en radio de fila 8
2025-10-24 19:37:14,819 - config - INFO - Registro actualizado correctamente
2025-10-24 19:37:14,819 - config - INFO - Registro actualizado.
2025-10-24 19:37:15,852 - config - INFO - Intentando ir a la página 37...
2025-10-24 19:37:52,428 - config - INFO - Página 37 abierta correctamente.
2025-10-24 19:37:56,462 - config - INFO - Fila 9 - color: rgb(45, 172, 49)
2025-10-24 19:37:56,504 - config - INFO - Clic en radio de fila 9
2025-10-24 19:38:00,648 - config - INFO - Registro actualizado correctamente
2025-10-24 19:38:00,648 - config - INFO - Registro actualizado.
2025-10-24 19:38:01,663 - config - INFO - Intentando ir a la página 37...
2025-10-24 19:38:38,273 - config - INFO - Página 37 abierta correctamente.
2025-10-24 19:38:42,288 - config - INFO - Fila 10 - color: rgb(45, 172, 49)
2025-10-24 19:38:42,328 - config - INFO - Clic en radio de fila 10
2025-10-24 19:38:46,477 - config - INFO - Registro actualizado correctamente
2025-10-24 19:38:46,477 - config - INFO - Registro actualizado.
2025-10-24 19:38:47,241 - config - INFO - Intentando ir a la página 37...
2025-10-24 19:39:23,788 - config - INFO - Página 37 abierta correctamente.
2025-10-24 19:39:30,882 - config - INFO - Total de filas encontradas: 10
2025-10-24 19:39:32,901 - config - INFO - Fila 1 - color: rgb(45, 172, 49)
2025-10-24 19:39:32,975 - config - INFO - Clic en radio de fila 1
2025-10-24 19:39:37,101 - config - INFO - Registro actualizado correctamente
2025-10-24 19:39:37,102 - config - INFO - Registro actualizado.
2025-10-24 19:39:37,939 - config - INFO - Intentando ir a la página 38...
2025-10-24 19:40:15,558 - config - INFO - Página 38 abierta correctamente.
2025-10-24 19:40:19,581 - config - INFO - Fila 2 - color: rgb(45, 172, 49)
2025-10-24 19:40:19,621 - config - INFO - Clic en radio de fila 2
2025-10-24 19:40:23,856 - config - INFO - Registro actualizado correctamente
2025-10-24 19:40:23,862 - config - INFO - Registro actualizado.
2025-10-24 19:40:24,894 - config - INFO - Intentando ir a la página 38...
2025-10-24 19:41:02,674 - config - INFO - Página 38 abierta correctamente.
2025-10-24 19:41:06,711 - config - INFO - Fila 3 - color: rgb(45, 172, 49)
2025-10-24 19:41:06,744 - config - INFO - Clic en radio de fila 3
2025-10-24 19:41:10,891 - config - INFO - Registro actualizado correctamente
2025-10-24 19:41:10,891 - config - INFO - Registro actualizado.
2025-10-24 19:41:11,756 - config - INFO - Intentando ir a la página 38...
2025-10-24 19:41:49,382 - config - INFO - Página 38 abierta correctamente.
2025-10-24 19:41:53,403 - config - INFO - Fila 4 - color: rgb(45, 172, 49)
2025-10-24 19:41:53,439 - config - INFO - Clic en radio de fila 4
2025-10-24 19:41:57,604 - config - INFO - Registro actualizado correctamente
2025-10-24 19:41:57,604 - config - INFO - Registro actualizado.
2025-10-24 19:41:58,386 - config - INFO - Intentando ir a la página 38...
2025-10-24 19:42:36,046 - config - INFO - Página 38 abierta correctamente.
2025-10-24 19:42:40,082 - config - INFO - Fila 5 - color: rgb(45, 172, 49)
2025-10-24 19:42:40,117 - config - INFO - Clic en radio de fila 5
2025-10-24 19:42:44,267 - config - INFO - Registro actualizado correctamente
2025-10-24 19:42:44,267 - config - INFO - Registro actualizado.
2025-10-24 19:42:45,061 - config - INFO - Intentando ir a la página 38...
2025-10-24 19:43:22,711 - config - INFO - Página 38 abierta correctamente.
2025-10-24 19:43:26,732 - config - INFO - Fila 6 - color: rgb(45, 172, 49)
2025-10-24 19:43:26,761 - config - INFO - Clic en radio de fila 6
2025-10-24 19:43:30,909 - config - INFO - Registro actualizado correctamente
2025-10-24 19:43:30,909 - config - INFO - Registro actualizado.
2025-10-24 19:43:31,770 - config - INFO - Intentando ir a la página 38...
2025-10-24 19:44:09,470 - config - INFO - Página 38 abierta correctamente.
2025-10-24 19:44:13,497 - config - INFO - Fila 7 - color: rgb(45, 172, 49)
2025-10-24 19:44:13,542 - config - INFO - Clic en radio de fila 7
2025-10-24 19:44:17,687 - config - INFO - Registro actualizado correctamente
2025-10-24 19:44:17,687 - config - INFO - Registro actualizado.
2025-10-24 19:44:18,048 - config - INFO - Intentando ir a la página 38...
2025-10-24 19:44:55,811 - config - INFO - Página 38 abierta correctamente.
2025-10-24 19:44:59,847 - config - INFO - Fila 8 - color: rgb(45, 172, 49)
2025-10-24 19:44:59,885 - config - INFO - Clic en radio de fila 8
2025-10-24 19:45:04,031 - config - INFO - Registro actualizado correctamente
2025-10-24 19:45:04,032 - config - INFO - Registro actualizado.
2025-10-24 19:45:05,439 - config - INFO - Intentando ir a la página 38...
2025-10-24 19:45:43,175 - config - INFO - Página 38 abierta correctamente.
2025-10-24 19:45:47,210 - config - INFO - Fila 9 - color: rgb(45, 172, 49)
2025-10-24 19:45:47,249 - config - INFO - Clic en radio de fila 9
2025-10-24 19:45:51,380 - config - INFO - Registro actualizado correctamente
2025-10-24 19:45:51,380 - config - INFO - Registro actualizado.
2025-10-24 19:45:52,260 - config - INFO - Intentando ir a la página 38...
2025-10-24 19:46:29,968 - config - INFO - Página 38 abierta correctamente.
2025-10-24 19:46:34,000 - config - INFO - Fila 10 - color: rgb(45, 172, 49)
2025-10-24 19:46:34,043 - config - INFO - Clic en radio de fila 10
2025-10-24 19:46:38,192 - config - INFO - Registro actualizado correctamente
2025-10-24 19:46:38,192 - config - INFO - Registro actualizado.
2025-10-24 19:46:39,023 - config - INFO - Intentando ir a la página 38...
2025-10-24 19:47:16,667 - config - INFO - Página 38 abierta correctamente.
2025-10-24 19:47:23,750 - config - INFO - Total de filas encontradas: 10
2025-10-24 19:47:25,770 - config - INFO - Fila 1 - color: rgb(45, 172, 49)
2025-10-24 19:47:25,802 - config - INFO - Clic en radio de fila 1
2025-10-24 19:47:29,950 - config - INFO - Registro actualizado correctamente
2025-10-24 19:47:29,950 - config - INFO - Registro actualizado.
2025-10-24 19:47:30,737 - config - INFO - Intentando ir a la página 39...
2025-10-24 19:48:09,471 - config - INFO - Página 39 abierta correctamente.
2025-10-24 19:48:13,493 - config - INFO - Fila 2 - color: rgb(45, 172, 49)
2025-10-24 19:48:13,534 - config - INFO - Clic en radio de fila 2
2025-10-24 19:48:17,676 - config - INFO - Registro actualizado correctamente
2025-10-24 19:48:17,677 - config - INFO - Registro actualizado.
2025-10-24 19:48:18,501 - config - INFO - Intentando ir a la página 39...
2025-10-24 19:48:57,415 - config - INFO - Página 39 abierta correctamente.
2025-10-24 19:49:01,456 - config - INFO - Fila 3 - color: rgb(45, 172, 49)
2025-10-24 19:49:01,494 - config - INFO - Clic en radio de fila 3
2025-10-24 19:49:05,655 - config - INFO - Registro actualizado correctamente
2025-10-24 19:49:05,655 - config - INFO - Registro actualizado.
2025-10-24 19:49:06,493 - config - INFO - Intentando ir a la página 39...
2025-10-24 19:49:45,725 - config - INFO - Página 39 abierta correctamente.
2025-10-24 19:49:49,753 - config - INFO - Fila 4 - color: rgb(45, 172, 49)
2025-10-24 19:49:49,782 - config - INFO - Clic en radio de fila 4
2025-10-24 19:49:54,046 - config - INFO - Registro actualizado correctamente
2025-10-24 19:49:54,046 - config - INFO - Registro actualizado.
2025-10-24 19:49:54,917 - config - INFO - Intentando ir a la página 39...
2025-10-24 19:50:33,606 - config - INFO - Página 39 abierta correctamente.
2025-10-24 19:50:37,641 - config - INFO - Fila 5 - color: rgb(45, 172, 49)
2025-10-24 19:50:37,676 - config - INFO - Clic en radio de fila 5
2025-10-24 19:50:41,807 - config - INFO - Registro actualizado correctamente
2025-10-24 19:50:41,808 - config - INFO - Registro actualizado.
2025-10-24 19:50:42,743 - config - INFO - Intentando ir a la página 39...
2025-10-24 19:51:21,314 - config - INFO - Página 39 abierta correctamente.
2025-10-24 19:51:25,346 - config - INFO - Fila 6 - color: rgb(45, 172, 49)
2025-10-24 19:51:25,389 - config - INFO - Clic en radio de fila 6
2025-10-24 19:51:29,553 - config - INFO - Registro actualizado correctamente
2025-10-24 19:51:29,554 - config - INFO - Registro actualizado.
2025-10-24 19:51:30,487 - config - INFO - Intentando ir a la página 39...
2025-10-24 19:52:09,324 - config - INFO - Página 39 abierta correctamente.
2025-10-24 19:52:13,365 - config - INFO - Fila 7 - color: rgb(45, 172, 49)
2025-10-24 19:52:13,397 - config - INFO - Clic en radio de fila 7
2025-10-24 19:52:17,566 - config - INFO - Registro actualizado correctamente
2025-10-24 19:52:17,566 - config - INFO - Registro actualizado.
2025-10-24 19:52:18,323 - config - INFO - Intentando ir a la página 39...
2025-10-24 19:52:57,018 - config - INFO - Página 39 abierta correctamente.
2025-10-24 19:53:01,054 - config - INFO - Fila 8 - color: rgb(45, 172, 49)
2025-10-24 19:53:01,094 - config - INFO - Clic en radio de fila 8
2025-10-24 19:53:05,240 - config - INFO - Registro actualizado correctamente
2025-10-24 19:53:05,240 - config - INFO - Registro actualizado.
2025-10-24 19:53:06,051 - config - INFO - Intentando ir a la página 39...
2025-10-24 19:53:44,745 - config - INFO - Página 39 abierta correctamente.
2025-10-24 19:53:48,781 - config - INFO - Fila 9 - color: rgb(45, 172, 49)
2025-10-24 19:53:48,820 - config - INFO - Clic en radio de fila 9
2025-10-24 19:53:52,968 - config - INFO - Registro actualizado correctamente
2025-10-24 19:53:52,969 - config - INFO - Registro actualizado.
2025-10-24 19:53:53,833 - config - INFO - Intentando ir a la página 39...
2025-10-24 19:54:32,622 - config - INFO - Página 39 abierta correctamente.
2025-10-24 19:54:36,656 - config - INFO - Fila 10 - color: rgb(45, 172, 49)
2025-10-24 19:54:36,697 - config - INFO - Clic en radio de fila 10
2025-10-24 19:54:40,895 - config - INFO - Registro actualizado correctamente
2025-10-24 19:54:40,895 - config - INFO - Registro actualizado.
2025-10-24 19:54:41,713 - config - INFO - Intentando ir a la página 39...
2025-10-24 19:55:20,351 - config - INFO - Página 39 abierta correctamente.
2025-10-24 19:55:27,451 - config - INFO - Total de filas encontradas: 10
2025-10-24 19:55:29,473 - config - INFO - Fila 1 - color: rgb(45, 172, 49)
2025-10-24 19:55:29,503 - config - INFO - Clic en radio de fila 1
2025-10-24 19:55:33,653 - config - INFO - Registro actualizado correctamente
2025-10-24 19:55:33,653 - config - INFO - Registro actualizado.
2025-10-24 19:55:34,526 - config - INFO - Intentando ir a la página 40...
2025-10-24 19:56:14,378 - config - INFO - Página 40 abierta correctamente.
2025-10-24 19:56:18,414 - config - INFO - Fila 2 - color: rgb(45, 172, 49)
2025-10-24 19:56:18,447 - config - INFO - Clic en radio de fila 2
2025-10-24 19:56:22,577 - config - INFO - Registro actualizado correctamente
2025-10-24 19:56:22,577 - config - INFO - Registro actualizado.
2025-10-24 19:56:23,360 - config - INFO - Intentando ir a la página 40...
2025-10-24 19:57:03,184 - config - INFO - Página 40 abierta correctamente.
2025-10-24 19:57:07,222 - config - INFO - Fila 3 - color: rgb(45, 172, 49)
2025-10-24 19:57:07,256 - config - INFO - Clic en radio de fila 3
2025-10-24 19:57:11,386 - config - INFO - Registro actualizado correctamente
2025-10-24 19:57:11,386 - config - INFO - Registro actualizado.
2025-10-24 19:57:12,471 - config - INFO - Intentando ir a la página 40...
2025-10-24 19:57:52,510 - config - INFO - Página 40 abierta correctamente.
2025-10-24 19:57:56,560 - config - INFO - Fila 4 - color: rgb(45, 172, 49)
2025-10-24 19:57:56,601 - config - INFO - Clic en radio de fila 4
2025-10-24 19:58:00,766 - config - INFO - Registro actualizado correctamente
2025-10-24 19:58:00,767 - config - INFO - Registro actualizado.
2025-10-24 19:58:01,632 - config - INFO - Intentando ir a la página 40...
2025-10-24 19:58:41,389 - config - INFO - Página 40 abierta correctamente.
2025-10-24 19:58:45,415 - config - INFO - Fila 5 - color: rgb(45, 172, 49)
2025-10-24 19:58:45,442 - config - INFO - Clic en radio de fila 5
2025-10-24 19:58:49,571 - config - INFO - Registro actualizado correctamente
2025-10-24 19:58:49,571 - config - INFO - Registro actualizado.
2025-10-24 19:58:50,431 - config - INFO - Intentando ir a la página 40...
2025-10-24 19:59:30,347 - config - INFO - Página 40 abierta correctamente.
2025-10-24 19:59:34,378 - config - INFO - Fila 6 - color: rgb(45, 172, 49)
2025-10-24 19:59:34,421 - config - INFO - Clic en radio de fila 6
2025-10-24 19:59:38,565 - config - INFO - Registro actualizado correctamente
2025-10-24 19:59:38,565 - config - INFO - Registro actualizado.
2025-10-24 19:59:39,515 - config - INFO - Intentando ir a la página 40...
2025-10-24 20:00:19,269 - config - INFO - Página 40 abierta correctamente.
2025-10-24 20:00:23,316 - config - INFO - Fila 7 - color: rgb(45, 172, 49)
2025-10-24 20:00:23,346 - config - INFO - Clic en radio de fila 7
2025-10-24 20:00:27,509 - config - INFO - Registro actualizado correctamente
2025-10-24 20:00:27,509 - config - INFO - Registro actualizado.
2025-10-24 20:00:28,539 - config - INFO - Intentando ir a la página 40...
2025-10-24 20:01:08,348 - config - INFO - Página 40 abierta correctamente.
2025-10-24 20:01:12,378 - config - INFO - Fila 8 - color: rgb(45, 172, 49)
2025-10-24 20:01:12,424 - config - INFO - Clic en radio de fila 8
2025-10-24 20:01:16,606 - config - INFO - Registro actualizado correctamente
2025-10-24 20:01:16,607 - config - INFO - Registro actualizado.
2025-10-24 20:01:17,527 - config - INFO - Intentando ir a la página 40...
2025-10-24 20:01:57,316 - config - INFO - Página 40 abierta correctamente.
2025-10-24 20:02:01,353 - config - INFO - Fila 9 - color: rgb(45, 172, 49)
2025-10-24 20:02:01,384 - config - INFO - Clic en radio de fila 9
2025-10-24 20:02:05,546 - config - INFO - Registro actualizado correctamente
2025-10-24 20:02:05,547 - config - INFO - Registro actualizado.
2025-10-24 20:02:06,417 - config - INFO - Intentando ir a la página 40...
2025-10-24 20:02:46,170 - config - INFO - Página 40 abierta correctamente.
2025-10-24 20:02:50,201 - config - INFO - Fila 10 - color: rgb(45, 172, 49)
2025-10-24 20:02:50,245 - config - INFO - Clic en radio de fila 10
2025-10-24 20:02:54,390 - config - INFO - Registro actualizado correctamente
2025-10-24 20:02:54,390 - config - INFO - Registro actualizado.
2025-10-24 20:02:55,361 - config - INFO - Intentando ir a la página 40...
2025-10-24 20:03:35,078 - config - INFO - Página 40 abierta correctamente.
2025-10-24 20:03:42,180 - config - INFO - Total de filas encontradas: 10
2025-10-24 20:03:44,204 - config - INFO - Fila 1 - color: rgb(45, 172, 49)
2025-10-24 20:03:44,249 - config - INFO - Clic en radio de fila 1
2025-10-24 20:03:48,414 - config - INFO - Registro actualizado correctamente
2025-10-24 20:03:48,415 - config - INFO - Registro actualizado.
2025-10-24 20:03:49,323 - config - INFO - Intentando ir a la página 41...
2025-10-24 20:04:30,600 - config - INFO - Página 41 abierta correctamente.
2025-10-24 20:04:34,634 - config - INFO - Fila 2 - color: rgb(45, 172, 49)
2025-10-24 20:04:34,676 - config - INFO - Clic en radio de fila 2
2025-10-24 20:04:38,836 - config - INFO - Registro actualizado correctamente
2025-10-24 20:04:38,836 - config - INFO - Registro actualizado.
2025-10-24 20:04:39,241 - config - INFO - Intentando ir a la página 41...
2025-10-24 20:05:20,060 - config - INFO - Página 41 abierta correctamente.
2025-10-24 20:05:24,082 - config - INFO - Fila 3 - color: rgb(45, 172, 49)
2025-10-24 20:05:24,115 - config - INFO - Clic en radio de fila 3
2025-10-24 20:05:28,194 - config - INFO - Registro actualizado correctamente
2025-10-24 20:05:28,195 - config - INFO - Registro actualizado.
2025-10-24 20:05:29,105 - config - INFO - Intentando ir a la página 41...
2025-10-24 20:06:09,784 - config - INFO - Página 41 abierta correctamente.
2025-10-24 20:06:13,829 - config - INFO - Fila 4 - color: rgb(45, 172, 49)
2025-10-24 20:06:13,858 - config - INFO - Clic en radio de fila 4
2025-10-24 20:06:18,006 - config - INFO - Registro actualizado correctamente
2025-10-24 20:06:18,007 - config - INFO - Registro actualizado.
2025-10-24 20:06:18,836 - config - INFO - Intentando ir a la página 41...
2025-10-24 20:06:59,629 - config - INFO - Página 41 abierta correctamente.
2025-10-24 20:07:03,656 - config - INFO - Fila 5 - color: rgb(45, 172, 49)
2025-10-24 20:07:03,684 - config - INFO - Clic en radio de fila 5
2025-10-24 20:07:07,814 - config - INFO - Registro actualizado correctamente
2025-10-24 20:07:07,814 - config - INFO - Registro actualizado.
2025-10-24 20:07:08,593 - config - INFO - Intentando ir a la página 41...
2025-10-24 20:07:49,467 - config - INFO - Página 41 abierta correctamente.
2025-10-24 20:07:53,504 - config - INFO - Fila 6 - color: rgb(45, 172, 49)
2025-10-24 20:07:53,546 - config - INFO - Clic en radio de fila 6
2025-10-24 20:07:57,689 - config - INFO - Registro actualizado correctamente
2025-10-24 20:07:57,690 - config - INFO - Registro actualizado.
2025-10-24 20:07:58,725 - config - INFO - Intentando ir a la página 41...
2025-10-24 20:08:39,729 - config - INFO - Página 41 abierta correctamente.
2025-10-24 20:08:43,757 - config - INFO - Fila 7 - color: rgb(45, 172, 49)
2025-10-24 20:08:43,786 - config - INFO - Clic en radio de fila 7
2025-10-24 20:08:47,916 - config - INFO - Registro actualizado correctamente
2025-10-24 20:08:47,916 - config - INFO - Registro actualizado.
2025-10-24 20:08:48,702 - config - INFO - Intentando ir a la página 41...
2025-10-24 20:09:29,556 - config - INFO - Página 41 abierta correctamente.
2025-10-24 20:09:33,593 - config - INFO - Fila 8 - color: rgb(45, 172, 49)
2025-10-24 20:09:33,629 - config - INFO - Clic en radio de fila 8
2025-10-24 20:09:37,792 - config - INFO - Registro actualizado correctamente
2025-10-24 20:09:37,792 - config - INFO - Registro actualizado.
2025-10-24 20:09:38,660 - config - INFO - Intentando ir a la página 41...
2025-10-24 20:10:19,431 - config - INFO - Página 41 abierta correctamente.
2025-10-24 20:10:23,460 - config - INFO - Fila 9 - color: rgb(45, 172, 49)
2025-10-24 20:10:23,489 - config - INFO - Clic en radio de fila 9
2025-10-24 20:10:27,633 - config - INFO - Registro actualizado correctamente
2025-10-24 20:10:27,633 - config - INFO - Registro actualizado.
2025-10-24 20:10:28,499 - config - INFO - Intentando ir a la página 41...
2025-10-24 20:11:09,342 - config - INFO - Página 41 abierta correctamente.
2025-10-24 20:11:13,385 - config - INFO - Fila 10 - color: rgb(45, 172, 49)
2025-10-24 20:11:13,413 - config - INFO - Clic en radio de fila 10
2025-10-24 20:11:17,542 - config - INFO - Registro actualizado correctamente
2025-10-24 20:11:17,542 - config - INFO - Registro actualizado.
2025-10-24 20:11:18,384 - config - INFO - Intentando ir a la página 41...
2025-10-24 20:11:59,216 - config - INFO - Página 41 abierta correctamente.
2025-10-24 20:12:06,311 - config - INFO - Total de filas encontradas: 10
2025-10-24 20:12:08,335 - config - INFO - Fila 1 - color: rgb(45, 172, 49)
2025-10-24 20:12:08,368 - config - INFO - Clic en radio de fila 1
2025-10-24 20:12:12,516 - config - INFO - Registro actualizado correctamente
2025-10-24 20:12:12,516 - config - INFO - Registro actualizado.
2025-10-24 20:12:13,355 - config - INFO - Intentando ir a la página 42...
2025-10-24 20:12:55,302 - config - INFO - Página 42 abierta correctamente.
2025-10-24 20:12:59,331 - config - INFO - Fila 2 - color: rgb(45, 172, 49)
2025-10-24 20:12:59,361 - config - INFO - Clic en radio de fila 2
2025-10-24 20:13:03,510 - config - INFO - Registro actualizado correctamente
2025-10-24 20:13:03,510 - config - INFO - Registro actualizado.
2025-10-24 20:13:04,407 - config - INFO - Intentando ir a la página 42...
2025-10-24 20:13:46,442 - config - INFO - Página 42 abierta correctamente.
2025-10-24 20:13:50,464 - config - INFO - Fila 3 - color: rgb(45, 172, 49)
2025-10-24 20:13:50,502 - config - INFO - Clic en radio de fila 3
2025-10-24 20:13:54,648 - config - INFO - Registro actualizado correctamente
2025-10-24 20:13:54,648 - config - INFO - Registro actualizado.
2025-10-24 20:13:55,425 - config - INFO - Intentando ir a la página 42...
2025-10-24 20:14:37,335 - config - INFO - Página 42 abierta correctamente.
2025-10-24 20:14:41,370 - config - INFO - Fila 4 - color: rgb(45, 172, 49)
2025-10-24 20:14:41,410 - config - INFO - Clic en radio de fila 4
2025-10-24 20:14:45,591 - config - INFO - Registro actualizado correctamente
2025-10-24 20:14:45,592 - config - INFO - Registro actualizado.
2025-10-24 20:14:46,474 - config - INFO - Intentando ir a la página 42...
2025-10-24 20:15:28,397 - config - INFO - Página 42 abierta correctamente.
2025-10-24 20:15:32,438 - config - INFO - Fila 5 - color: rgb(45, 172, 49)
2025-10-24 20:15:32,469 - config - INFO - Clic en radio de fila 5
2025-10-24 20:15:36,580 - config - INFO - Registro actualizado correctamente
2025-10-24 20:15:36,580 - config - INFO - Registro actualizado.
2025-10-24 20:15:37,597 - config - INFO - Intentando ir a la página 42...
2025-10-24 20:16:19,485 - config - INFO - Página 42 abierta correctamente.
2025-10-24 20:16:23,528 - config - INFO - Fila 6 - color: rgb(45, 172, 49)
2025-10-24 20:16:23,560 - config - INFO - Clic en radio de fila 6
2025-10-24 20:16:27,707 - config - INFO - Registro actualizado correctamente
2025-10-24 20:16:27,707 - config - INFO - Registro actualizado.
2025-10-24 20:16:28,619 - config - INFO - Intentando ir a la página 42...
2025-10-24 20:17:10,529 - config - INFO - Página 42 abierta correctamente.
2025-10-24 20:17:14,561 - config - INFO - Fila 7 - color: rgb(45, 172, 49)
2025-10-24 20:17:14,600 - config - INFO - Clic en radio de fila 7
2025-10-24 20:17:18,748 - config - INFO - Registro actualizado correctamente
2025-10-24 20:17:18,748 - config - INFO - Registro actualizado.
2025-10-24 20:17:19,565 - config - INFO - Intentando ir a la página 42...
2025-10-24 20:18:01,736 - config - INFO - Página 42 abierta correctamente.
2025-10-24 20:18:05,765 - config - INFO - Fila 8 - color: rgb(45, 172, 49)
2025-10-24 20:18:05,807 - config - INFO - Clic en radio de fila 8
2025-10-24 20:18:09,953 - config - INFO - Registro actualizado correctamente
2025-10-24 20:18:09,954 - config - INFO - Registro actualizado.
2025-10-24 20:18:10,930 - config - INFO - Intentando ir a la página 42...
2025-10-24 20:18:52,841 - config - INFO - Página 42 abierta correctamente.
2025-10-24 20:18:56,873 - config - INFO - Fila 9 - color: rgb(45, 172, 49)
2025-10-24 20:18:56,916 - config - INFO - Clic en radio de fila 9
2025-10-24 20:19:01,046 - config - INFO - Registro actualizado correctamente
2025-10-24 20:19:01,047 - config - INFO - Registro actualizado.
2025-10-24 20:19:02,045 - config - INFO - Intentando ir a la página 42...
2025-10-24 20:19:43,966 - config - INFO - Página 42 abierta correctamente.
2025-10-24 20:19:47,995 - config - INFO - Fila 10 - color: rgb(45, 172, 49)
2025-10-24 20:19:48,025 - config - INFO - Clic en radio de fila 10
2025-10-24 20:19:52,154 - config - INFO - Registro actualizado correctamente
2025-10-24 20:19:52,154 - config - INFO - Registro actualizado.
2025-10-24 20:19:53,038 - config - INFO - Intentando ir a la página 42...
2025-10-24 20:20:34,861 - config - INFO - Página 42 abierta correctamente.
2025-10-24 20:20:41,959 - config - INFO - Total de filas encontradas: 10
2025-10-24 20:20:43,978 - config - INFO - Fila 1 - color: rgb(45, 172, 49)
2025-10-24 20:20:44,011 - config - INFO - Clic en radio de fila 1
2025-10-24 20:20:48,163 - config - INFO - Registro actualizado correctamente
2025-10-24 20:20:48,163 - config - INFO - Registro actualizado.
2025-10-24 20:20:49,077 - config - INFO - Intentando ir a la página 43...
2025-10-24 20:21:32,115 - config - INFO - Página 43 abierta correctamente.
2025-10-24 20:21:36,133 - config - INFO - Fila 2 - color: rgb(45, 172, 49)
2025-10-24 20:21:36,169 - config - INFO - Clic en radio de fila 2
2025-10-24 20:21:40,264 - config - INFO - Registro actualizado correctamente
2025-10-24 20:21:40,264 - config - INFO - Registro actualizado.
2025-10-24 20:21:41,060 - config - INFO - Intentando ir a la página 43...
2025-10-24 20:22:24,005 - config - INFO - Página 43 abierta correctamente.
2025-10-24 20:22:28,024 - config - INFO - Fila 3 - color: rgb(45, 172, 49)
2025-10-24 20:22:28,062 - config - INFO - Clic en radio de fila 3
2025-10-24 20:22:32,209 - config - INFO - Registro actualizado correctamente
2025-10-24 20:22:32,210 - config - INFO - Registro actualizado.
2025-10-24 20:22:33,101 - config - INFO - Intentando ir a la página 43...
2025-10-24 20:23:16,144 - config - INFO - Página 43 abierta correctamente.
2025-10-24 20:23:20,185 - config - INFO - Fila 4 - color: rgb(45, 172, 49)
2025-10-24 20:23:20,218 - config - INFO - Clic en radio de fila 4
2025-10-24 20:23:24,366 - config - INFO - Registro actualizado correctamente
2025-10-24 20:23:24,366 - config - INFO - Registro actualizado.
2025-10-24 20:23:25,232 - config - INFO - Intentando ir a la página 43...
2025-10-24 20:24:08,187 - config - INFO - Página 43 abierta correctamente.
2025-10-24 20:24:12,228 - config - INFO - Fila 5 - color: rgb(45, 172, 49)
2025-10-24 20:24:12,258 - config - INFO - Clic en radio de fila 5
2025-10-24 20:24:16,407 - config - INFO - Registro actualizado correctamente
2025-10-24 20:24:16,407 - config - INFO - Registro actualizado.
2025-10-24 20:24:17,302 - config - INFO - Intentando ir a la página 43...
2025-10-24 20:25:00,238 - config - INFO - Página 43 abierta correctamente.
2025-10-24 20:25:04,284 - config - INFO - Fila 6 - color: rgb(45, 172, 49)
2025-10-24 20:25:04,315 - config - INFO - Clic en radio de fila 6
2025-10-24 20:25:08,459 - config - INFO - Registro actualizado correctamente
2025-10-24 20:25:08,459 - config - INFO - Registro actualizado.
2025-10-24 20:25:09,451 - config - INFO - Intentando ir a la página 43...
2025-10-24 20:25:52,344 - config - INFO - Página 43 abierta correctamente.
2025-10-24 20:25:56,360 - config - INFO - Fila 7 - color: rgb(45, 172, 49)
2025-10-24 20:25:56,389 - config - INFO - Clic en radio de fila 7
2025-10-24 20:26:00,538 - config - INFO - Registro actualizado correctamente
2025-10-24 20:26:00,538 - config - INFO - Registro actualizado.
2025-10-24 20:26:01,452 - config - INFO - Intentando ir a la página 43...
2025-10-24 20:26:44,358 - config - INFO - Página 43 abierta correctamente.
2025-10-24 20:26:48,406 - config - INFO - Fila 8 - color: rgb(45, 172, 49)
2025-10-24 20:26:48,446 - config - INFO - Clic en radio de fila 8
2025-10-24 20:26:52,593 - config - INFO - Registro actualizado correctamente
2025-10-24 20:26:52,593 - config - INFO - Registro actualizado.
2025-10-24 20:26:53,382 - config - INFO - Intentando ir a la página 43...
2025-10-24 20:27:36,714 - config - INFO - Página 43 abierta correctamente.
2025-10-24 20:27:40,740 - config - INFO - Fila 9 - color: rgb(45, 172, 49)
2025-10-24 20:27:40,771 - config - INFO - Clic en radio de fila 9
2025-10-24 20:27:44,869 - config - INFO - Registro actualizado correctamente
2025-10-24 20:27:44,869 - config - INFO - Registro actualizado.
2025-10-24 20:27:45,734 - config - INFO - Intentando ir a la página 43...
2025-10-24 20:28:28,872 - config - INFO - Página 43 abierta correctamente.
2025-10-24 20:28:32,917 - config - INFO - Fila 10 - color: rgb(45, 172, 49)
2025-10-24 20:28:32,962 - config - INFO - Clic en radio de fila 10
2025-10-24 20:28:37,127 - config - INFO - Registro actualizado correctamente
2025-10-24 20:28:37,128 - config - INFO - Registro actualizado.
2025-10-24 20:28:37,920 - config - INFO - Intentando ir a la página 43...
2025-10-24 20:29:20,897 - config - INFO - Página 43 abierta correctamente.
2025-10-24 20:29:27,986 - config - INFO - Total de filas encontradas: 10
2025-10-24 20:29:30,003 - config - INFO - Fila 1 - color: rgb(45, 172, 49)
2025-10-24 20:29:30,031 - config - INFO - Clic en radio de fila 1
2025-10-24 20:29:34,179 - config - INFO - Registro actualizado correctamente
2025-10-24 20:29:34,179 - config - INFO - Registro actualizado.
2025-10-24 20:29:34,979 - config - INFO - Intentando ir a la página 44...
2025-10-24 20:30:19,132 - config - INFO - Página 44 abierta correctamente.
2025-10-24 20:30:23,155 - config - INFO - Fila 2 - color: rgb(45, 172, 49)
2025-10-24 20:30:23,189 - config - INFO - Clic en radio de fila 2
2025-10-24 20:30:27,352 - config - INFO - Registro actualizado correctamente
2025-10-24 20:30:27,353 - config - INFO - Registro actualizado.
2025-10-24 20:30:28,458 - config - INFO - Intentando ir a la página 44...
2025-10-24 20:31:12,882 - config - INFO - Página 44 abierta correctamente.
2025-10-24 20:31:16,899 - config - INFO - Fila 3 - color: rgb(45, 172, 49)
2025-10-24 20:31:16,945 - config - INFO - Clic en radio de fila 3
2025-10-24 20:31:21,113 - config - INFO - Registro actualizado correctamente
2025-10-24 20:31:21,113 - config - INFO - Registro actualizado.
2025-10-24 20:31:22,099 - config - INFO - Intentando ir a la página 44...
2025-10-24 20:32:06,260 - config - INFO - Página 44 abierta correctamente.
2025-10-24 20:32:10,304 - config - INFO - Fila 4 - color: rgb(45, 172, 49)
2025-10-24 20:32:10,333 - config - INFO - Clic en radio de fila 4
2025-10-24 20:32:14,483 - config - INFO - Registro actualizado correctamente
2025-10-24 20:32:14,483 - config - INFO - Registro actualizado.
2025-10-24 20:32:15,353 - config - INFO - Intentando ir a la página 44...
2025-10-24 20:32:59,351 - config - INFO - Página 44 abierta correctamente.
2025-10-24 20:33:03,378 - config - INFO - Fila 5 - color: rgb(45, 172, 49)
2025-10-24 20:33:03,405 - config - INFO - Clic en radio de fila 5
2025-10-24 20:33:07,555 - config - INFO - Registro actualizado correctamente
2025-10-24 20:33:07,555 - config - INFO - Registro actualizado.
2025-10-24 20:33:08,690 - config - INFO - Intentando ir a la página 44...
2025-10-24 20:33:52,873 - config - INFO - Página 44 abierta correctamente.
2025-10-24 20:33:56,910 - config - INFO - Fila 6 - color: rgb(45, 172, 49)
2025-10-24 20:33:56,945 - config - INFO - Clic en radio de fila 6
2025-10-24 20:34:01,093 - config - INFO - Registro actualizado correctamente
2025-10-24 20:34:01,094 - config - INFO - Registro actualizado.
2025-10-24 20:34:01,961 - config - INFO - Intentando ir a la página 44...
2025-10-24 20:34:45,978 - config - INFO - Página 44 abierta correctamente.
2025-10-24 20:34:50,007 - config - INFO - Fila 7 - color: rgb(45, 172, 49)
2025-10-24 20:34:50,071 - config - INFO - Clic en radio de fila 7
2025-10-24 20:34:54,214 - config - INFO - Registro actualizado correctamente
2025-10-24 20:34:54,215 - config - INFO - Registro actualizado.
2025-10-24 20:34:54,974 - config - INFO - Intentando ir a la página 44...
2025-10-24 20:35:39,001 - config - INFO - Página 44 abierta correctamente.
2025-10-24 20:35:43,041 - config - INFO - Fila 8 - color: rgb(45, 172, 49)
2025-10-24 20:35:43,075 - config - INFO - Clic en radio de fila 8
2025-10-24 20:35:47,188 - config - INFO - Registro actualizado correctamente
2025-10-24 20:35:47,188 - config - INFO - Registro actualizado.
2025-10-24 20:35:48,059 - config - INFO - Intentando ir a la página 44...
2025-10-24 20:36:32,124 - config - INFO - Página 44 abierta correctamente.
2025-10-24 20:36:36,161 - config - INFO - Fila 9 - color: rgb(45, 172, 49)
2025-10-24 20:36:36,198 - config - INFO - Clic en radio de fila 9
2025-10-24 20:36:40,343 - config - INFO - Registro actualizado correctamente
2025-10-24 20:36:40,344 - config - INFO - Registro actualizado.
2025-10-24 20:36:41,176 - config - INFO - Intentando ir a la página 44...
2025-10-24 20:37:25,268 - config - INFO - Página 44 abierta correctamente.
2025-10-24 20:37:29,303 - config - INFO - Fila 10 - color: rgb(45, 172, 49)
2025-10-24 20:37:29,337 - config - INFO - Clic en radio de fila 10
2025-10-24 20:37:33,488 - config - INFO - Registro actualizado correctamente
2025-10-24 20:37:33,488 - config - INFO - Registro actualizado.
2025-10-24 20:37:34,350 - config - INFO - Intentando ir a la página 44...
2025-10-24 20:38:18,350 - config - INFO - Página 44 abierta correctamente.
2025-10-24 20:38:25,440 - config - INFO - Total de filas encontradas: 10
2025-10-24 20:38:27,457 - config - INFO - Fila 1 - color: rgb(45, 172, 49)
2025-10-24 20:38:27,490 - config - INFO - Clic en radio de fila 1
2025-10-24 20:38:31,657 - config - INFO - Registro actualizado correctamente
2025-10-24 20:38:31,657 - config - INFO - Registro actualizado.
2025-10-24 20:38:32,652 - config - INFO - Intentando ir a la página 45...
2025-10-24 20:39:17,706 - config - INFO - Página 45 abierta correctamente.
2025-10-24 20:39:21,741 - config - INFO - Fila 2 - color: rgb(45, 172, 49)
2025-10-24 20:39:21,779 - config - INFO - Clic en radio de fila 2
2025-10-24 20:39:25,926 - config - INFO - Registro actualizado correctamente
2025-10-24 20:39:25,927 - config - INFO - Registro actualizado.
2025-10-24 20:39:26,809 - config - INFO - Intentando ir a la página 45...
2025-10-24 20:40:12,000 - config - INFO - Página 45 abierta correctamente.
2025-10-24 20:40:16,028 - config - INFO - Fila 3 - color: rgb(45, 172, 49)
2025-10-24 20:40:16,067 - config - INFO - Clic en radio de fila 3
2025-10-24 20:40:20,217 - config - INFO - Registro actualizado correctamente
2025-10-24 20:40:20,218 - config - INFO - Registro actualizado.
2025-10-24 20:40:21,136 - config - INFO - Intentando ir a la página 45...
2025-10-24 20:41:06,450 - config - INFO - Página 45 abierta correctamente.
2025-10-24 20:41:10,488 - config - INFO - Fila 4 - color: rgb(45, 172, 49)
2025-10-24 20:41:10,526 - config - INFO - Clic en radio de fila 4
2025-10-24 20:41:14,684 - config - INFO - Registro actualizado correctamente
2025-10-24 20:41:14,684 - config - INFO - Registro actualizado.
2025-10-24 20:41:15,479 - config - INFO - Intentando ir a la página 45...
2025-10-24 20:42:00,458 - config - INFO - Página 45 abierta correctamente.
2025-10-24 20:42:04,498 - config - INFO - Fila 5 - color: rgb(45, 172, 49)
2025-10-24 20:42:04,528 - config - INFO - Clic en radio de fila 5
2025-10-24 20:42:08,675 - config - INFO - Registro actualizado correctamente
2025-10-24 20:42:08,675 - config - INFO - Registro actualizado.
2025-10-24 20:42:09,649 - config - INFO - Intentando ir a la página 45...
2025-10-24 20:42:54,762 - config - INFO - Página 45 abierta correctamente.
2025-10-24 20:42:58,793 - config - INFO - Fila 6 - color: rgb(45, 172, 49)
2025-10-24 20:42:58,835 - config - INFO - Clic en radio de fila 6
2025-10-24 20:43:02,982 - config - INFO - Registro actualizado correctamente
2025-10-24 20:43:02,983 - config - INFO - Registro actualizado.
2025-10-24 20:43:03,784 - config - INFO - Intentando ir a la página 45...
2025-10-24 20:43:49,083 - config - INFO - Página 45 abierta correctamente.
2025-10-24 20:43:53,105 - config - INFO - Fila 7 - color: rgb(45, 172, 49)
2025-10-24 20:43:53,176 - config - INFO - Clic en radio de fila 7
2025-10-24 20:43:57,322 - config - INFO - Registro actualizado correctamente
2025-10-24 20:43:57,322 - config - INFO - Registro actualizado.
2025-10-24 20:43:58,163 - config - INFO - Intentando ir a la página 45...
2025-10-24 20:44:43,190 - config - INFO - Página 45 abierta correctamente.
2025-10-24 20:44:47,218 - config - INFO - Fila 8 - color: rgb(45, 172, 49)
2025-10-24 20:44:47,265 - config - INFO - Clic en radio de fila 8
2025-10-24 20:44:51,411 - config - INFO - Registro actualizado correctamente
2025-10-24 20:44:51,411 - config - INFO - Registro actualizado.
2025-10-24 20:44:52,195 - config - INFO - Intentando ir a la página 45...
2025-10-24 20:45:37,295 - config - INFO - Página 45 abierta correctamente.
2025-10-24 20:45:41,327 - config - INFO - Fila 9 - color: rgb(45, 172, 49)
2025-10-24 20:45:41,367 - config - INFO - Clic en radio de fila 9
2025-10-24 20:45:45,513 - config - INFO - Registro actualizado correctamente
2025-10-24 20:45:45,513 - config - INFO - Registro actualizado.
2025-10-24 20:45:46,322 - config - INFO - Intentando ir a la página 45...
2025-10-24 20:46:31,568 - config - INFO - Página 45 abierta correctamente.
2025-10-24 20:46:35,608 - config - INFO - Fila 10 - color: rgb(45, 172, 49)
2025-10-24 20:46:35,639 - config - INFO - Clic en radio de fila 10
2025-10-24 20:46:39,842 - config - INFO - Registro actualizado correctamente
2025-10-24 20:46:39,842 - config - INFO - Registro actualizado.
2025-10-24 20:46:40,659 - config - INFO - Intentando ir a la página 45...
2025-10-24 20:47:25,773 - config - INFO - Página 45 abierta correctamente.
2025-10-24 20:47:32,861 - config - INFO - Total de filas encontradas: 10
2025-10-24 20:47:34,884 - config - INFO - Fila 1 - color: rgb(45, 172, 49)
2025-10-24 20:47:34,925 - config - INFO - Clic en radio de fila 1
2025-10-24 20:47:39,088 - config - INFO - Registro actualizado correctamente
2025-10-24 20:47:39,088 - config - INFO - Registro actualizado.
2025-10-24 20:47:40,078 - config - INFO - Intentando ir a la página 46...
2025-10-24 20:48:26,276 - config - INFO - Página 46 abierta correctamente.
2025-10-24 20:48:30,315 - config - INFO - Fila 2 - color: rgb(45, 172, 49)
2025-10-24 20:48:30,345 - config - INFO - Clic en radio de fila 2
2025-10-24 20:48:34,512 - config - INFO - Registro actualizado correctamente
2025-10-24 20:48:34,512 - config - INFO - Registro actualizado.
2025-10-24 20:48:35,276 - config - INFO - Intentando ir a la página 46...
2025-10-24 20:49:21,527 - config - INFO - Página 46 abierta correctamente.
2025-10-24 20:49:25,552 - config - INFO - Fila 3 - color: rgb(45, 172, 49)
2025-10-24 20:49:25,627 - config - INFO - Clic en radio de fila 3
2025-10-24 20:49:29,782 - config - INFO - Registro actualizado correctamente
2025-10-24 20:49:29,782 - config - INFO - Registro actualizado.
2025-10-24 20:49:30,559 - config - INFO - Intentando ir a la página 46...
2025-10-24 20:50:17,233 - config - INFO - Página 46 abierta correctamente.
2025-10-24 20:50:21,266 - config - INFO - Fila 4 - color: rgb(45, 172, 49)
2025-10-24 20:50:21,306 - config - INFO - Clic en radio de fila 4
2025-10-24 20:50:25,433 - config - INFO - Registro actualizado correctamente
2025-10-24 20:50:25,434 - config - INFO - Registro actualizado.
2025-10-24 20:50:26,263 - config - INFO - Intentando ir a la página 46...
2025-10-24 20:51:12,453 - config - INFO - Página 46 abierta correctamente.
2025-10-24 20:51:16,485 - config - INFO - Fila 5 - color: rgb(45, 172, 49)
2025-10-24 20:51:16,525 - config - INFO - Clic en radio de fila 5
2025-10-24 20:51:20,691 - config - INFO - Registro actualizado correctamente
2025-10-24 20:51:20,691 - config - INFO - Registro actualizado.
2025-10-24 20:51:21,572 - config - INFO - Intentando ir a la página 46...
2025-10-24 20:52:07,760 - config - INFO - Página 46 abierta correctamente.
2025-10-24 20:52:11,804 - config - INFO - Fila 6 - color: rgb(45, 172, 49)
2025-10-24 20:52:11,850 - config - INFO - Clic en radio de fila 6
2025-10-24 20:52:16,012 - config - INFO - Registro actualizado correctamente
2025-10-24 20:52:16,013 - config - INFO - Registro actualizado.
2025-10-24 20:52:16,784 - config - INFO - Intentando ir a la página 46...
2025-10-24 20:53:03,047 - config - INFO - Página 46 abierta correctamente.
2025-10-24 20:53:07,086 - config - INFO - Fila 7 - color: rgb(45, 172, 49)
2025-10-24 20:53:07,117 - config - INFO - Clic en radio de fila 7
2025-10-24 20:53:11,285 - config - INFO - Registro actualizado correctamente
2025-10-24 20:53:11,285 - config - INFO - Registro actualizado.
2025-10-24 20:53:12,100 - config - INFO - Intentando ir a la página 46...
2025-10-24 20:53:58,236 - config - INFO - Página 46 abierta correctamente.
2025-10-24 20:54:02,263 - config - INFO - Fila 8 - color: rgb(45, 172, 49)
2025-10-24 20:54:02,292 - config - INFO - Clic en radio de fila 8
2025-10-24 20:54:06,456 - config - INFO - Registro actualizado correctamente
2025-10-24 20:54:06,457 - config - INFO - Registro actualizado.
2025-10-24 20:54:07,443 - config - INFO - Intentando ir a la página 46...
2025-10-24 20:54:53,623 - config - INFO - Página 46 abierta correctamente.
2025-10-24 20:54:57,655 - config - INFO - Fila 9 - color: rgb(45, 172, 49)
2025-10-24 20:54:57,694 - config - INFO - Clic en radio de fila 9
2025-10-24 20:55:01,864 - config - INFO - Registro actualizado correctamente
2025-10-24 20:55:01,865 - config - INFO - Registro actualizado.
2025-10-24 20:55:03,559 - config - INFO - Intentando ir a la página 46...
2025-10-24 20:55:49,843 - config - INFO - Página 46 abierta correctamente.
2025-10-24 20:55:53,877 - config - INFO - Fila 10 - color: rgb(45, 172, 49)
2025-10-24 20:55:53,917 - config - INFO - Clic en radio de fila 10
2025-10-24 20:55:58,031 - config - INFO - Registro actualizado correctamente
2025-10-24 20:55:58,031 - config - INFO - Registro actualizado.
2025-10-24 20:55:59,071 - config - INFO - Intentando ir a la página 46...
2025-10-24 20:56:45,327 - config - INFO - Página 46 abierta correctamente.
2025-10-24 20:56:52,432 - config - INFO - Total de filas encontradas: 10
2025-10-24 20:56:54,463 - config - INFO - Fila 1 - color: rgb(45, 172, 49)
2025-10-24 20:56:54,499 - config - INFO - Clic en radio de fila 1
2025-10-24 20:56:58,663 - config - INFO - Registro actualizado correctamente
2025-10-24 20:56:58,663 - config - INFO - Registro actualizado.
2025-10-24 20:56:59,798 - config - INFO - Intentando ir a la página 47...
2025-10-24 20:57:47,146 - config - INFO - Página 47 abierta correctamente.
2025-10-24 20:57:51,170 - config - INFO - Fila 2 - color: rgb(45, 172, 49)
2025-10-24 20:57:51,205 - config - INFO - Clic en radio de fila 2
2025-10-24 20:57:55,352 - config - INFO - Registro actualizado correctamente
2025-10-24 20:57:55,352 - config - INFO - Registro actualizado.
2025-10-24 20:57:56,326 - config - INFO - Intentando ir a la página 47...
2025-10-24 20:58:43,651 - config - INFO - Página 47 abierta correctamente.
2025-10-24 20:58:47,694 - config - INFO - Fila 3 - color: rgb(45, 172, 49)
2025-10-24 20:58:47,746 - config - INFO - Clic en radio de fila 3
2025-10-24 20:58:51,885 - config - INFO - Registro actualizado correctamente
2025-10-24 20:58:51,885 - config - INFO - Registro actualizado.
2025-10-24 20:58:52,686 - config - INFO - Intentando ir a la página 47...
2025-10-24 20:59:39,986 - config - INFO - Página 47 abierta correctamente.
2025-10-24 20:59:44,029 - config - INFO - Fila 4 - color: rgb(45, 172, 49)
2025-10-24 20:59:44,060 - config - INFO - Clic en radio de fila 4
2025-10-24 20:59:48,192 - config - INFO - Registro actualizado correctamente
2025-10-24 20:59:48,193 - config - INFO - Registro actualizado.
2025-10-24 20:59:49,033 - config - INFO - Intentando ir a la página 47...
2025-10-24 21:00:36,324 - config - INFO - Página 47 abierta correctamente.
2025-10-24 21:00:40,367 - config - INFO - Fila 5 - color: rgb(45, 172, 49)
2025-10-24 21:00:40,399 - config - INFO - Clic en radio de fila 5
2025-10-24 21:00:44,560 - config - INFO - Registro actualizado correctamente
2025-10-24 21:00:44,560 - config - INFO - Registro actualizado.
2025-10-24 21:00:45,422 - config - INFO - Intentando ir a la página 47...
2025-10-24 21:01:32,729 - config - INFO - Página 47 abierta correctamente.
2025-10-24 21:01:36,767 - config - INFO - Fila 6 - color: rgb(45, 172, 49)
2025-10-24 21:01:36,803 - config - INFO - Clic en radio de fila 6
2025-10-24 21:01:40,950 - config - INFO - Registro actualizado correctamente
2025-10-24 21:01:40,951 - config - INFO - Registro actualizado.
2025-10-24 21:01:41,872 - config - INFO - Intentando ir a la página 47...
2025-10-24 21:02:29,203 - config - INFO - Página 47 abierta correctamente.
2025-10-24 21:02:33,240 - config - INFO - Fila 7 - color: rgb(45, 172, 49)
2025-10-24 21:02:33,271 - config - INFO - Clic en radio de fila 7
2025-10-24 21:02:37,421 - config - INFO - Registro actualizado correctamente
2025-10-24 21:02:37,421 - config - INFO - Registro actualizado.
2025-10-24 21:02:38,261 - config - INFO - Intentando ir a la página 47...
2025-10-24 21:03:25,519 - config - INFO - Página 47 abierta correctamente.
2025-10-24 21:03:29,554 - config - INFO - Fila 8 - color: rgb(45, 172, 49)
2025-10-24 21:03:29,591 - config - INFO - Clic en radio de fila 8
2025-10-24 21:03:33,775 - config - INFO - Registro actualizado correctamente
2025-10-24 21:03:33,775 - config - INFO - Registro actualizado.
2025-10-24 21:03:34,676 - config - INFO - Intentando ir a la página 47...
2025-10-24 21:04:21,907 - config - INFO - Página 47 abierta correctamente.
2025-10-24 21:04:25,937 - config - INFO - Fila 9 - color: rgb(45, 172, 49)
2025-10-24 21:04:25,980 - config - INFO - Clic en radio de fila 9
2025-10-24 21:04:30,143 - config - INFO - Registro actualizado correctamente
2025-10-24 21:04:30,143 - config - INFO - Registro actualizado.
2025-10-24 21:04:31,015 - config - INFO - Intentando ir a la página 47...
2025-10-24 21:05:18,225 - config - INFO - Página 47 abierta correctamente.
2025-10-24 21:05:22,238 - config - INFO - Fila 10 - color: rgb(45, 172, 49)
2025-10-24 21:05:22,266 - config - INFO - Clic en radio de fila 10
2025-10-24 21:05:26,414 - config - INFO - Registro actualizado correctamente
2025-10-24 21:05:26,414 - config - INFO - Registro actualizado.
2025-10-24 21:05:27,393 - config - INFO - Intentando ir a la página 47...
2025-10-24 21:06:14,662 - config - INFO - Página 47 abierta correctamente.
2025-10-24 21:06:21,763 - config - INFO - Total de filas encontradas: 10
2025-10-24 21:06:23,781 - config - INFO - Fila 1 - color: rgb(45, 172, 49)
2025-10-24 21:06:23,815 - config - INFO - Clic en radio de fila 1
2025-10-24 21:06:28,013 - config - INFO - Registro actualizado correctamente
2025-10-24 21:06:28,013 - config - INFO - Registro actualizado.
2025-10-24 21:06:28,992 - config - INFO - Intentando ir a la página 48...
2025-10-24 21:07:17,360 - config - INFO - Página 48 abierta correctamente.
2025-10-24 21:07:21,390 - config - INFO - Fila 2 - color: rgb(45, 172, 49)
2025-10-24 21:07:21,419 - config - INFO - Clic en radio de fila 2
2025-10-24 21:07:25,565 - config - INFO - Registro actualizado correctamente
2025-10-24 21:07:25,566 - config - INFO - Registro actualizado.
2025-10-24 21:07:26,315 - config - INFO - Intentando ir a la página 48...
2025-10-24 21:08:14,667 - config - INFO - Página 48 abierta correctamente.
2025-10-24 21:08:18,704 - config - INFO - Fila 3 - color: rgb(45, 172, 49)
2025-10-24 21:08:18,737 - config - INFO - Clic en radio de fila 3
2025-10-24 21:08:22,884 - config - INFO - Registro actualizado correctamente
2025-10-24 21:08:22,884 - config - INFO - Registro actualizado.
2025-10-24 21:08:23,659 - config - INFO - Intentando ir a la página 48...
2025-10-24 21:09:12,585 - config - INFO - Página 48 abierta correctamente.
2025-10-24 21:09:16,613 - config - INFO - Fila 4 - color: rgb(45, 172, 49)
2025-10-24 21:09:16,659 - config - INFO - Clic en radio de fila 4
2025-10-24 21:09:20,820 - config - INFO - Registro actualizado correctamente
2025-10-24 21:09:20,820 - config - INFO - Registro actualizado.
2025-10-24 21:09:21,782 - config - INFO - Intentando ir a la página 48...
2025-10-24 21:10:10,271 - config - INFO - Página 48 abierta correctamente.
2025-10-24 21:10:14,312 - config - INFO - Fila 5 - color: rgb(45, 172, 49)
2025-10-24 21:10:14,362 - config - INFO - Clic en radio de fila 5
2025-10-24 21:10:18,525 - config - INFO - Registro actualizado correctamente
2025-10-24 21:10:18,525 - config - INFO - Registro actualizado.
2025-10-24 21:10:20,369 - config - INFO - Intentando ir a la página 48...
2025-10-24 21:11:09,022 - config - INFO - Página 48 abierta correctamente.
2025-10-24 21:11:13,050 - config - INFO - Fila 6 - color: rgb(45, 172, 49)
2025-10-24 21:11:13,081 - config - INFO - Clic en radio de fila 6
2025-10-24 21:11:17,240 - config - INFO - Registro actualizado correctamente
2025-10-24 21:11:17,240 - config - INFO - Registro actualizado.
2025-10-24 21:11:18,124 - config - INFO - Intentando ir a la página 48...
2025-10-24 21:12:06,406 - config - INFO - Página 48 abierta correctamente.
2025-10-24 21:12:10,439 - config - INFO - Fila 7 - color: rgb(45, 172, 49)
2025-10-24 21:12:10,481 - config - INFO - Clic en radio de fila 7
2025-10-24 21:12:14,646 - config - INFO - Registro actualizado correctamente
2025-10-24 21:12:14,646 - config - INFO - Registro actualizado.
2025-10-24 21:12:15,515 - config - INFO - Intentando ir a la página 48...
2025-10-24 21:13:04,113 - config - INFO - Página 48 abierta correctamente.
2025-10-24 21:13:08,147 - config - INFO - Fila 8 - color: rgb(45, 172, 49)
2025-10-24 21:13:08,185 - config - INFO - Clic en radio de fila 8
2025-10-24 21:13:12,314 - config - INFO - Registro actualizado correctamente
2025-10-24 21:13:12,314 - config - INFO - Registro actualizado.
2025-10-24 21:13:13,077 - config - INFO - Intentando ir a la página 48...
2025-10-24 21:14:01,381 - config - INFO - Página 48 abierta correctamente.
2025-10-24 21:14:05,411 - config - INFO - Fila 9 - color: rgb(45, 172, 49)
2025-10-24 21:14:05,474 - config - INFO - Clic en radio de fila 9
2025-10-24 21:14:09,615 - config - INFO - Registro actualizado correctamente
2025-10-24 21:14:09,616 - config - INFO - Registro actualizado.
2025-10-24 21:14:10,427 - config - INFO - Intentando ir a la página 48...
2025-10-24 21:14:58,801 - config - INFO - Página 48 abierta correctamente.
2025-10-24 21:15:02,820 - config - INFO - Fila 10 - color: rgb(45, 172, 49)
2025-10-24 21:15:02,855 - config - INFO - Clic en radio de fila 10
2025-10-24 21:15:07,005 - config - INFO - Registro actualizado correctamente
2025-10-24 21:15:07,005 - config - INFO - Registro actualizado.
2025-10-24 21:15:07,987 - config - INFO - Intentando ir a la página 48...
2025-10-24 21:15:56,339 - config - INFO - Página 48 abierta correctamente.
2025-10-24 21:16:03,439 - config - INFO - Total de filas encontradas: 10
2025-10-24 21:16:05,462 - config - INFO - Fila 1 - color: rgb(45, 172, 49)
2025-10-24 21:16:05,509 - config - INFO - Clic en radio de fila 1
2025-10-24 21:16:09,668 - config - INFO - Registro actualizado correctamente
2025-10-24 21:16:09,668 - config - INFO - Registro actualizado.
2025-10-24 21:16:10,744 - config - INFO - Intentando ir a la página 49...
2025-10-24 21:17:00,149 - config - INFO - Página 49 abierta correctamente.
2025-10-24 21:17:04,188 - config - INFO - Fila 2 - color: rgb(45, 172, 49)
2025-10-24 21:17:04,223 - config - INFO - Clic en radio de fila 2
2025-10-24 21:17:08,405 - config - INFO - Registro actualizado correctamente
2025-10-24 21:17:08,406 - config - INFO - Registro actualizado.
2025-10-24 21:17:09,230 - config - INFO - Intentando ir a la página 49...
2025-10-24 21:17:58,616 - config - INFO - Página 49 abierta correctamente.
2025-10-24 21:18:02,639 - config - INFO - Fila 3 - color: rgb(45, 172, 49)
2025-10-24 21:18:02,676 - config - INFO - Clic en radio de fila 3
2025-10-24 21:18:06,773 - config - INFO - Registro actualizado correctamente
2025-10-24 21:18:06,774 - config - INFO - Registro actualizado.
2025-10-24 21:18:07,577 - config - INFO - Intentando ir a la página 49...
2025-10-24 21:18:57,005 - config - INFO - Página 49 abierta correctamente.
2025-10-24 21:19:01,040 - config - INFO - Fila 4 - color: rgb(45, 172, 49)
2025-10-24 21:19:01,078 - config - INFO - Clic en radio de fila 4
2025-10-24 21:19:05,244 - config - INFO - Registro actualizado correctamente
2025-10-24 21:19:05,244 - config - INFO - Registro actualizado.
2025-10-24 21:19:06,001 - config - INFO - Intentando ir a la página 49...
2025-10-24 21:19:55,424 - config - INFO - Página 49 abierta correctamente.
2025-10-24 21:19:59,466 - config - INFO - Fila 5 - color: rgb(45, 172, 49)
2025-10-24 21:19:59,495 - config - INFO - Clic en radio de fila 5
2025-10-24 21:20:03,900 - config - INFO - Registro actualizado correctamente
2025-10-24 21:20:03,901 - config - INFO - Registro actualizado.
2025-10-24 21:20:05,417 - config - INFO - Intentando ir a la página 49...
2025-10-24 21:20:54,790 - config - INFO - Página 49 abierta correctamente.
2025-10-24 21:20:58,824 - config - INFO - Fila 6 - color: rgb(45, 172, 49)
2025-10-24 21:20:58,864 - config - INFO - Clic en radio de fila 6
2025-10-24 21:21:03,013 - config - INFO - Registro actualizado correctamente
2025-10-24 21:21:03,014 - config - INFO - Registro actualizado.
2025-10-24 21:21:03,821 - config - INFO - Intentando ir a la página 49...
2025-10-24 21:21:53,489 - config - INFO - Página 49 abierta correctamente.
2025-10-24 21:21:57,514 - config - INFO - Fila 7 - color: rgb(45, 172, 49)
2025-10-24 21:21:57,550 - config - INFO - Clic en radio de fila 7
2025-10-24 21:22:01,699 - config - INFO - Registro actualizado correctamente
2025-10-24 21:22:01,699 - config - INFO - Registro actualizado.
2025-10-24 21:22:02,568 - config - INFO - Intentando ir a la página 49...
2025-10-24 21:22:51,964 - config - INFO - Página 49 abierta correctamente.
2025-10-24 21:22:56,002 - config - INFO - Fila 8 - color: rgb(45, 172, 49)
2025-10-24 21:22:56,036 - config - INFO - Clic en radio de fila 8
2025-10-24 21:23:00,181 - config - INFO - Registro actualizado correctamente
2025-10-24 21:23:00,181 - config - INFO - Registro actualizado.
2025-10-24 21:23:00,920 - config - INFO - Intentando ir a la página 49...
2025-10-24 21:23:50,383 - config - INFO - Página 49 abierta correctamente.
2025-10-24 21:23:54,411 - config - INFO - Fila 9 - color: rgb(45, 172, 49)
2025-10-24 21:23:54,455 - config - INFO - Clic en radio de fila 9
2025-10-24 21:23:58,602 - config - INFO - Registro actualizado correctamente
2025-10-24 21:23:58,602 - config - INFO - Registro actualizado.
2025-10-24 21:23:59,482 - config - INFO - Intentando ir a la página 49...
2025-10-24 21:24:48,850 - config - INFO - Página 49 abierta correctamente.
2025-10-24 21:24:52,881 - config - INFO - Fila 10 - color: rgb(45, 172, 49)
2025-10-24 21:24:52,924 - config - INFO - Clic en radio de fila 10
2025-10-24 21:24:57,086 - config - INFO - Registro actualizado correctamente
2025-10-24 21:24:57,087 - config - INFO - Registro actualizado.
2025-10-24 21:24:57,898 - config - INFO - Intentando ir a la página 49...
2025-10-24 21:25:47,202 - config - INFO - Página 49 abierta correctamente.
2025-10-24 21:25:54,304 - config - INFO - Total de filas encontradas: 10
2025-10-24 21:25:56,327 - config - INFO - Fila 1 - color: rgb(45, 172, 49)
2025-10-24 21:25:56,372 - config - INFO - Clic en radio de fila 1
2025-10-24 21:26:00,537 - config - INFO - Registro actualizado correctamente
2025-10-24 21:26:00,537 - config - INFO - Registro actualizado.
2025-10-24 21:26:01,461 - config - INFO - Intentando ir a la página 50...
2025-10-24 21:26:51,916 - config - INFO - Página 50 abierta correctamente.
2025-10-24 21:26:55,937 - config - INFO - Fila 2 - color: rgb(45, 172, 49)
2025-10-24 21:26:55,974 - config - INFO - Clic en radio de fila 2
2025-10-24 21:27:00,116 - config - INFO - Registro actualizado correctamente
2025-10-24 21:27:00,116 - config - INFO - Registro actualizado.
2025-10-24 21:27:00,922 - config - INFO - Intentando ir a la página 50...
2025-10-24 21:27:51,649 - config - INFO - Página 50 abierta correctamente.
2025-10-24 21:27:55,687 - config - INFO - Fila 3 - color: rgb(45, 172, 49)
2025-10-24 21:27:55,724 - config - INFO - Clic en radio de fila 3
2025-10-24 21:27:59,872 - config - INFO - Registro actualizado correctamente
2025-10-24 21:27:59,872 - config - INFO - Registro actualizado.
2025-10-24 21:28:00,661 - config - INFO - Intentando ir a la página 50...
2025-10-24 21:28:51,134 - config - INFO - Página 50 abierta correctamente.
2025-10-24 21:28:55,168 - config - INFO - Fila 4 - color: rgb(45, 172, 49)
2025-10-24 21:28:55,206 - config - INFO - Clic en radio de fila 4
2025-10-24 21:28:59,357 - config - INFO - Registro actualizado correctamente
2025-10-24 21:28:59,358 - config - INFO - Registro actualizado.
2025-10-24 21:29:00,610 - config - INFO - Intentando ir a la página 50...
2025-10-24 21:29:51,101 - config - INFO - Página 50 abierta correctamente.
2025-10-24 21:29:55,125 - config - INFO - Fila 5 - color: rgb(45, 172, 49)
2025-10-24 21:29:55,243 - config - INFO - Clic en radio de fila 5
2025-10-24 21:29:59,388 - config - INFO - Registro actualizado correctamente
2025-10-24 21:29:59,389 - config - INFO - Registro actualizado.
2025-10-24 21:30:00,379 - config - INFO - Intentando ir a la página 50...
2025-10-24 21:30:51,269 - config - INFO - Página 50 abierta correctamente.
2025-10-24 21:30:55,302 - config - INFO - Fila 6 - color: rgb(45, 172, 49)
2025-10-24 21:30:55,340 - config - INFO - Clic en radio de fila 6
2025-10-24 21:30:59,492 - config - INFO - Registro actualizado correctamente
2025-10-24 21:30:59,492 - config - INFO - Registro actualizado.
2025-10-24 21:31:00,482 - config - INFO - Intentando ir a la página 50...
2025-10-24 21:31:50,852 - config - INFO - Página 50 abierta correctamente.
2025-10-24 21:31:54,881 - config - INFO - Fila 7 - color: rgb(45, 172, 49)
2025-10-24 21:31:54,927 - config - INFO - Clic en radio de fila 7
2025-10-24 21:31:59,056 - config - INFO - Registro actualizado correctamente
2025-10-24 21:31:59,057 - config - INFO - Registro actualizado.
2025-10-24 21:31:59,839 - config - INFO - Intentando ir a la página 50...
2025-10-24 21:32:50,308 - config - INFO - Página 50 abierta correctamente.
2025-10-24 21:32:54,346 - config - INFO - Fila 8 - color: rgb(45, 172, 49)
2025-10-24 21:32:54,379 - config - INFO - Clic en radio de fila 8
2025-10-24 21:32:58,525 - config - INFO - Registro actualizado correctamente
2025-10-24 21:32:58,525 - config - INFO - Registro actualizado.
2025-10-24 21:32:59,273 - config - INFO - Intentando ir a la página 50...
2025-10-24 21:33:49,857 - config - INFO - Página 50 abierta correctamente.
2025-10-24 21:33:53,880 - config - INFO - Fila 9 - color: rgb(45, 172, 49)
2025-10-24 21:33:53,920 - config - INFO - Clic en radio de fila 9
2025-10-24 21:33:58,058 - config - INFO - Registro actualizado correctamente
2025-10-24 21:33:58,058 - config - INFO - Registro actualizado.
2025-10-24 21:33:58,877 - config - INFO - Intentando ir a la página 50...
2025-10-24 21:34:49,342 - config - INFO - Página 50 abierta correctamente.
2025-10-24 21:34:53,366 - config - INFO - Fila 10 - color: rgb(45, 172, 49)
2025-10-24 21:34:53,395 - config - INFO - Clic en radio de fila 10
2025-10-24 21:34:57,545 - config - INFO - Registro actualizado correctamente
2025-10-24 21:34:57,546 - config - INFO - Registro actualizado.
2025-10-24 21:34:58,350 - config - INFO - Intentando ir a la página 50...
2025-10-24 21:35:48,759 - config - INFO - Página 50 abierta correctamente.
2025-10-24 21:35:55,854 - config - INFO - Total de filas encontradas: 10
2025-10-24 21:35:57,868 - config - INFO - Fila 1 - color: rgb(45, 172, 49)
2025-10-24 21:35:57,913 - config - INFO - Clic en radio de fila 1
2025-10-24 21:36:02,094 - config - INFO - Registro actualizado correctamente
2025-10-24 21:36:02,094 - config - INFO - Registro actualizado.
2025-10-24 21:36:03,640 - config - INFO - Intentando ir a la página 51...
2025-10-24 21:36:55,188 - config - INFO - Página 51 abierta correctamente.
2025-10-24 21:36:59,233 - config - INFO - Fila 2 - color: rgb(45, 172, 49)
2025-10-24 21:36:59,278 - config - INFO - Clic en radio de fila 2
2025-10-24 21:37:03,426 - config - INFO - Registro actualizado correctamente
2025-10-24 21:37:03,426 - config - INFO - Registro actualizado.
2025-10-24 21:37:04,187 - config - INFO - Intentando ir a la página 51...
2025-10-24 21:37:55,707 - config - INFO - Página 51 abierta correctamente.
2025-10-24 21:37:59,755 - config - INFO - Fila 3 - color: rgb(45, 172, 49)
2025-10-24 21:37:59,795 - config - INFO - Clic en radio de fila 3
2025-10-24 21:38:03,958 - config - INFO - Registro actualizado correctamente
2025-10-24 21:38:03,959 - config - INFO - Registro actualizado.
2025-10-24 21:38:04,721 - config - INFO - Intentando ir a la página 51...
2025-10-24 21:38:56,272 - config - INFO - Página 51 abierta correctamente.
2025-10-24 21:39:00,296 - config - INFO - Fila 4 - color: rgb(45, 172, 49)
2025-10-24 21:39:00,327 - config - INFO - Clic en radio de fila 4
2025-10-24 21:39:04,493 - config - INFO - Registro actualizado correctamente
2025-10-24 21:39:04,494 - config - INFO - Registro actualizado.
2025-10-24 21:39:05,289 - config - INFO - Intentando ir a la página 51...
2025-10-24 21:39:56,806 - config - INFO - Página 51 abierta correctamente.
2025-10-24 21:40:00,833 - config - INFO - Fila 5 - color: rgb(45, 172, 49)
2025-10-24 21:40:00,862 - config - INFO - Clic en radio de fila 5
2025-10-24 21:40:05,006 - config - INFO - Registro actualizado correctamente
2025-10-24 21:40:05,006 - config - INFO - Registro actualizado.
2025-10-24 21:40:06,109 - config - INFO - Intentando ir a la página 51...
2025-10-24 21:40:57,758 - config - INFO - Página 51 abierta correctamente.
2025-10-24 21:41:01,800 - config - INFO - Fila 6 - color: rgb(45, 172, 49)
2025-10-24 21:41:01,847 - config - INFO - Clic en radio de fila 6
2025-10-24 21:41:05,992 - config - INFO - Registro actualizado correctamente
2025-10-24 21:41:05,992 - config - INFO - Registro actualizado.
2025-10-24 21:41:06,885 - config - INFO - Intentando ir a la página 51...
2025-10-24 21:41:58,457 - config - INFO - Página 51 abierta correctamente.
2025-10-24 21:42:02,498 - config - INFO - Fila 7 - color: rgb(45, 172, 49)
2025-10-24 21:42:02,529 - config - INFO - Clic en radio de fila 7
2025-10-24 21:42:06,691 - config - INFO - Registro actualizado correctamente
2025-10-24 21:42:06,691 - config - INFO - Registro actualizado.
2025-10-24 21:42:07,532 - config - INFO - Intentando ir a la página 51...
2025-10-24 21:42:59,106 - config - INFO - Página 51 abierta correctamente.
2025-10-24 21:43:03,136 - config - INFO - Fila 8 - color: rgb(45, 172, 49)
2025-10-24 21:43:03,180 - config - INFO - Clic en radio de fila 8
2025-10-24 21:43:07,341 - config - INFO - Registro actualizado correctamente
2025-10-24 21:43:07,342 - config - INFO - Registro actualizado.
2025-10-24 21:43:08,183 - config - INFO - Intentando ir a la página 51...
2025-10-24 21:43:59,938 - config - INFO - Página 51 abierta correctamente.
2025-10-24 21:44:03,975 - config - INFO - Fila 9 - color: rgb(45, 172, 49)
2025-10-24 21:44:04,013 - config - INFO - Clic en radio de fila 9
2025-10-24 21:44:08,177 - config - INFO - Registro actualizado correctamente
2025-10-24 21:44:08,177 - config - INFO - Registro actualizado.
2025-10-24 21:44:08,934 - config - INFO - Intentando ir a la página 51...
2025-10-24 21:45:00,509 - config - INFO - Página 51 abierta correctamente.
2025-10-24 21:45:04,548 - config - INFO - Fila 10 - color: rgb(45, 172, 49)
2025-10-24 21:45:04,594 - config - INFO - Clic en radio de fila 10
2025-10-24 21:45:08,762 - config - INFO - Registro actualizado correctamente
2025-10-24 21:45:08,762 - config - INFO - Registro actualizado.
2025-10-24 21:45:09,896 - config - INFO - Intentando ir a la página 51...
2025-10-24 21:46:01,424 - config - INFO - Página 51 abierta correctamente.
2025-10-24 21:46:08,523 - config - INFO - Total de filas encontradas: 10
2025-10-24 21:46:10,552 - config - INFO - Fila 1 - color: rgb(45, 172, 49)
2025-10-24 21:46:10,592 - config - INFO - Clic en radio de fila 1
2025-10-24 21:46:14,689 - config - INFO - Registro actualizado correctamente
2025-10-24 21:46:14,689 - config - INFO - Registro actualizado.
2025-10-24 21:46:15,472 - config - INFO - Intentando ir a la página 52...
2025-10-24 21:47:08,052 - config - INFO - Página 52 abierta correctamente.
2025-10-24 21:47:12,098 - config - INFO - Fila 2 - color: rgb(45, 172, 49)
2025-10-24 21:47:12,143 - config - INFO - Clic en radio de fila 2
2025-10-24 21:47:16,305 - config - INFO - Registro actualizado correctamente
2025-10-24 21:47:16,305 - config - INFO - Registro actualizado.
2025-10-24 21:47:17,065 - config - INFO - Intentando ir a la página 52...
2025-10-24 21:48:09,633 - config - INFO - Página 52 abierta correctamente.
2025-10-24 21:48:13,662 - config - INFO - Fila 3 - color: rgb(45, 172, 49)
2025-10-24 21:48:13,690 - config - INFO - Clic en radio de fila 3
2025-10-24 21:48:17,790 - config - INFO - Registro actualizado correctamente
2025-10-24 21:48:17,791 - config - INFO - Registro actualizado.
2025-10-24 21:48:18,546 - config - INFO - Intentando ir a la página 52...
2025-10-24 21:49:11,367 - config - INFO - Página 52 abierta correctamente.
2025-10-24 21:49:15,408 - config - INFO - Fila 4 - color: rgb(45, 172, 49)
2025-10-24 21:49:15,463 - config - INFO - Clic en radio de fila 4
2025-10-24 21:49:19,622 - config - INFO - Registro actualizado correctamente
2025-10-24 21:49:19,622 - config - INFO - Registro actualizado.
2025-10-24 21:49:20,479 - config - INFO - Intentando ir a la página 52...
2025-10-24 21:50:13,218 - config - INFO - Página 52 abierta correctamente.
2025-10-24 21:50:17,254 - config - INFO - Fila 5 - color: rgb(45, 172, 49)
2025-10-24 21:50:17,292 - config - INFO - Clic en radio de fila 5
2025-10-24 21:50:21,405 - config - INFO - Registro actualizado correctamente
2025-10-24 21:50:21,405 - config - INFO - Registro actualizado.
2025-10-24 21:50:22,388 - config - INFO - Intentando ir a la página 52...
2025-10-24 21:51:15,117 - config - INFO - Página 52 abierta correctamente.
2025-10-24 21:51:19,159 - config - INFO - Fila 6 - color: rgb(45, 172, 49)
2025-10-24 21:51:19,191 - config - INFO - Clic en radio de fila 6
2025-10-24 21:51:23,336 - config - INFO - Registro actualizado correctamente
2025-10-24 21:51:23,337 - config - INFO - Registro actualizado.
2025-10-24 21:51:24,099 - config - INFO - Intentando ir a la página 52...
2025-10-24 21:52:16,801 - config - INFO - Página 52 abierta correctamente.
2025-10-24 21:52:20,817 - config - INFO - Fila 7 - color: rgb(45, 172, 49)
2025-10-24 21:52:20,856 - config - INFO - Clic en radio de fila 7
2025-10-24 21:52:24,971 - config - INFO - Registro actualizado correctamente
2025-10-24 21:52:24,971 - config - INFO - Registro actualizado.
2025-10-24 21:52:25,840 - config - INFO - Intentando ir a la página 52...
2025-10-24 21:53:18,466 - config - INFO - Página 52 abierta correctamente.
2025-10-24 21:53:22,497 - config - INFO - Fila 8 - color: rgb(45, 172, 49)
2025-10-24 21:53:22,540 - config - INFO - Clic en radio de fila 8
2025-10-24 21:53:26,688 - config - INFO - Registro actualizado correctamente
2025-10-24 21:53:26,688 - config - INFO - Registro actualizado.
2025-10-24 21:53:27,471 - config - INFO - Intentando ir a la página 52...
2025-10-24 21:54:20,053 - config - INFO - Página 52 abierta correctamente.
2025-10-24 21:54:24,090 - config - INFO - Fila 9 - color: rgb(45, 172, 49)
2025-10-24 21:54:24,124 - config - INFO - Clic en radio de fila 9
2025-10-24 21:54:28,255 - config - INFO - Registro actualizado correctamente
2025-10-24 21:54:28,256 - config - INFO - Registro actualizado.
2025-10-24 21:54:28,999 - config - INFO - Intentando ir a la página 52...
2025-10-24 21:55:21,587 - config - INFO - Página 52 abierta correctamente.
2025-10-24 21:55:25,609 - config - INFO - Fila 10 - color: rgb(45, 172, 49)
2025-10-24 21:55:25,641 - config - INFO - Clic en radio de fila 10
2025-10-24 21:55:30,245 - config - INFO - Registro actualizado correctamente
2025-10-24 21:55:30,245 - config - INFO - Registro actualizado.
2025-10-24 21:55:31,092 - config - INFO - Intentando ir a la página 52...
2025-10-24 21:56:24,163 - config - INFO - Página 52 abierta correctamente.
2025-10-24 21:56:31,258 - config - INFO - Total de filas encontradas: 10
2025-10-24 21:56:33,277 - config - INFO - Fila 1 - color: rgb(45, 172, 49)
2025-10-24 21:56:33,319 - config - INFO - Clic en radio de fila 1
2025-10-24 21:56:37,450 - config - INFO - Registro actualizado correctamente
2025-10-24 21:56:37,450 - config - INFO - Registro actualizado.
2025-10-24 21:56:38,203 - config - INFO - Intentando ir a la página 53...
2025-10-24 21:57:31,830 - config - INFO - Página 53 abierta correctamente.
2025-10-24 21:57:35,862 - config - INFO - Fila 2 - color: rgb(45, 172, 49)
2025-10-24 21:57:35,903 - config - INFO - Clic en radio de fila 2
2025-10-24 21:57:40,050 - config - INFO - Registro actualizado correctamente
2025-10-24 21:57:40,051 - config - INFO - Registro actualizado.
2025-10-24 21:57:40,831 - config - INFO - Intentando ir a la página 53...
2025-10-24 21:58:34,598 - config - INFO - Página 53 abierta correctamente.
2025-10-24 21:58:38,620 - config - INFO - Fila 3 - color: rgb(45, 172, 49)
2025-10-24 21:58:38,653 - config - INFO - Clic en radio de fila 3
2025-10-24 21:58:42,817 - config - INFO - Registro actualizado correctamente
2025-10-24 21:58:42,817 - config - INFO - Registro actualizado.
2025-10-24 21:58:43,612 - config - INFO - Intentando ir a la página 53...
2025-10-24 21:59:37,299 - config - INFO - Página 53 abierta correctamente.
2025-10-24 21:59:41,318 - config - INFO - Fila 4 - color: rgb(45, 172, 49)
2025-10-24 21:59:41,350 - config - INFO - Clic en radio de fila 4
2025-10-24 21:59:45,517 - config - INFO - Registro actualizado correctamente
2025-10-24 21:59:45,517 - config - INFO - Registro actualizado.
2025-10-24 21:59:46,382 - config - INFO - Intentando ir a la página 53...
2025-10-24 22:00:39,993 - config - INFO - Página 53 abierta correctamente.
2025-10-24 22:00:44,010 - config - INFO - Fila 5 - color: rgb(45, 172, 49)
2025-10-24 22:00:44,050 - config - INFO - Clic en radio de fila 5
2025-10-24 22:00:48,211 - config - INFO - Registro actualizado correctamente
2025-10-24 22:00:48,211 - config - INFO - Registro actualizado.
2025-10-24 22:00:49,109 - config - INFO - Intentando ir a la página 53...
2025-10-24 22:01:42,895 - config - INFO - Página 53 abierta correctamente.
2025-10-24 22:01:46,937 - config - INFO - Fila 6 - color: rgb(45, 172, 49)
2025-10-24 22:01:46,971 - config - INFO - Clic en radio de fila 6
2025-10-24 22:01:51,129 - config - INFO - Registro actualizado correctamente
2025-10-24 22:01:51,130 - config - INFO - Registro actualizado.
2025-10-24 22:01:52,538 - config - INFO - Intentando ir a la página 53...
2025-10-24 22:02:46,264 - config - INFO - Página 53 abierta correctamente.
2025-10-24 22:02:50,291 - config - INFO - Fila 7 - color: rgb(45, 172, 49)
2025-10-24 22:02:50,331 - config - INFO - Clic en radio de fila 7
2025-10-24 22:02:54,482 - config - INFO - Registro actualizado correctamente
2025-10-24 22:02:54,483 - config - INFO - Registro actualizado.
2025-10-24 22:02:55,269 - config - INFO - Intentando ir a la página 53...
2025-10-24 22:03:48,960 - config - INFO - Página 53 abierta correctamente.
2025-10-24 22:03:52,996 - config - INFO - Fila 8 - color: rgb(45, 172, 49)
2025-10-24 22:03:53,031 - config - INFO - Clic en radio de fila 8
2025-10-24 22:03:57,181 - config - INFO - Registro actualizado correctamente
2025-10-24 22:03:57,181 - config - INFO - Registro actualizado.
2025-10-24 22:03:57,991 - config - INFO - Intentando ir a la página 53...
2025-10-24 22:04:51,595 - config - INFO - Página 53 abierta correctamente.
2025-10-24 22:04:55,625 - config - INFO - Fila 9 - color: rgb(45, 172, 49)
2025-10-24 22:04:55,663 - config - INFO - Clic en radio de fila 9
2025-10-24 22:04:59,808 - config - INFO - Registro actualizado correctamente
2025-10-24 22:04:59,808 - config - INFO - Registro actualizado.
2025-10-24 22:05:00,609 - config - INFO - Intentando ir a la página 53...
2025-10-24 22:05:54,411 - config - INFO - Página 53 abierta correctamente.
2025-10-24 22:05:58,438 - config - INFO - Fila 10 - color: rgb(45, 172, 49)
2025-10-24 22:05:58,479 - config - INFO - Clic en radio de fila 10
2025-10-24 22:06:02,663 - config - INFO - Registro actualizado correctamente
2025-10-24 22:06:02,664 - config - INFO - Registro actualizado.
2025-10-24 22:06:03,576 - config - INFO - Intentando ir a la página 53...
2025-10-24 22:06:57,308 - config - INFO - Página 53 abierta correctamente.
2025-10-24 22:07:04,383 - config - INFO - Total de filas encontradas: 10
2025-10-24 22:07:06,404 - config - INFO - Fila 1 - color: rgb(45, 172, 49)
2025-10-24 22:07:06,443 - config - INFO - Clic en radio de fila 1
2025-10-24 22:07:10,628 - config - INFO - Registro actualizado correctamente
2025-10-24 22:07:10,628 - config - INFO - Registro actualizado.
2025-10-24 22:07:11,390 - config - INFO - Intentando ir a la página 54...
2025-10-24 22:08:06,239 - config - INFO - Página 54 abierta correctamente.
2025-10-24 22:08:10,289 - config - INFO - Fila 2 - color: rgb(45, 172, 49)
2025-10-24 22:08:10,323 - config - INFO - Clic en radio de fila 2
2025-10-24 22:08:14,470 - config - INFO - Registro actualizado correctamente
2025-10-24 22:08:14,470 - config - INFO - Registro actualizado.
2025-10-24 22:08:15,283 - config - INFO - Intentando ir a la página 54...
2025-10-24 22:09:10,270 - config - INFO - Página 54 abierta correctamente.
2025-10-24 22:09:14,305 - config - INFO - Fila 3 - color: rgb(45, 172, 49)
2025-10-24 22:09:14,364 - config - INFO - Clic en radio de fila 3
2025-10-24 22:09:18,559 - config - INFO - Registro actualizado correctamente
2025-10-24 22:09:18,559 - config - INFO - Registro actualizado.
2025-10-24 22:09:19,335 - config - INFO - Intentando ir a la página 54...
2025-10-24 22:10:14,181 - config - INFO - Página 54 abierta correctamente.
2025-10-24 22:10:18,216 - config - INFO - Fila 4 - color: rgb(45, 172, 49)
2025-10-24 22:10:18,253 - config - INFO - Clic en radio de fila 4
2025-10-24 22:10:22,419 - config - INFO - Registro actualizado correctamente
2025-10-24 22:10:22,420 - config - INFO - Registro actualizado.
2025-10-24 22:10:23,343 - config - INFO - Intentando ir a la página 54...
2025-10-24 22:11:18,478 - config - INFO - Página 54 abierta correctamente.
2025-10-24 22:11:22,519 - config - INFO - Fila 5 - color: rgb(45, 172, 49)
2025-10-24 22:11:22,556 - config - INFO - Clic en radio de fila 5
2025-10-24 22:11:26,851 - config - INFO - Registro actualizado correctamente
2025-10-24 22:11:26,852 - config - INFO - Registro actualizado.
2025-10-24 22:11:27,699 - config - INFO - Intentando ir a la página 54...
2025-10-24 22:12:22,513 - config - INFO - Página 54 abierta correctamente.
2025-10-24 22:12:26,543 - config - INFO - Fila 6 - color: rgb(45, 172, 49)
2025-10-24 22:12:26,586 - config - INFO - Clic en radio de fila 6
2025-10-24 22:12:30,747 - config - INFO - Registro actualizado correctamente
2025-10-24 22:12:30,747 - config - INFO - Registro actualizado.
2025-10-24 22:12:31,573 - config - INFO - Intentando ir a la página 54...
2025-10-24 22:13:26,426 - config - INFO - Página 54 abierta correctamente.
2025-10-24 22:13:30,450 - config - INFO - Fila 7 - color: rgb(45, 172, 49)
2025-10-24 22:13:30,481 - config - INFO - Clic en radio de fila 7
2025-10-24 22:13:34,613 - config - INFO - Registro actualizado correctamente
2025-10-24 22:13:34,613 - config - INFO - Registro actualizado.
2025-10-24 22:13:35,345 - config - INFO - Intentando ir a la página 54...
2025-10-24 22:14:30,126 - config - INFO - Página 54 abierta correctamente.
2025-10-24 22:14:34,158 - config - INFO - Fila 8 - color: rgb(45, 172, 49)
2025-10-24 22:14:34,197 - config - INFO - Clic en radio de fila 8
2025-10-24 22:14:38,295 - config - INFO - Registro actualizado correctamente
2025-10-24 22:14:38,295 - config - INFO - Registro actualizado.
2025-10-24 22:14:39,405 - config - INFO - Intentando ir a la página 54...
2025-10-24 22:15:34,206 - config - INFO - Página 54 abierta correctamente.
2025-10-24 22:15:38,232 - config - INFO - Fila 9 - color: rgb(45, 172, 49)
2025-10-24 22:15:38,261 - config - INFO - Clic en radio de fila 9
2025-10-24 22:15:42,412 - config - INFO - Registro actualizado correctamente
2025-10-24 22:15:42,413 - config - INFO - Registro actualizado.
2025-10-24 22:15:43,238 - config - INFO - Intentando ir a la página 54...
2025-10-24 22:16:38,021 - config - INFO - Página 54 abierta correctamente.
2025-10-24 22:16:42,054 - config - INFO - Fila 10 - color: rgb(45, 172, 49)
2025-10-24 22:16:42,095 - config - INFO - Clic en radio de fila 10
2025-10-24 22:16:46,241 - config - INFO - Registro actualizado correctamente
2025-10-24 22:16:46,241 - config - INFO - Registro actualizado.
2025-10-24 22:16:47,085 - config - INFO - Intentando ir a la página 54...
2025-10-24 22:17:41,900 - config - INFO - Página 54 abierta correctamente.
2025-10-24 22:17:48,998 - config - INFO - Total de filas encontradas: 10
2025-10-24 22:17:51,023 - config - INFO - Fila 1 - color: rgb(45, 172, 49)
2025-10-24 22:17:51,091 - config - INFO - Clic en radio de fila 1
2025-10-24 22:17:55,250 - config - INFO - Registro actualizado correctamente
2025-10-24 22:17:55,250 - config - INFO - Registro actualizado.
2025-10-24 22:17:55,984 - config - INFO - Intentando ir a la página 55...
2025-10-24 22:18:52,265 - config - INFO - Página 55 abierta correctamente.
2025-10-24 22:18:56,294 - config - INFO - Fila 2 - color: rgb(45, 172, 49)
2025-10-24 22:18:56,335 - config - INFO - Clic en radio de fila 2
2025-10-24 22:19:00,499 - config - INFO - Registro actualizado correctamente
2025-10-24 22:19:00,500 - config - INFO - Registro actualizado.
2025-10-24 22:19:01,264 - config - INFO - Intentando ir a la página 55...
2025-10-24 22:19:57,077 - config - INFO - Página 55 abierta correctamente.
2025-10-24 22:20:01,096 - config - INFO - Fila 3 - color: rgb(45, 172, 49)
2025-10-24 22:20:01,132 - config - INFO - Clic en radio de fila 3
2025-10-24 22:20:05,299 - config - INFO - Registro actualizado correctamente
2025-10-24 22:20:05,300 - config - INFO - Registro actualizado.
2025-10-24 22:20:06,991 - config - INFO - Intentando ir a la página 55...
2025-10-24 22:21:02,730 - config - INFO - Página 55 abierta correctamente.
2025-10-24 22:21:06,766 - config - INFO - Fila 4 - color: rgb(45, 172, 49)
2025-10-24 22:21:06,796 - config - INFO - Clic en radio de fila 4
2025-10-24 22:21:10,944 - config - INFO - Registro actualizado correctamente
2025-10-24 22:21:10,944 - config - INFO - Registro actualizado.
2025-10-24 22:21:11,710 - config - INFO - Intentando ir a la página 55...
2025-10-24 22:22:07,738 - config - INFO - Página 55 abierta correctamente.
2025-10-24 22:22:11,766 - config - INFO - Fila 5 - color: rgb(45, 172, 49)
2025-10-24 22:22:11,813 - config - INFO - Clic en radio de fila 5
2025-10-24 22:22:15,974 - config - INFO - Registro actualizado correctamente
2025-10-24 22:22:15,975 - config - INFO - Registro actualizado.
2025-10-24 22:22:16,731 - config - INFO - Intentando ir a la página 55...
2025-10-24 22:23:12,671 - config - INFO - Página 55 abierta correctamente.
2025-10-24 22:23:16,696 - config - INFO - Fila 6 - color: rgb(45, 172, 49)
2025-10-24 22:23:16,725 - config - INFO - Clic en radio de fila 6
2025-10-24 22:23:20,890 - config - INFO - Registro actualizado correctamente
2025-10-24 22:23:20,891 - config - INFO - Registro actualizado.
2025-10-24 22:23:21,667 - config - INFO - Intentando ir a la página 55...
2025-10-24 22:24:17,664 - config - INFO - Página 55 abierta correctamente.
2025-10-24 22:24:21,698 - config - INFO - Fila 7 - color: rgb(45, 172, 49)
2025-10-24 22:24:21,738 - config - INFO - Clic en radio de fila 7
2025-10-24 22:24:25,867 - config - INFO - Registro actualizado correctamente
2025-10-24 22:24:25,867 - config - INFO - Registro actualizado.
2025-10-24 22:24:26,592 - config - INFO - Intentando ir a la página 55...
2025-10-24 22:25:22,445 - config - INFO - Página 55 abierta correctamente.
2025-10-24 22:25:26,475 - config - INFO - Fila 8 - color: rgb(45, 172, 49)
2025-10-24 22:25:26,503 - config - INFO - Clic en radio de fila 8
2025-10-24 22:25:30,651 - config - INFO - Registro actualizado correctamente
2025-10-24 22:25:30,651 - config - INFO - Registro actualizado.
2025-10-24 22:25:31,549 - config - INFO - Intentando ir a la página 55...
2025-10-24 22:26:27,426 - config - INFO - Página 55 abierta correctamente.
2025-10-24 22:26:31,455 - config - INFO - Fila 9 - color: rgb(45, 172, 49)
2025-10-24 22:26:31,482 - config - INFO - Clic en radio de fila 9
2025-10-24 22:26:35,629 - config - INFO - Registro actualizado correctamente
2025-10-24 22:26:35,629 - config - INFO - Registro actualizado.
2025-10-24 22:26:36,424 - config - INFO - Intentando ir a la página 55...
2025-10-24 22:27:32,307 - config - INFO - Página 55 abierta correctamente.
2025-10-24 22:27:36,347 - config - INFO - Fila 10 - color: rgb(45, 172, 49)
2025-10-24 22:27:36,381 - config - INFO - Clic en radio de fila 10
2025-10-24 22:27:40,581 - config - INFO - Registro actualizado correctamente
2025-10-24 22:27:40,582 - config - INFO - Registro actualizado.
2025-10-24 22:27:41,370 - config - INFO - Intentando ir a la página 55...
2025-10-24 22:28:37,322 - config - INFO - Página 55 abierta correctamente.
2025-10-24 22:28:44,419 - config - INFO - Total de filas encontradas: 10
2025-10-24 22:28:46,441 - config - INFO - Fila 1 - color: rgb(45, 172, 49)
2025-10-24 22:28:46,510 - config - INFO - Clic en radio de fila 1
2025-10-24 22:28:50,654 - config - INFO - Registro actualizado correctamente
2025-10-24 22:28:50,654 - config - INFO - Registro actualizado.
2025-10-24 22:28:51,417 - config - INFO - Intentando ir a la página 56...
2025-10-24 22:29:48,248 - config - INFO - Página 56 abierta correctamente.
2025-10-24 22:29:52,264 - config - INFO - Fila 2 - color: rgb(45, 172, 49)
2025-10-24 22:29:52,303 - config - INFO - Clic en radio de fila 2
2025-10-24 22:29:56,433 - config - INFO - Registro actualizado correctamente
2025-10-24 22:29:56,433 - config - INFO - Registro actualizado.
2025-10-24 22:29:57,249 - config - INFO - Intentando ir a la página 56...
2025-10-24 22:30:54,809 - config - INFO - Página 56 abierta correctamente.
2025-10-24 22:30:58,830 - config - INFO - Fila 3 - color: rgb(45, 172, 49)
2025-10-24 22:30:58,876 - config - INFO - Clic en radio de fila 3
2025-10-24 22:31:03,048 - config - INFO - Registro actualizado correctamente
2025-10-24 22:31:03,049 - config - INFO - Registro actualizado.
2025-10-24 22:31:04,010 - config - INFO - Intentando ir a la página 56...
2025-10-24 22:32:01,007 - config - INFO - Página 56 abierta correctamente.
2025-10-24 22:32:05,031 - config - INFO - Fila 4 - color: rgb(45, 172, 49)
2025-10-24 22:32:05,064 - config - INFO - Clic en radio de fila 4
2025-10-24 22:32:09,460 - config - INFO - Registro actualizado correctamente
2025-10-24 22:32:09,460 - config - INFO - Registro actualizado.
2025-10-24 22:32:09,862 - config - INFO - Intentando ir a la página 56...
2025-10-24 22:33:07,105 - config - INFO - Página 56 abierta correctamente.
2025-10-24 22:33:11,134 - config - INFO - Fila 5 - color: rgb(45, 172, 49)
2025-10-24 22:33:11,178 - config - INFO - Clic en radio de fila 5
2025-10-24 22:33:15,325 - config - INFO - Registro actualizado correctamente
2025-10-24 22:33:15,325 - config - INFO - Registro actualizado.
2025-10-24 22:33:16,263 - config - INFO - Intentando ir a la página 56...
2025-10-24 22:34:13,171 - config - INFO - Página 56 abierta correctamente.
2025-10-24 22:34:17,216 - config - INFO - Fila 6 - color: rgb(45, 172, 49)
2025-10-24 22:34:17,257 - config - INFO - Clic en radio de fila 6
2025-10-24 22:34:21,422 - config - INFO - Registro actualizado correctamente
2025-10-24 22:34:21,422 - config - INFO - Registro actualizado.
2025-10-24 22:34:22,192 - config - INFO - Intentando ir a la página 56...
2025-10-24 22:35:19,114 - config - INFO - Página 56 abierta correctamente.
2025-10-24 22:35:23,137 - config - INFO - Fila 7 - color: rgb(45, 172, 49)
2025-10-24 22:35:23,170 - config - INFO - Clic en radio de fila 7
2025-10-24 22:35:27,336 - config - INFO - Registro actualizado correctamente
2025-10-24 22:35:27,336 - config - INFO - Registro actualizado.
2025-10-24 22:35:27,734 - config - INFO - Intentando ir a la página 56...
2025-10-24 22:36:24,689 - config - INFO - Página 56 abierta correctamente.
2025-10-24 22:36:28,715 - config - INFO - Fila 8 - color: rgb(45, 172, 49)
2025-10-24 22:36:28,749 - config - INFO - Clic en radio de fila 8
2025-10-24 22:36:32,897 - config - INFO - Registro actualizado correctamente
2025-10-24 22:36:32,897 - config - INFO - Registro actualizado.
2025-10-24 22:36:33,731 - config - INFO - Intentando ir a la página 56...
2025-10-24 22:37:30,722 - config - INFO - Página 56 abierta correctamente.
2025-10-24 22:37:34,748 - config - INFO - Fila 9 - color: rgb(45, 172, 49)
2025-10-24 22:37:34,779 - config - INFO - Clic en radio de fila 9
2025-10-24 22:37:38,944 - config - INFO - Registro actualizado correctamente
2025-10-24 22:37:38,944 - config - INFO - Registro actualizado.
2025-10-24 22:37:39,790 - config - INFO - Intentando ir a la página 56...
2025-10-24 22:38:36,971 - config - INFO - Página 56 abierta correctamente.
2025-10-24 22:38:41,007 - config - INFO - Fila 10 - color: rgb(45, 172, 49)
2025-10-24 22:38:41,042 - config - INFO - Clic en radio de fila 10
2025-10-24 22:38:45,208 - config - INFO - Registro actualizado correctamente
2025-10-24 22:38:45,209 - config - INFO - Registro actualizado.
2025-10-24 22:38:46,099 - config - INFO - Intentando ir a la página 56...
2025-10-24 22:39:43,084 - config - INFO - Página 56 abierta correctamente.
2025-10-24 22:39:50,189 - config - INFO - Total de filas encontradas: 10
2025-10-24 22:39:52,213 - config - INFO - Fila 1 - color: rgb(45, 172, 49)
2025-10-24 22:39:52,287 - config - INFO - Clic en radio de fila 1
2025-10-24 22:39:56,449 - config - INFO - Registro actualizado correctamente
2025-10-24 22:39:56,449 - config - INFO - Registro actualizado.
2025-10-24 22:39:57,222 - config - INFO - Intentando ir a la página 57...
2025-10-24 22:40:55,229 - config - INFO - Página 57 abierta correctamente.
2025-10-24 22:40:59,247 - config - INFO - Fila 2 - color: rgb(45, 172, 49)
2025-10-24 22:40:59,280 - config - INFO - Clic en radio de fila 2
2025-10-24 22:41:03,462 - config - INFO - Registro actualizado correctamente
2025-10-24 22:41:03,462 - config - INFO - Registro actualizado.
2025-10-24 22:41:04,304 - config - INFO - Intentando ir a la página 57...
2025-10-24 22:42:02,155 - config - INFO - Página 57 abierta correctamente.
2025-10-24 22:42:06,180 - config - INFO - Fila 3 - color: rgb(45, 172, 49)
2025-10-24 22:42:06,209 - config - INFO - Clic en radio de fila 3
2025-10-24 22:42:10,339 - config - INFO - Registro actualizado correctamente
2025-10-24 22:42:10,340 - config - INFO - Registro actualizado.
2025-10-24 22:42:11,124 - config - INFO - Intentando ir a la página 57...
2025-10-24 22:43:09,331 - config - INFO - Página 57 abierta correctamente.
2025-10-24 22:43:13,366 - config - INFO - Fila 4 - color: rgb(45, 172, 49)
2025-10-24 22:43:13,406 - config - INFO - Clic en radio de fila 4
2025-10-24 22:43:17,554 - config - INFO - Registro actualizado correctamente
2025-10-24 22:43:17,554 - config - INFO - Registro actualizado.
2025-10-24 22:43:18,306 - config - INFO - Intentando ir a la página 57...
2025-10-24 22:44:17,029 - config - INFO - Página 57 abierta correctamente.
2025-10-24 22:44:21,062 - config - INFO - Fila 5 - color: rgb(45, 172, 49)
2025-10-24 22:44:21,099 - config - INFO - Clic en radio de fila 5
2025-10-24 22:44:25,264 - config - INFO - Registro actualizado correctamente
2025-10-24 22:44:25,264 - config - INFO - Registro actualizado.
2025-10-24 22:44:25,973 - config - INFO - Intentando ir a la página 57...
2025-10-24 22:45:23,959 - config - INFO - Página 57 abierta correctamente.
2025-10-24 22:45:27,987 - config - INFO - Fila 6 - color: rgb(45, 172, 49)
2025-10-24 22:45:28,035 - config - INFO - Clic en radio de fila 6
2025-10-24 22:45:32,195 - config - INFO - Registro actualizado correctamente
2025-10-24 22:45:32,195 - config - INFO - Registro actualizado.
2025-10-24 22:45:33,070 - config - INFO - Intentando ir a la página 57...
2025-10-24 22:46:31,135 - config - INFO - Página 57 abierta correctamente.
2025-10-24 22:46:35,159 - config - INFO - Fila 7 - color: rgb(45, 172, 49)
2025-10-24 22:46:35,192 - config - INFO - Clic en radio de fila 7
2025-10-24 22:46:39,375 - config - INFO - Registro actualizado correctamente
2025-10-24 22:46:39,375 - config - INFO - Registro actualizado.
2025-10-24 22:46:40,135 - config - INFO - Intentando ir a la página 57...
2025-10-24 22:47:38,182 - config - INFO - Página 57 abierta correctamente.
2025-10-24 22:47:42,210 - config - INFO - Fila 8 - color: rgb(45, 172, 49)
2025-10-24 22:47:42,238 - config - INFO - Clic en radio de fila 8
2025-10-24 22:47:46,402 - config - INFO - Registro actualizado correctamente
2025-10-24 22:47:46,402 - config - INFO - Registro actualizado.
2025-10-24 22:47:46,801 - config - INFO - Intentando ir a la página 57...
2025-10-24 22:48:44,726 - config - INFO - Página 57 abierta correctamente.
2025-10-24 22:48:48,756 - config - INFO - Fila 9 - color: rgb(45, 172, 49)
2025-10-24 22:48:48,800 - config - INFO - Clic en radio de fila 9
2025-10-24 22:48:52,916 - config - INFO - Registro actualizado correctamente
2025-10-24 22:48:52,916 - config - INFO - Registro actualizado.
2025-10-24 22:48:53,731 - config - INFO - Intentando ir a la página 57...
2025-10-24 22:49:51,623 - config - INFO - Página 57 abierta correctamente.
2025-10-24 22:49:55,650 - config - INFO - Fila 10 - color: rgb(45, 172, 49)
2025-10-24 22:49:55,678 - config - INFO - Clic en radio de fila 10
2025-10-24 22:49:59,844 - config - INFO - Registro actualizado correctamente
2025-10-24 22:49:59,845 - config - INFO - Registro actualizado.
2025-10-24 22:50:00,428 - config - INFO - Intentando ir a la página 57...
2025-10-24 22:50:58,352 - config - INFO - Página 57 abierta correctamente.
2025-10-24 22:51:05,443 - config - INFO - Total de filas encontradas: 10
2025-10-24 22:51:07,465 - config - INFO - Fila 1 - color: rgb(45, 172, 49)
2025-10-24 22:51:07,538 - config - INFO - Clic en radio de fila 1
2025-10-24 22:51:11,686 - config - INFO - Registro actualizado correctamente
2025-10-24 22:51:11,686 - config - INFO - Registro actualizado.
2025-10-24 22:51:12,556 - config - INFO - Intentando ir a la página 58...
2025-10-24 22:52:11,690 - config - INFO - Página 58 abierta correctamente.
2025-10-24 22:52:15,732 - config - INFO - Fila 2 - color: rgb(45, 172, 49)
2025-10-24 22:52:15,765 - config - INFO - Clic en radio de fila 2
2025-10-24 22:52:19,929 - config - INFO - Registro actualizado correctamente
2025-10-24 22:52:19,929 - config - INFO - Registro actualizado.
2025-10-24 22:52:21,205 - config - INFO - Intentando ir a la página 58...
2025-10-24 22:53:20,203 - config - INFO - Página 58 abierta correctamente.
2025-10-24 22:53:24,235 - config - INFO - Fila 3 - color: rgb(45, 172, 49)
2025-10-24 22:53:24,278 - config - INFO - Clic en radio de fila 3
2025-10-24 22:53:28,440 - config - INFO - Registro actualizado correctamente
2025-10-24 22:53:28,441 - config - INFO - Registro actualizado.
2025-10-24 22:53:29,223 - config - INFO - Intentando ir a la página 58...
2025-10-24 22:54:28,498 - config - INFO - Página 58 abierta correctamente.
2025-10-24 22:54:32,536 - config - INFO - Fila 4 - color: rgb(45, 172, 49)
2025-10-24 22:54:32,572 - config - INFO - Clic en radio de fila 4
2025-10-24 22:54:36,736 - config - INFO - Registro actualizado correctamente
2025-10-24 22:54:36,736 - config - INFO - Registro actualizado.
2025-10-24 22:54:37,602 - config - INFO - Intentando ir a la página 58...
2025-10-24 22:55:36,790 - config - INFO - Página 58 abierta correctamente.
2025-10-24 22:55:40,831 - config - INFO - Fila 5 - color: rgb(45, 172, 49)
2025-10-24 22:55:40,864 - config - INFO - Clic en radio de fila 5
2025-10-24 22:55:45,028 - config - INFO - Registro actualizado correctamente
2025-10-24 22:55:45,028 - config - INFO - Registro actualizado.
2025-10-24 22:55:45,891 - config - INFO - Intentando ir a la página 58...
2025-10-24 22:56:45,069 - config - INFO - Página 58 abierta correctamente.
2025-10-24 22:56:49,093 - config - INFO - Fila 6 - color: rgb(45, 172, 49)
2025-10-24 22:56:49,126 - config - INFO - Clic en radio de fila 6
2025-10-24 22:56:53,276 - config - INFO - Registro actualizado correctamente
2025-10-24 22:56:53,277 - config - INFO - Registro actualizado.
2025-10-24 22:56:54,098 - config - INFO - Intentando ir a la página 58...
2025-10-24 22:57:53,283 - config - INFO - Página 58 abierta correctamente.
2025-10-24 22:57:57,325 - config - INFO - Fila 7 - color: rgb(45, 172, 49)
2025-10-24 22:57:57,373 - config - INFO - Clic en radio de fila 7
2025-10-24 22:58:01,537 - config - INFO - Registro actualizado correctamente
2025-10-24 22:58:01,537 - config - INFO - Registro actualizado.
2025-10-24 22:58:02,293 - config - INFO - Intentando ir a la página 58...
2025-10-24 22:59:01,259 - config - INFO - Página 58 abierta correctamente.
2025-10-24 22:59:05,290 - config - INFO - Fila 8 - color: rgb(45, 172, 49)
2025-10-24 22:59:05,334 - config - INFO - Clic en radio de fila 8
2025-10-24 22:59:09,499 - config - INFO - Registro actualizado correctamente
2025-10-24 22:59:09,499 - config - INFO - Registro actualizado.
2025-10-24 22:59:10,271 - config - INFO - Intentando ir a la página 58...
2025-10-24 23:00:09,387 - config - INFO - Página 58 abierta correctamente.
2025-10-24 23:00:13,413 - config - INFO - Fila 9 - color: rgb(45, 172, 49)
2025-10-24 23:00:13,448 - config - INFO - Clic en radio de fila 9
2025-10-24 23:00:17,608 - config - INFO - Registro actualizado correctamente
2025-10-24 23:00:17,608 - config - INFO - Registro actualizado.
2025-10-24 23:00:18,433 - config - INFO - Intentando ir a la página 58...
2025-10-24 23:01:17,485 - config - INFO - Página 58 abierta correctamente.
2025-10-24 23:01:21,515 - config - INFO - Fila 10 - color: rgb(45, 172, 49)
2025-10-24 23:01:21,557 - config - INFO - Clic en radio de fila 10
2025-10-24 23:01:25,738 - config - INFO - Registro actualizado correctamente
2025-10-24 23:01:25,738 - config - INFO - Registro actualizado.
2025-10-24 23:01:26,639 - config - INFO - Intentando ir a la página 58...
2025-10-24 23:02:25,591 - config - INFO - Página 58 abierta correctamente.
2025-10-24 23:02:32,686 - config - INFO - Total de filas encontradas: 10
2025-10-24 23:02:34,699 - config - INFO - Fila 1 - color: rgb(45, 172, 49)
2025-10-24 23:02:34,766 - config - INFO - Clic en radio de fila 1
2025-10-24 23:02:38,945 - config - INFO - Registro actualizado correctamente
2025-10-24 23:02:38,945 - config - INFO - Registro actualizado.
2025-10-24 23:02:39,774 - config - INFO - Intentando ir a la página 59...
2025-10-24 23:03:39,883 - config - INFO - Página 59 abierta correctamente.
2025-10-24 23:03:43,921 - config - INFO - Fila 2 - color: rgb(45, 172, 49)
2025-10-24 23:03:43,956 - config - INFO - Clic en radio de fila 2
2025-10-24 23:03:48,140 - config - INFO - Registro actualizado correctamente
2025-10-24 23:03:48,140 - config - INFO - Registro actualizado.
2025-10-24 23:03:50,344 - config - INFO - Intentando ir a la página 59...
2025-10-24 23:04:50,575 - config - INFO - Página 59 abierta correctamente.
2025-10-24 23:04:54,616 - config - INFO - Fila 3 - color: rgb(45, 172, 49)
2025-10-24 23:04:54,649 - config - INFO - Clic en radio de fila 3
2025-10-24 23:04:58,765 - config - INFO - Registro actualizado correctamente
2025-10-24 23:04:58,765 - config - INFO - Registro actualizado.
2025-10-24 23:04:59,564 - config - INFO - Intentando ir a la página 59...
2025-10-24 23:05:59,652 - config - INFO - Página 59 abierta correctamente.
2025-10-24 23:06:03,682 - config - INFO - Fila 4 - color: rgb(45, 172, 49)
2025-10-24 23:06:03,711 - config - INFO - Clic en radio de fila 4
2025-10-24 23:06:07,875 - config - INFO - Registro actualizado correctamente
2025-10-24 23:06:07,875 - config - INFO - Registro actualizado.
2025-10-24 23:06:08,935 - config - INFO - Intentando ir a la página 59...
2025-10-24 23:07:09,079 - config - INFO - Página 59 abierta correctamente.
2025-10-24 23:07:13,116 - config - INFO - Fila 5 - color: rgb(45, 172, 49)
2025-10-24 23:07:13,153 - config - INFO - Clic en radio de fila 5
2025-10-24 23:07:17,303 - config - INFO - Registro actualizado correctamente
2025-10-24 23:07:17,303 - config - INFO - Registro actualizado.
2025-10-24 23:07:18,107 - config - INFO - Intentando ir a la página 59...
2025-10-24 23:08:18,292 - config - INFO - Página 59 abierta correctamente.
2025-10-24 23:08:22,333 - config - INFO - Fila 6 - color: rgb(45, 172, 49)
2025-10-24 23:08:22,365 - config - INFO - Clic en radio de fila 6
2025-10-24 23:08:26,527 - config - INFO - Registro actualizado correctamente
2025-10-24 23:08:26,527 - config - INFO - Registro actualizado.
2025-10-24 23:08:27,287 - config - INFO - Intentando ir a la página 59...
2025-10-24 23:09:27,449 - config - INFO - Página 59 abierta correctamente.
2025-10-24 23:09:31,608 - config - INFO - Fila 7 - color: rgb(45, 172, 49)
2025-10-24 23:09:31,646 - config - INFO - Clic en radio de fila 7
2025-10-24 23:09:35,808 - config - INFO - Registro actualizado correctamente
2025-10-24 23:09:35,808 - config - INFO - Registro actualizado.
2025-10-24 23:09:36,575 - config - INFO - Intentando ir a la página 59...
2025-10-24 23:10:36,798 - config - INFO - Página 59 abierta correctamente.
2025-10-24 23:10:40,834 - config - INFO - Fila 8 - color: rgb(45, 172, 49)
2025-10-24 23:10:40,868 - config - INFO - Clic en radio de fila 8
2025-10-24 23:10:44,998 - config - INFO - Registro actualizado correctamente
2025-10-24 23:10:44,998 - config - INFO - Registro actualizado.
2025-10-24 23:10:45,778 - config - INFO - Intentando ir a la página 59...
2025-10-24 23:11:45,974 - config - INFO - Página 59 abierta correctamente.
2025-10-24 23:11:50,010 - config - INFO - Fila 9 - color: rgb(45, 172, 49)
2025-10-24 23:11:50,045 - config - INFO - Clic en radio de fila 9
2025-10-24 23:11:54,210 - config - INFO - Registro actualizado correctamente
2025-10-24 23:11:54,211 - config - INFO - Registro actualizado.
2025-10-24 23:11:55,031 - config - INFO - Intentando ir a la página 59...
2025-10-24 23:12:55,165 - config - INFO - Página 59 abierta correctamente.
2025-10-24 23:12:59,202 - config - INFO - Fila 10 - color: rgb(45, 172, 49)
2025-10-24 23:12:59,238 - config - INFO - Clic en radio de fila 10
2025-10-24 23:13:03,337 - config - INFO - Registro actualizado correctamente
2025-10-24 23:13:03,337 - config - INFO - Registro actualizado.
2025-10-24 23:13:03,717 - config - INFO - Intentando ir a la página 59...
2025-10-24 23:14:03,795 - config - INFO - Página 59 abierta correctamente.
2025-10-24 23:14:10,878 - config - INFO - Total de filas encontradas: 10
2025-10-24 23:14:12,896 - config - INFO - Fila 1 - color: rgb(45, 172, 49)
2025-10-24 23:14:12,928 - config - INFO - Clic en radio de fila 1
2025-10-24 23:14:17,093 - config - INFO - Registro actualizado correctamente
2025-10-24 23:14:17,094 - config - INFO - Registro actualizado.
2025-10-24 23:14:17,860 - config - INFO - Intentando ir a la página 60...
2025-10-24 23:15:18,985 - config - INFO - Página 60 abierta correctamente.
2025-10-24 23:15:23,010 - config - INFO - Fila 2 - color: rgb(45, 172, 49)
2025-10-24 23:15:23,039 - config - INFO - Clic en radio de fila 2
2025-10-24 23:15:27,188 - config - INFO - Registro actualizado correctamente
2025-10-24 23:15:27,189 - config - INFO - Registro actualizado.
2025-10-24 23:15:27,990 - config - INFO - Intentando ir a la página 60...
2025-10-24 23:16:29,176 - config - INFO - Página 60 abierta correctamente.
2025-10-24 23:16:33,216 - config - INFO - Fila 3 - color: rgb(45, 172, 49)
2025-10-24 23:16:33,248 - config - INFO - Clic en radio de fila 3
2025-10-24 23:16:37,411 - config - INFO - Registro actualizado correctamente
2025-10-24 23:16:37,411 - config - INFO - Registro actualizado.
2025-10-24 23:16:38,183 - config - INFO - Intentando ir a la página 60...
2025-10-24 23:17:39,414 - config - INFO - Página 60 abierta correctamente.
2025-10-24 23:17:43,444 - config - INFO - Fila 4 - color: rgb(45, 172, 49)
2025-10-24 23:17:43,475 - config - INFO - Clic en radio de fila 4
2025-10-24 23:17:47,639 - config - INFO - Registro actualizado correctamente
2025-10-24 23:17:47,640 - config - INFO - Registro actualizado.
2025-10-24 23:17:48,401 - config - INFO - Intentando ir a la página 60...
2025-10-24 23:18:49,678 - config - INFO - Página 60 abierta correctamente.
2025-10-24 23:18:53,704 - config - INFO - Fila 5 - color: rgb(45, 172, 49)
2025-10-24 23:18:53,735 - config - INFO - Clic en radio de fila 5
2025-10-24 23:18:57,896 - config - INFO - Registro actualizado correctamente
2025-10-24 23:18:57,896 - config - INFO - Registro actualizado.
2025-10-24 23:18:58,653 - config - INFO - Intentando ir a la página 60...
2025-10-24 23:19:59,820 - config - INFO - Página 60 abierta correctamente.
2025-10-24 23:20:03,865 - config - INFO - Fila 6 - color: rgb(45, 172, 49)
2025-10-24 23:20:03,912 - config - INFO - Clic en radio de fila 6
2025-10-24 23:20:08,093 - config - INFO - Registro actualizado correctamente
2025-10-24 23:20:08,093 - config - INFO - Registro actualizado.
2025-10-24 23:20:08,890 - config - INFO - Intentando ir a la página 60...
2025-10-24 23:21:10,164 - config - INFO - Página 60 abierta correctamente.
2025-10-24 23:21:14,196 - config - INFO - Fila 7 - color: rgb(45, 172, 49)
2025-10-24 23:21:14,240 - config - INFO - Clic en radio de fila 7
2025-10-24 23:21:18,399 - config - INFO - Registro actualizado correctamente
2025-10-24 23:21:18,400 - config - INFO - Registro actualizado.
2025-10-24 23:21:19,399 - config - INFO - Intentando ir a la página 60...
2025-10-24 23:22:20,719 - config - INFO - Página 60 abierta correctamente.
2025-10-24 23:22:24,743 - config - INFO - Fila 8 - color: rgb(45, 172, 49)
2025-10-24 23:22:24,782 - config - INFO - Clic en radio de fila 8
2025-10-24 23:22:28,945 - config - INFO - Registro actualizado correctamente
2025-10-24 23:22:28,946 - config - INFO - Registro actualizado.
2025-10-24 23:22:29,697 - config - INFO - Intentando ir a la página 60...
2025-10-24 23:23:30,880 - config - INFO - Página 60 abierta correctamente.
2025-10-24 23:23:34,909 - config - INFO - Fila 9 - color: rgb(45, 172, 49)
2025-10-24 23:23:34,940 - config - INFO - Clic en radio de fila 9
2025-10-24 23:23:39,085 - config - INFO - Registro actualizado correctamente
2025-10-24 23:23:39,085 - config - INFO - Registro actualizado.
2025-10-24 23:23:40,141 - config - INFO - Intentando ir a la página 60...
2025-10-24 23:24:41,394 - config - INFO - Página 60 abierta correctamente.
2025-10-24 23:24:45,427 - config - INFO - Fila 10 - color: rgb(45, 172, 49)
2025-10-24 23:24:45,463 - config - INFO - Clic en radio de fila 10
2025-10-24 23:24:49,648 - config - INFO - Registro actualizado correctamente
2025-10-24 23:24:49,649 - config - INFO - Registro actualizado.
2025-10-24 23:24:50,447 - config - INFO - Intentando ir a la página 60...
2025-10-24 23:25:51,603 - config - INFO - Página 60 abierta correctamente.
2025-10-24 23:25:58,701 - config - INFO - Total de filas encontradas: 10
2025-10-24 23:26:00,728 - config - INFO - Fila 1 - color: rgb(45, 172, 49)
2025-10-24 23:26:00,771 - config - INFO - Clic en radio de fila 1
2025-10-24 23:26:04,933 - config - INFO - Registro actualizado correctamente
2025-10-24 23:26:04,933 - config - INFO - Registro actualizado.
2025-10-24 23:26:05,878 - config - INFO - Intentando ir a la página 61...
2025-10-24 23:27:08,138 - config - INFO - Página 61 abierta correctamente.
2025-10-24 23:27:12,177 - config - INFO - Fila 2 - color: rgb(45, 172, 49)
2025-10-24 23:27:12,212 - config - INFO - Clic en radio de fila 2
2025-10-24 23:27:16,395 - config - INFO - Registro actualizado correctamente
2025-10-24 23:27:16,396 - config - INFO - Registro actualizado.
2025-10-24 23:27:16,776 - config - INFO - Intentando ir a la página 61...
2025-10-24 23:28:19,066 - config - INFO - Página 61 abierta correctamente.
2025-10-24 23:28:23,090 - config - INFO - Fila 3 - color: rgb(45, 172, 49)
2025-10-24 23:28:23,120 - config - INFO - Clic en radio de fila 3
2025-10-24 23:28:27,291 - config - INFO - Registro actualizado correctamente
2025-10-24 23:28:27,291 - config - INFO - Registro actualizado.
2025-10-24 23:28:28,046 - config - INFO - Intentando ir a la página 61...
2025-10-24 23:29:30,307 - config - INFO - Página 61 abierta correctamente.
2025-10-24 23:29:34,337 - config - INFO - Fila 4 - color: rgb(45, 172, 49)
2025-10-24 23:29:34,381 - config - INFO - Clic en radio de fila 4
2025-10-24 23:29:38,543 - config - INFO - Registro actualizado correctamente
2025-10-24 23:29:38,543 - config - INFO - Registro actualizado.
2025-10-24 23:29:39,314 - config - INFO - Intentando ir a la página 61...
2025-10-24 23:30:41,582 - config - INFO - Página 61 abierta correctamente.
2025-10-24 23:30:45,603 - config - INFO - Fila 5 - color: rgb(45, 172, 49)
2025-10-24 23:30:45,645 - config - INFO - Clic en radio de fila 5
2025-10-24 23:30:49,800 - config - INFO - Registro actualizado correctamente
2025-10-24 23:30:49,800 - config - INFO - Registro actualizado.
2025-10-24 23:30:50,196 - config - INFO - Intentando ir a la página 61...
2025-10-24 23:31:52,545 - config - INFO - Página 61 abierta correctamente.
2025-10-24 23:31:56,575 - config - INFO - Fila 6 - color: rgb(45, 172, 49)
2025-10-24 23:31:56,614 - config - INFO - Clic en radio de fila 6
2025-10-24 23:32:00,777 - config - INFO - Registro actualizado correctamente
2025-10-24 23:32:00,777 - config - INFO - Registro actualizado.
2025-10-24 23:32:01,568 - config - INFO - Intentando ir a la página 61...
2025-10-24 23:33:03,900 - config - INFO - Página 61 abierta correctamente.
2025-10-24 23:33:07,935 - config - INFO - Fila 7 - color: rgb(45, 172, 49)
2025-10-24 23:33:07,973 - config - INFO - Clic en radio de fila 7
2025-10-24 23:33:12,088 - config - INFO - Registro actualizado correctamente
2025-10-24 23:33:12,088 - config - INFO - Registro actualizado.
2025-10-24 23:33:12,462 - config - INFO - Intentando ir a la página 61...
2025-10-24 23:34:14,661 - config - INFO - Página 61 abierta correctamente.
2025-10-24 23:34:18,681 - config - INFO - Fila 8 - color: rgb(45, 172, 49)
2025-10-24 23:34:18,715 - config - INFO - Clic en radio de fila 8
2025-10-24 23:34:22,862 - config - INFO - Registro actualizado correctamente
2025-10-24 23:34:22,862 - config - INFO - Registro actualizado.
2025-10-24 23:34:23,612 - config - INFO - Intentando ir a la página 61...
2025-10-24 23:35:25,916 - config - INFO - Página 61 abierta correctamente.
2025-10-24 23:35:29,959 - config - INFO - Fila 9 - color: rgb(45, 172, 49)
2025-10-24 23:35:29,993 - config - INFO - Clic en radio de fila 9
2025-10-24 23:35:34,211 - config - INFO - Registro actualizado correctamente
2025-10-24 23:35:34,212 - config - INFO - Registro actualizado.
2025-10-24 23:35:35,171 - config - INFO - Intentando ir a la página 61...
2025-10-24 23:36:37,422 - config - INFO - Página 61 abierta correctamente.
2025-10-24 23:36:41,440 - config - INFO - Fila 10 - color: rgb(45, 172, 49)
2025-10-24 23:36:41,482 - config - INFO - Clic en radio de fila 10
2025-10-24 23:36:45,649 - config - INFO - Registro actualizado correctamente
2025-10-24 23:36:45,649 - config - INFO - Registro actualizado.
2025-10-24 23:36:46,457 - config - INFO - Intentando ir a la página 61...
2025-10-24 23:37:48,790 - config - INFO - Página 61 abierta correctamente.
2025-10-24 23:37:55,889 - config - INFO - Total de filas encontradas: 10
2025-10-24 23:37:57,912 - config - INFO - Fila 1 - color: rgb(45, 172, 49)
2025-10-24 23:37:57,992 - config - INFO - Clic en radio de fila 1
2025-10-24 23:38:02,150 - config - INFO - Registro actualizado correctamente
2025-10-24 23:38:02,150 - config - INFO - Registro actualizado.
2025-10-24 23:38:02,904 - config - INFO - Intentando ir a la página 62...
2025-10-24 23:39:06,340 - config - INFO - Página 62 abierta correctamente.
2025-10-24 23:39:10,377 - config - INFO - Fila 2 - color: rgb(45, 172, 49)
2025-10-24 23:39:10,412 - config - INFO - Clic en radio de fila 2
2025-10-24 23:39:14,509 - config - INFO - Registro actualizado correctamente
2025-10-24 23:39:14,509 - config - INFO - Registro actualizado.
2025-10-24 23:39:15,357 - config - INFO - Intentando ir a la página 62...
2025-10-24 23:40:18,746 - config - INFO - Página 62 abierta correctamente.
2025-10-24 23:40:22,785 - config - INFO - Fila 3 - color: rgb(45, 172, 49)
2025-10-24 23:40:22,818 - config - INFO - Clic en radio de fila 3
2025-10-24 23:40:26,967 - config - INFO - Registro actualizado correctamente
2025-10-24 23:40:26,967 - config - INFO - Registro actualizado.
2025-10-24 23:40:28,445 - config - INFO - Intentando ir a la página 62...
2025-10-24 23:41:31,804 - config - INFO - Página 62 abierta correctamente.
2025-10-24 23:41:35,848 - config - INFO - Fila 4 - color: rgb(45, 172, 49)
2025-10-24 23:41:35,894 - config - INFO - Clic en radio de fila 4
2025-10-24 23:41:40,056 - config - INFO - Registro actualizado correctamente
2025-10-24 23:41:40,057 - config - INFO - Registro actualizado.
2025-10-24 23:41:40,428 - config - INFO - Intentando ir a la página 62...
2025-10-24 23:42:43,680 - config - INFO - Página 62 abierta correctamente.
2025-10-24 23:42:47,707 - config - INFO - Fila 5 - color: rgb(45, 172, 49)
2025-10-24 23:42:47,752 - config - INFO - Clic en radio de fila 5
2025-10-24 23:42:51,912 - config - INFO - Registro actualizado correctamente
2025-10-24 23:42:51,912 - config - INFO - Registro actualizado.
2025-10-24 23:42:52,690 - config - INFO - Intentando ir a la página 62...
2025-10-24 23:43:56,039 - config - INFO - Página 62 abierta correctamente.
2025-10-24 23:44:00,076 - config - INFO - Fila 6 - color: rgb(45, 172, 49)
2025-10-24 23:44:00,108 - config - INFO - Clic en radio de fila 6
2025-10-24 23:44:04,257 - config - INFO - Registro actualizado correctamente
2025-10-24 23:44:04,257 - config - INFO - Registro actualizado.
2025-10-24 23:44:05,078 - config - INFO - Intentando ir a la página 62...
2025-10-24 23:45:08,412 - config - INFO - Página 62 abierta correctamente.
2025-10-24 23:45:12,453 - config - INFO - Fila 7 - color: rgb(45, 172, 49)
2025-10-24 23:45:12,483 - config - INFO - Clic en radio de fila 7
2025-10-24 23:45:16,597 - config - INFO - Registro actualizado correctamente
2025-10-24 23:45:16,597 - config - INFO - Registro actualizado.
2025-10-24 23:45:17,398 - config - INFO - Intentando ir a la página 62...
2025-10-24 23:46:20,736 - config - INFO - Página 62 abierta correctamente.
2025-10-24 23:46:24,781 - config - INFO - Fila 8 - color: rgb(45, 172, 49)
2025-10-24 23:46:24,824 - config - INFO - Clic en radio de fila 8
2025-10-24 23:46:28,989 - config - INFO - Registro actualizado correctamente
2025-10-24 23:46:28,990 - config - INFO - Registro actualizado.
2025-10-24 23:46:29,819 - config - INFO - Intentando ir a la página 62...
2025-10-24 23:47:33,210 - config - INFO - Página 62 abierta correctamente.
2025-10-24 23:47:37,236 - config - INFO - Fila 9 - color: rgb(45, 172, 49)
2025-10-24 23:47:37,263 - config - INFO - Clic en radio de fila 9
2025-10-24 23:47:41,464 - config - INFO - Registro actualizado correctamente
2025-10-24 23:47:41,464 - config - INFO - Registro actualizado.
2025-10-24 23:47:42,335 - config - INFO - Intentando ir a la página 62...
2025-10-24 23:48:45,688 - config - INFO - Página 62 abierta correctamente.
2025-10-24 23:48:49,718 - config - INFO - Fila 10 - color: rgb(45, 172, 49)
2025-10-24 23:48:49,755 - config - INFO - Clic en radio de fila 10
2025-10-24 23:48:53,939 - config - INFO - Registro actualizado correctamente
2025-10-24 23:48:53,940 - config - INFO - Registro actualizado.
2025-10-24 23:48:55,128 - config - INFO - Intentando ir a la página 62...
2025-10-24 23:50:02,088 - config - INFO - Página 62 abierta correctamente.
2025-10-24 23:50:09,180 - config - INFO - Total de filas encontradas: 10
2025-10-24 23:50:11,202 - config - INFO - Fila 1 - color: rgb(45, 172, 49)
2025-10-24 23:50:11,241 - config - INFO - Clic en radio de fila 1
2025-10-24 23:50:15,389 - config - INFO - Registro actualizado correctamente
2025-10-24 23:50:15,389 - config - INFO - Registro actualizado.
2025-10-24 23:50:16,329 - config - INFO - Intentando ir a la página 63...
2025-10-24 23:51:20,758 - config - INFO - Página 63 abierta correctamente.
2025-10-24 23:51:24,797 - config - INFO - Fila 2 - color: rgb(45, 172, 49)
2025-10-24 23:51:24,830 - config - INFO - Clic en radio de fila 2
2025-10-24 23:51:28,995 - config - INFO - Registro actualizado correctamente
2025-10-24 23:51:28,996 - config - INFO - Registro actualizado.
2025-10-24 23:51:29,783 - config - INFO - Intentando ir a la página 63...
2025-10-24 23:52:34,330 - config - INFO - Página 63 abierta correctamente.
2025-10-24 23:52:38,369 - config - INFO - Fila 3 - color: rgb(45, 172, 49)
2025-10-24 23:52:38,403 - config - INFO - Clic en radio de fila 3
2025-10-24 23:52:42,552 - config - INFO - Registro actualizado correctamente
2025-10-24 23:52:42,553 - config - INFO - Registro actualizado.
2025-10-24 23:52:43,284 - config - INFO - Intentando ir a la página 63...
2025-10-24 23:53:47,622 - config - INFO - Página 63 abierta correctamente.
2025-10-24 23:53:51,640 - config - INFO - Fila 4 - color: rgb(45, 172, 49)
2025-10-24 23:53:51,678 - config - INFO - Clic en radio de fila 4
2025-10-24 23:53:55,842 - config - INFO - Registro actualizado correctamente
2025-10-24 23:53:55,842 - config - INFO - Registro actualizado.
2025-10-24 23:53:56,671 - config - INFO - Intentando ir a la página 63...
2025-10-24 23:55:01,145 - config - INFO - Página 63 abierta correctamente.
2025-10-24 23:55:05,188 - config - INFO - Fila 5 - color: rgb(45, 172, 49)
2025-10-24 23:55:05,235 - config - INFO - Clic en radio de fila 5
2025-10-24 23:55:09,399 - config - INFO - Registro actualizado correctamente
2025-10-24 23:55:09,399 - config - INFO - Registro actualizado.
2025-10-24 23:55:10,256 - config - INFO - Intentando ir a la página 63...
2025-10-24 23:56:14,720 - config - INFO - Página 63 abierta correctamente.
2025-10-24 23:56:18,750 - config - INFO - Fila 6 - color: rgb(45, 172, 49)
2025-10-24 23:56:18,790 - config - INFO - Clic en radio de fila 6
2025-10-24 23:56:22,953 - config - INFO - Registro actualizado correctamente
2025-10-24 23:56:22,953 - config - INFO - Registro actualizado.
2025-10-24 23:56:23,719 - config - INFO - Intentando ir a la página 63...
2025-10-24 23:57:28,211 - config - INFO - Página 63 abierta correctamente.
2025-10-24 23:57:32,258 - config - INFO - Fila 7 - color: rgb(45, 172, 49)
2025-10-24 23:57:32,299 - config - INFO - Clic en radio de fila 7
2025-10-24 23:57:36,462 - config - INFO - Registro actualizado correctamente
2025-10-24 23:57:36,462 - config - INFO - Registro actualizado.
2025-10-24 23:57:37,312 - config - INFO - Intentando ir a la página 63...
2025-10-24 23:58:41,748 - config - INFO - Página 63 abierta correctamente.
2025-10-24 23:58:45,769 - config - INFO - Fila 8 - color: rgb(45, 172, 49)
2025-10-24 23:58:45,803 - config - INFO - Clic en radio de fila 8
2025-10-24 23:58:49,954 - config - INFO - Registro actualizado correctamente
2025-10-24 23:58:49,954 - config - INFO - Registro actualizado.
2025-10-24 23:58:50,890 - config - INFO - Intentando ir a la página 63...
2025-10-24 23:59:55,239 - config - INFO - Página 63 abierta correctamente.
2025-10-24 23:59:59,262 - config - INFO - Fila 9 - color: rgb(45, 172, 49)
2025-10-24 23:59:59,294 - config - INFO - Clic en radio de fila 9
2025-10-25 00:00:03,692 - config - INFO - Registro actualizado correctamente
2025-10-25 00:00:03,692 - config - INFO - Registro actualizado.
2025-10-25 00:00:05,249 - config - INFO - Intentando ir a la página 63...
2025-10-25 00:01:09,829 - config - INFO - Página 63 abierta correctamente.
2025-10-25 00:01:13,866 - config - INFO - Fila 10 - color: rgb(45, 172, 49)
2025-10-25 00:01:13,905 - config - INFO - Clic en radio de fila 10
2025-10-25 00:01:18,065 - config - INFO - Registro actualizado correctamente
2025-10-25 00:01:18,065 - config - INFO - Registro actualizado.
2025-10-25 00:01:18,887 - config - INFO - Intentando ir a la página 63...
2025-10-25 00:02:23,287 - config - INFO - Página 63 abierta correctamente.
2025-10-25 00:02:30,360 - config - INFO - Total de filas encontradas: 10
2025-10-25 00:02:32,384 - config - INFO - Fila 1 - color: rgb(45, 172, 49)
2025-10-25 00:02:32,453 - config - INFO - Clic en radio de fila 1
2025-10-25 00:02:36,633 - config - INFO - Registro actualizado correctamente
2025-10-25 00:02:36,634 - config - INFO - Registro actualizado.
2025-10-25 00:02:37,587 - config - INFO - Intentando ir a la página 64...
2025-10-25 00:03:43,135 - config - INFO - Página 64 abierta correctamente.
2025-10-25 00:03:47,172 - config - INFO - Fila 2 - color: rgb(45, 172, 49)
2025-10-25 00:03:47,209 - config - INFO - Clic en radio de fila 2
2025-10-25 00:03:51,407 - config - INFO - Registro actualizado correctamente
2025-10-25 00:03:51,408 - config - INFO - Registro actualizado.
2025-10-25 00:03:52,267 - config - INFO - Intentando ir a la página 64...
2025-10-25 00:04:57,811 - config - INFO - Página 64 abierta correctamente.
2025-10-25 00:05:01,845 - config - INFO - Fila 3 - color: rgb(45, 172, 49)
2025-10-25 00:05:01,889 - config - INFO - Clic en radio de fila 3
2025-10-25 00:05:06,064 - config - INFO - Registro actualizado correctamente
2025-10-25 00:05:06,064 - config - INFO - Registro actualizado.
2025-10-25 00:05:07,136 - config - INFO - Intentando ir a la página 64...
2025-10-25 00:06:12,679 - config - INFO - Página 64 abierta correctamente.
2025-10-25 00:06:16,715 - config - INFO - Fila 4 - color: rgb(45, 172, 49)
2025-10-25 00:06:16,753 - config - INFO - Clic en radio de fila 4
2025-10-25 00:06:20,920 - config - INFO - Registro actualizado correctamente
2025-10-25 00:06:20,920 - config - INFO - Registro actualizado.
2025-10-25 00:06:21,720 - config - INFO - Intentando ir a la página 64...
2025-10-25 00:07:27,488 - config - INFO - Página 64 abierta correctamente.
2025-10-25 00:07:31,508 - config - INFO - Fila 5 - color: rgb(45, 172, 49)
2025-10-25 00:07:31,543 - config - INFO - Clic en radio de fila 5
2025-10-25 00:07:35,707 - config - INFO - Registro actualizado correctamente
2025-10-25 00:07:35,708 - config - INFO - Registro actualizado.
2025-10-25 00:07:36,465 - config - INFO - Intentando ir a la página 64...
2025-10-25 00:08:42,869 - config - INFO - Página 64 abierta correctamente.
2025-10-25 00:08:46,906 - config - INFO - Fila 6 - color: rgb(45, 172, 49)
2025-10-25 00:08:46,950 - config - INFO - Clic en radio de fila 6
2025-10-25 00:08:51,126 - config - INFO - Registro actualizado correctamente
2025-10-25 00:08:51,126 - config - INFO - Registro actualizado.
2025-10-25 00:08:52,401 - config - INFO - Intentando ir a la página 64...
2025-10-25 00:09:58,302 - config - INFO - Página 64 abierta correctamente.
2025-10-25 00:10:02,324 - config - INFO - Fila 7 - color: rgb(45, 172, 49)
2025-10-25 00:10:02,356 - config - INFO - Clic en radio de fila 7
2025-10-25 00:10:06,559 - config - INFO - Registro actualizado correctamente
2025-10-25 00:10:06,559 - config - INFO - Registro actualizado.
2025-10-25 00:10:07,513 - config - INFO - Intentando ir a la página 64...
2025-10-25 00:11:13,437 - config - INFO - Página 64 abierta correctamente.
2025-10-25 00:11:17,454 - config - INFO - Fila 8 - color: rgb(45, 172, 49)
2025-10-25 00:11:17,497 - config - INFO - Clic en radio de fila 8
2025-10-25 00:11:21,671 - config - INFO - Registro actualizado correctamente
2025-10-25 00:11:21,671 - config - INFO - Registro actualizado.
2025-10-25 00:11:22,061 - config - INFO - Intentando ir a la página 64...
2025-10-25 00:12:27,522 - config - INFO - Página 64 abierta correctamente.
2025-10-25 00:12:31,550 - config - INFO - Fila 9 - color: rgb(45, 172, 49)
2025-10-25 00:12:31,579 - config - INFO - Clic en radio de fila 9
2025-10-25 00:12:35,746 - config - INFO - Registro actualizado correctamente
2025-10-25 00:12:35,747 - config - INFO - Registro actualizado.
2025-10-25 00:12:36,651 - config - INFO - Intentando ir a la página 64...
2025-10-25 00:13:42,278 - config - INFO - Página 64 abierta correctamente.
2025-10-25 00:13:46,310 - config - INFO - Fila 10 - color: rgb(45, 172, 49)
2025-10-25 00:13:46,356 - config - INFO - Clic en radio de fila 10
2025-10-25 00:13:50,518 - config - INFO - Registro actualizado correctamente
2025-10-25 00:13:50,518 - config - INFO - Registro actualizado.
2025-10-25 00:13:51,274 - config - INFO - Intentando ir a la página 64...
2025-10-25 00:14:57,107 - config - INFO - Página 64 abierta correctamente.
2025-10-25 00:15:04,209 - config - INFO - Total de filas encontradas: 10
2025-10-25 00:15:06,241 - config - INFO - Fila 1 - color: rgb(45, 172, 49)
2025-10-25 00:15:06,271 - config - INFO - Clic en radio de fila 1
2025-10-25 00:15:10,453 - config - INFO - Registro actualizado correctamente
2025-10-25 00:15:10,454 - config - INFO - Registro actualizado.
2025-10-25 00:15:10,818 - config - INFO - Intentando ir a la página 65...
2025-10-25 00:16:17,502 - config - INFO - Página 65 abierta correctamente.
2025-10-25 00:16:21,539 - config - INFO - Fila 2 - color: rgb(45, 172, 49)
2025-10-25 00:16:21,724 - config - INFO - Clic en radio de fila 2
2025-10-25 00:16:25,925 - config - INFO - Registro actualizado correctamente
2025-10-25 00:16:25,925 - config - INFO - Registro actualizado.
2025-10-25 00:16:26,743 - config - INFO - Intentando ir a la página 65...
2025-10-25 00:17:33,457 - config - INFO - Página 65 abierta correctamente.
2025-10-25 00:17:37,491 - config - INFO - Fila 3 - color: rgb(45, 172, 49)
2025-10-25 00:17:37,531 - config - INFO - Clic en radio de fila 3
2025-10-25 00:17:41,715 - config - INFO - Registro actualizado correctamente
2025-10-25 00:17:41,715 - config - INFO - Registro actualizado.
2025-10-25 00:17:42,493 - config - INFO - Intentando ir a la página 65...
2025-10-25 00:18:49,179 - config - INFO - Página 65 abierta correctamente.
2025-10-25 00:18:53,227 - config - INFO - Fila 4 - color: rgb(45, 172, 49)
2025-10-25 00:18:53,270 - config - INFO - Clic en radio de fila 4
2025-10-25 00:18:57,432 - config - INFO - Registro actualizado correctamente
2025-10-25 00:18:57,433 - config - INFO - Registro actualizado.
2025-10-25 00:18:58,665 - config - INFO - Intentando ir a la página 65...
2025-10-25 00:20:05,185 - config - INFO - Página 65 abierta correctamente.
2025-10-25 00:20:09,219 - config - INFO - Fila 5 - color: rgb(45, 172, 49)
2025-10-25 00:20:09,259 - config - INFO - Clic en radio de fila 5
2025-10-25 00:20:13,436 - config - INFO - Registro actualizado correctamente
2025-10-25 00:20:13,436 - config - INFO - Registro actualizado.
2025-10-25 00:20:14,332 - config - INFO - Intentando ir a la página 65...
2025-10-25 00:21:20,908 - config - INFO - Página 65 abierta correctamente.
2025-10-25 00:21:24,944 - config - INFO - Fila 6 - color: rgb(45, 172, 49)
2025-10-25 00:21:24,978 - config - INFO - Clic en radio de fila 6
2025-10-25 00:21:29,099 - config - INFO - Registro actualizado correctamente
2025-10-25 00:21:29,100 - config - INFO - Registro actualizado.
2025-10-25 00:21:29,867 - config - INFO - Intentando ir a la página 65...
2025-10-25 00:22:36,460 - config - INFO - Página 65 abierta correctamente.
2025-10-25 00:22:40,492 - config - INFO - Fila 7 - color: rgb(45, 172, 49)
2025-10-25 00:22:40,535 - config - INFO - Clic en radio de fila 7
2025-10-25 00:22:44,682 - config - INFO - Registro actualizado correctamente
2025-10-25 00:22:44,682 - config - INFO - Registro actualizado.
2025-10-25 00:22:45,538 - config - INFO - Intentando ir a la página 65...
2025-10-25 00:23:52,201 - config - INFO - Página 65 abierta correctamente.
2025-10-25 00:23:56,236 - config - INFO - Fila 8 - color: rgb(45, 172, 49)
2025-10-25 00:23:56,272 - config - INFO - Clic en radio de fila 8
2025-10-25 00:24:00,421 - config - INFO - Registro actualizado correctamente
2025-10-25 00:24:00,421 - config - INFO - Registro actualizado.
2025-10-25 00:24:01,225 - config - INFO - Intentando ir a la página 65...
2025-10-25 00:25:07,825 - config - INFO - Página 65 abierta correctamente.
2025-10-25 00:25:11,860 - config - INFO - Fila 9 - color: rgb(45, 172, 49)
2025-10-25 00:25:11,895 - config - INFO - Clic en radio de fila 9
2025-10-25 00:25:16,060 - config - INFO - Registro actualizado correctamente
2025-10-25 00:25:16,060 - config - INFO - Registro actualizado.
2025-10-25 00:25:16,906 - config - INFO - Intentando ir a la página 65...
2025-10-25 00:26:23,678 - config - INFO - Página 65 abierta correctamente.
2025-10-25 00:26:27,723 - config - INFO - Fila 10 - color: rgb(45, 172, 49)
2025-10-25 00:26:27,766 - config - INFO - Clic en radio de fila 10
2025-10-25 00:26:31,946 - config - INFO - Registro actualizado correctamente
2025-10-25 00:26:31,946 - config - INFO - Registro actualizado.
2025-10-25 00:26:32,689 - config - INFO - Intentando ir a la página 65...
2025-10-25 00:27:39,300 - config - INFO - Página 65 abierta correctamente.
2025-10-25 00:27:46,413 - config - INFO - Total de filas encontradas: 10
2025-10-25 00:27:48,432 - config - INFO - Fila 1 - color: rgb(45, 172, 49)
2025-10-25 00:27:48,465 - config - INFO - Clic en radio de fila 1
2025-10-25 00:27:52,665 - config - INFO - Registro actualizado correctamente
2025-10-25 00:27:52,665 - config - INFO - Registro actualizado.
2025-10-25 00:27:53,403 - config - INFO - Intentando ir a la página 66...
2025-10-25 00:29:01,271 - config - INFO - Página 66 abierta correctamente.
2025-10-25 00:29:05,313 - config - INFO - Fila 2 - color: rgb(45, 172, 49)
2025-10-25 00:29:05,356 - config - INFO - Clic en radio de fila 2
2025-10-25 00:29:09,537 - config - INFO - Registro actualizado correctamente
2025-10-25 00:29:09,537 - config - INFO - Registro actualizado.
2025-10-25 00:29:10,284 - config - INFO - Intentando ir a la página 66...
2025-10-25 00:30:18,052 - config - INFO - Página 66 abierta correctamente.
2025-10-25 00:30:22,090 - config - INFO - Fila 3 - color: rgb(45, 172, 49)
2025-10-25 00:30:22,125 - config - INFO - Clic en radio de fila 3
2025-10-25 00:30:26,289 - config - INFO - Registro actualizado correctamente
2025-10-25 00:30:26,289 - config - INFO - Registro actualizado.
2025-10-25 00:30:27,173 - config - INFO - Intentando ir a la página 66...
2025-10-25 00:31:34,924 - config - INFO - Página 66 abierta correctamente.
2025-10-25 00:31:38,942 - config - INFO - Fila 4 - color: rgb(45, 172, 49)
2025-10-25 00:31:38,984 - config - INFO - Clic en radio de fila 4
2025-10-25 00:31:43,159 - config - INFO - Registro actualizado correctamente
2025-10-25 00:31:43,159 - config - INFO - Registro actualizado.
2025-10-25 00:31:43,982 - config - INFO - Intentando ir a la página 66...
2025-10-25 00:32:51,658 - config - INFO - Página 66 abierta correctamente.
2025-10-25 00:32:55,695 - config - INFO - Fila 5 - color: rgb(45, 172, 49)
2025-10-25 00:32:55,732 - config - INFO - Clic en radio de fila 5
2025-10-25 00:32:59,931 - config - INFO - Registro actualizado correctamente
2025-10-25 00:32:59,931 - config - INFO - Registro actualizado.
2025-10-25 00:33:00,798 - config - INFO - Intentando ir a la página 66...
2025-10-25 00:34:08,463 - config - INFO - Página 66 abierta correctamente.
2025-10-25 00:34:12,500 - config - INFO - Fila 6 - color: rgb(45, 172, 49)
2025-10-25 00:34:12,536 - config - INFO - Clic en radio de fila 6
2025-10-25 00:34:16,718 - config - INFO - Registro actualizado correctamente
2025-10-25 00:34:16,718 - config - INFO - Registro actualizado.
2025-10-25 00:34:17,504 - config - INFO - Intentando ir a la página 66...
2025-10-25 00:35:25,251 - config - INFO - Página 66 abierta correctamente.
2025-10-25 00:35:29,270 - config - INFO - Fila 7 - color: rgb(45, 172, 49)
2025-10-25 00:35:29,307 - config - INFO - Clic en radio de fila 7
2025-10-25 00:35:33,419 - config - INFO - Registro actualizado correctamente
2025-10-25 00:35:33,420 - config - INFO - Registro actualizado.
2025-10-25 00:35:34,258 - config - INFO - Intentando ir a la página 66...
2025-10-25 00:36:41,893 - config - INFO - Página 66 abierta correctamente.
2025-10-25 00:36:45,922 - config - INFO - Fila 8 - color: rgb(45, 172, 49)
2025-10-25 00:36:45,962 - config - INFO - Clic en radio de fila 8
2025-10-25 00:36:50,147 - config - INFO - Registro actualizado correctamente
2025-10-25 00:36:50,147 - config - INFO - Registro actualizado.
2025-10-25 00:36:51,650 - config - INFO - Intentando ir a la página 66...
2025-10-25 00:37:59,340 - config - INFO - Página 66 abierta correctamente.
2025-10-25 00:38:03,374 - config - INFO - Fila 9 - color: rgb(45, 172, 49)
2025-10-25 00:38:03,415 - config - INFO - Clic en radio de fila 9
2025-10-25 00:38:07,579 - config - INFO - Registro actualizado correctamente
2025-10-25 00:38:07,579 - config - INFO - Registro actualizado.
2025-10-25 00:38:08,351 - config - INFO - Intentando ir a la página 66...
2025-10-25 00:39:16,046 - config - INFO - Página 66 abierta correctamente.
2025-10-25 00:39:20,080 - config - INFO - Fila 10 - color: rgb(45, 172, 49)
2025-10-25 00:39:20,118 - config - INFO - Clic en radio de fila 10
2025-10-25 00:39:24,301 - config - INFO - Registro actualizado correctamente
2025-10-25 00:39:24,301 - config - INFO - Registro actualizado.
2025-10-25 00:39:25,136 - config - INFO - Intentando ir a la página 66...
2025-10-25 00:40:32,935 - config - INFO - Página 66 abierta correctamente.
2025-10-25 00:40:40,032 - config - INFO - Total de filas encontradas: 10
2025-10-25 00:40:42,060 - config - INFO - Fila 1 - color: rgb(45, 172, 49)
2025-10-25 00:40:42,135 - config - INFO - Clic en radio de fila 1
2025-10-25 00:40:46,316 - config - INFO - Registro actualizado correctamente
2025-10-25 00:40:46,316 - config - INFO - Registro actualizado.
2025-10-25 00:40:47,141 - config - INFO - Intentando ir a la página 67...
2025-10-25 00:41:56,219 - config - INFO - Página 67 abierta correctamente.
2025-10-25 00:42:00,258 - config - INFO - Fila 2 - color: rgb(45, 172, 49)
2025-10-25 00:42:00,312 - config - INFO - Clic en radio de fila 2
2025-10-25 00:42:04,503 - config - INFO - Registro actualizado correctamente
2025-10-25 00:42:04,503 - config - INFO - Registro actualizado.
2025-10-25 00:42:05,331 - config - INFO - Intentando ir a la página 67...
2025-10-25 00:43:14,253 - config - INFO - Página 67 abierta correctamente.
2025-10-25 00:43:18,278 - config - INFO - Fila 3 - color: rgb(45, 172, 49)
2025-10-25 00:43:18,308 - config - INFO - Clic en radio de fila 3
2025-10-25 00:43:22,471 - config - INFO - Registro actualizado correctamente
2025-10-25 00:43:22,471 - config - INFO - Registro actualizado.
2025-10-25 00:43:23,279 - config - INFO - Intentando ir a la página 67...
2025-10-25 00:44:32,122 - config - INFO - Página 67 abierta correctamente.
2025-10-25 00:44:36,162 - config - INFO - Fila 4 - color: rgb(45, 172, 49)
2025-10-25 00:44:36,216 - config - INFO - Clic en radio de fila 4
2025-10-25 00:44:40,410 - config - INFO - Registro actualizado correctamente
2025-10-25 00:44:40,411 - config - INFO - Registro actualizado.
2025-10-25 00:44:41,277 - config - INFO - Intentando ir a la página 67...
2025-10-25 00:45:50,124 - config - INFO - Página 67 abierta correctamente.
2025-10-25 00:45:54,165 - config - INFO - Fila 5 - color: rgb(45, 172, 49)
2025-10-25 00:45:54,198 - config - INFO - Clic en radio de fila 5
2025-10-25 00:45:58,383 - config - INFO - Registro actualizado correctamente
2025-10-25 00:45:58,383 - config - INFO - Registro actualizado.
2025-10-25 00:45:59,408 - config - INFO - Intentando ir a la página 67...
2025-10-25 00:47:08,624 - config - INFO - Página 67 abierta correctamente.
2025-10-25 00:47:12,656 - config - INFO - Fila 6 - color: rgb(45, 172, 49)
2025-10-25 00:47:12,705 - config - INFO - Clic en radio de fila 6
2025-10-25 00:47:16,880 - config - INFO - Registro actualizado correctamente
2025-10-25 00:47:16,881 - config - INFO - Registro actualizado.
2025-10-25 00:47:17,606 - config - INFO - Intentando ir a la página 67...
2025-10-25 00:48:26,314 - config - INFO - Página 67 abierta correctamente.
2025-10-25 00:48:30,345 - config - INFO - Fila 7 - color: rgb(45, 172, 49)
2025-10-25 00:48:30,388 - config - INFO - Clic en radio de fila 7
2025-10-25 00:48:34,570 - config - INFO - Registro actualizado correctamente
2025-10-25 00:48:34,570 - config - INFO - Registro actualizado.
2025-10-25 00:48:35,395 - config - INFO - Intentando ir a la página 67...
2025-10-25 00:49:44,165 - config - INFO - Página 67 abierta correctamente.
2025-10-25 00:49:48,200 - config - INFO - Fila 8 - color: rgb(45, 172, 49)
2025-10-25 00:49:48,240 - config - INFO - Clic en radio de fila 8
2025-10-25 00:49:52,424 - config - INFO - Registro actualizado correctamente
2025-10-25 00:49:52,425 - config - INFO - Registro actualizado.
2025-10-25 00:49:53,153 - config - INFO - Intentando ir a la página 67...
2025-10-25 00:51:02,070 - config - INFO - Página 67 abierta correctamente.
2025-10-25 00:51:06,096 - config - INFO - Fila 9 - color: rgb(45, 172, 49)
2025-10-25 00:51:06,128 - config - INFO - Clic en radio de fila 9
2025-10-25 00:51:10,324 - config - INFO - Registro actualizado correctamente
2025-10-25 00:51:10,324 - config - INFO - Registro actualizado.
2025-10-25 00:51:11,348 - config - INFO - Intentando ir a la página 67...
2025-10-25 00:52:20,105 - config - INFO - Página 67 abierta correctamente.
2025-10-25 00:52:24,135 - config - INFO - Fila 10 - color: rgb(45, 172, 49)
2025-10-25 00:52:24,177 - config - INFO - Clic en radio de fila 10
2025-10-25 00:52:28,358 - config - INFO - Registro actualizado correctamente
2025-10-25 00:52:28,359 - config - INFO - Registro actualizado.
2025-10-25 00:52:29,363 - config - INFO - Intentando ir a la página 67...
2025-10-25 00:53:38,529 - config - INFO - Página 67 abierta correctamente.
2025-10-25 00:53:45,629 - config - INFO - Total de filas encontradas: 10
2025-10-25 00:53:47,669 - config - INFO - Fila 1 - color: rgb(45, 172, 49)
2025-10-25 00:53:47,741 - config - INFO - Clic en radio de fila 1
2025-10-25 00:53:51,990 - config - INFO - Registro actualizado correctamente
2025-10-25 00:53:51,991 - config - INFO - Registro actualizado.
2025-10-25 00:53:52,827 - config - INFO - Intentando ir a la página 68...
2025-10-25 00:55:02,891 - config - INFO - Página 68 abierta correctamente.
2025-10-25 00:55:06,927 - config - INFO - Fila 2 - color: rgb(45, 172, 49)
2025-10-25 00:55:06,962 - config - INFO - Clic en radio de fila 2
2025-10-25 00:55:11,608 - config - INFO - Registro actualizado correctamente
2025-10-25 00:55:11,608 - config - INFO - Registro actualizado.
2025-10-25 00:55:12,700 - config - INFO - Intentando ir a la página 68...
2025-10-25 00:56:22,610 - config - INFO - Página 68 abierta correctamente.
2025-10-25 00:56:26,635 - config - INFO - Fila 3 - color: rgb(45, 172, 49)
2025-10-25 00:56:26,663 - config - INFO - Clic en radio de fila 3
2025-10-25 00:56:30,828 - config - INFO - Registro actualizado correctamente
2025-10-25 00:56:30,828 - config - INFO - Registro actualizado.
2025-10-25 00:56:31,663 - config - INFO - Intentando ir a la página 68...
2025-10-25 00:57:41,558 - config - INFO - Página 68 abierta correctamente.
2025-10-25 00:57:45,602 - config - INFO - Fila 4 - color: rgb(45, 172, 49)
2025-10-25 00:57:45,631 - config - INFO - Clic en radio de fila 4
2025-10-25 00:57:49,813 - config - INFO - Registro actualizado correctamente
2025-10-25 00:57:49,813 - config - INFO - Registro actualizado.
2025-10-25 00:57:50,689 - config - INFO - Intentando ir a la página 68...
2025-10-25 00:59:00,598 - config - INFO - Página 68 abierta correctamente.
2025-10-25 00:59:04,623 - config - INFO - Fila 5 - color: rgb(45, 172, 49)
2025-10-25 00:59:04,658 - config - INFO - Clic en radio de fila 5
2025-10-25 00:59:08,832 - config - INFO - Registro actualizado correctamente
2025-10-25 00:59:08,832 - config - INFO - Registro actualizado.
2025-10-25 00:59:09,618 - config - INFO - Intentando ir a la página 68...
2025-10-25 01:00:19,913 - config - INFO - Página 68 abierta correctamente.
2025-10-25 01:00:23,949 - config - INFO - Fila 6 - color: rgb(45, 172, 49)
2025-10-25 01:00:23,988 - config - INFO - Clic en radio de fila 6
2025-10-25 01:00:28,151 - config - INFO - Registro actualizado correctamente
2025-10-25 01:00:28,151 - config - INFO - Registro actualizado.
2025-10-25 01:00:29,048 - config - INFO - Intentando ir a la página 68...
2025-10-25 01:01:38,865 - config - INFO - Página 68 abierta correctamente.
2025-10-25 01:01:42,903 - config - INFO - Fila 7 - color: rgb(45, 172, 49)
2025-10-25 01:01:42,939 - config - INFO - Clic en radio de fila 7
2025-10-25 01:01:47,055 - config - INFO - Registro actualizado correctamente
2025-10-25 01:01:47,055 - config - INFO - Registro actualizado.
2025-10-25 01:01:47,889 - config - INFO - Intentando ir a la página 68...
2025-10-25 01:02:57,837 - config - INFO - Página 68 abierta correctamente.
2025-10-25 01:03:01,859 - config - INFO - Fila 8 - color: rgb(45, 172, 49)
2025-10-25 01:03:01,891 - config - INFO - Clic en radio de fila 8
2025-10-25 01:03:06,070 - config - INFO - Registro actualizado correctamente
2025-10-25 01:03:06,070 - config - INFO - Registro actualizado.
2025-10-25 01:03:06,993 - config - INFO - Intentando ir a la página 68...
2025-10-25 01:04:17,106 - config - INFO - Página 68 abierta correctamente.
2025-10-25 01:04:21,138 - config - INFO - Fila 9 - color: rgb(45, 172, 49)
2025-10-25 01:04:21,178 - config - INFO - Clic en radio de fila 9
2025-10-25 01:04:25,358 - config - INFO - Registro actualizado correctamente
2025-10-25 01:04:25,358 - config - INFO - Registro actualizado.
2025-10-25 01:04:26,234 - config - INFO - Intentando ir a la página 68...
2025-10-25 01:05:36,139 - config - INFO - Página 68 abierta correctamente.
2025-10-25 01:05:40,162 - config - INFO - Fila 10 - color: rgb(45, 172, 49)
2025-10-25 01:05:40,194 - config - INFO - Clic en radio de fila 10
2025-10-25 01:05:44,377 - config - INFO - Registro actualizado correctamente
2025-10-25 01:05:44,377 - config - INFO - Registro actualizado.
2025-10-25 01:05:45,275 - config - INFO - Intentando ir a la página 68...
2025-10-25 01:06:55,110 - config - INFO - Página 68 abierta correctamente.
2025-10-25 01:07:02,202 - config - INFO - Total de filas encontradas: 10
2025-10-25 01:07:04,231 - config - INFO - Fila 1 - color: rgb(45, 172, 49)
2025-10-25 01:07:04,315 - config - INFO - Clic en radio de fila 1
2025-10-25 01:07:08,492 - config - INFO - Registro actualizado correctamente
2025-10-25 01:07:08,492 - config - INFO - Registro actualizado.
2025-10-25 01:07:09,284 - config - INFO - Intentando ir a la página 69...
2025-10-25 01:08:20,371 - config - INFO - Página 69 abierta correctamente.
2025-10-25 01:08:24,409 - config - INFO - Fila 2 - color: rgb(45, 172, 49)
2025-10-25 01:08:24,445 - config - INFO - Clic en radio de fila 2
2025-10-25 01:08:28,626 - config - INFO - Registro actualizado correctamente
2025-10-25 01:08:28,626 - config - INFO - Registro actualizado.
2025-10-25 01:08:29,421 - config - INFO - Intentando ir a la página 69...
2025-10-25 01:09:40,257 - config - INFO - Página 69 abierta correctamente.
2025-10-25 01:09:44,299 - config - INFO - Fila 3 - color: rgb(45, 172, 49)
2025-10-25 01:09:44,328 - config - INFO - Clic en radio de fila 3
2025-10-25 01:09:48,510 - config - INFO - Registro actualizado correctamente
2025-10-25 01:09:48,511 - config - INFO - Registro actualizado.
2025-10-25 01:09:49,293 - config - INFO - Intentando ir a la página 69...
2025-10-25 01:11:00,377 - config - INFO - Página 69 abierta correctamente.
2025-10-25 01:11:04,421 - config - INFO - Fila 4 - color: rgb(45, 172, 49)
2025-10-25 01:11:04,464 - config - INFO - Clic en radio de fila 4
2025-10-25 01:11:08,646 - config - INFO - Registro actualizado correctamente
2025-10-25 01:11:08,646 - config - INFO - Registro actualizado.
2025-10-25 01:11:09,419 - config - INFO - Intentando ir a la página 69...
2025-10-25 01:12:20,296 - config - INFO - Página 69 abierta correctamente.
2025-10-25 01:12:24,336 - config - INFO - Fila 5 - color: rgb(45, 172, 49)
2025-10-25 01:12:24,381 - config - INFO - Clic en radio de fila 5
2025-10-25 01:12:28,583 - config - INFO - Registro actualizado correctamente
2025-10-25 01:12:28,583 - config - INFO - Registro actualizado.
2025-10-25 01:12:29,394 - config - INFO - Intentando ir a la página 69...
2025-10-25 01:13:40,381 - config - INFO - Página 69 abierta correctamente.
2025-10-25 01:13:44,406 - config - INFO - Fila 6 - color: rgb(45, 172, 49)
2025-10-25 01:13:44,449 - config - INFO - Clic en radio de fila 6
2025-10-25 01:13:48,619 - config - INFO - Registro actualizado correctamente
2025-10-25 01:13:48,619 - config - INFO - Registro actualizado.
2025-10-25 01:13:49,438 - config - INFO - Intentando ir a la página 69...
2025-10-25 01:15:00,347 - config - INFO - Página 69 abierta correctamente.
2025-10-25 01:15:04,388 - config - INFO - Fila 7 - color: rgb(45, 172, 49)
2025-10-25 01:15:04,415 - config - INFO - Clic en radio de fila 7
2025-10-25 01:15:08,564 - config - INFO - Registro actualizado correctamente
2025-10-25 01:15:08,564 - config - INFO - Registro actualizado.
2025-10-25 01:15:09,517 - config - INFO - Intentando ir a la página 69...
2025-10-25 01:16:20,517 - config - INFO - Página 69 abierta correctamente.
2025-10-25 01:16:24,538 - config - INFO - Fila 8 - color: rgb(45, 172, 49)
2025-10-25 01:16:24,571 - config - INFO - Clic en radio de fila 8
2025-10-25 01:16:28,732 - config - INFO - Registro actualizado correctamente
2025-10-25 01:16:28,732 - config - INFO - Registro actualizado.
2025-10-25 01:16:29,538 - config - INFO - Intentando ir a la página 69...
2025-10-25 01:17:40,482 - config - INFO - Página 69 abierta correctamente.
2025-10-25 01:17:44,527 - config - INFO - Fila 9 - color: rgb(45, 172, 49)
2025-10-25 01:17:44,571 - config - INFO - Clic en radio de fila 9
2025-10-25 01:17:48,751 - config - INFO - Registro actualizado correctamente
2025-10-25 01:17:48,751 - config - INFO - Registro actualizado.
2025-10-25 01:17:49,653 - config - INFO - Intentando ir a la página 69...
2025-10-25 01:19:00,585 - config - INFO - Página 69 abierta correctamente.
2025-10-25 01:19:04,616 - config - INFO - Fila 10 - color: rgb(45, 172, 49)
2025-10-25 01:19:04,656 - config - INFO - Clic en radio de fila 10
2025-10-25 01:19:08,832 - config - INFO - Registro actualizado correctamente
2025-10-25 01:19:08,832 - config - INFO - Registro actualizado.
2025-10-25 01:19:09,609 - config - INFO - Intentando ir a la página 69...
2025-10-25 01:20:20,516 - config - INFO - Página 69 abierta correctamente.
2025-10-25 01:20:27,609 - config - INFO - Total de filas encontradas: 10
2025-10-25 01:20:29,634 - config - INFO - Fila 1 - color: rgb(45, 172, 49)
2025-10-25 01:20:29,700 - config - INFO - Clic en radio de fila 1
2025-10-25 01:20:33,898 - config - INFO - Registro actualizado correctamente
2025-10-25 01:20:33,898 - config - INFO - Registro actualizado.
2025-10-25 01:20:34,759 - config - INFO - Intentando ir a la página 70...
2025-10-25 01:21:46,697 - config - INFO - Página 70 abierta correctamente.
2025-10-25 01:21:50,735 - config - INFO - Fila 2 - color: rgb(45, 172, 49)
2025-10-25 01:21:50,770 - config - INFO - Clic en radio de fila 2
2025-10-25 01:21:54,883 - config - INFO - Registro actualizado correctamente
2025-10-25 01:21:54,884 - config - INFO - Registro actualizado.
2025-10-25 01:21:56,018 - config - INFO - Intentando ir a la página 70...
2025-10-25 01:23:07,964 - config - INFO - Página 70 abierta correctamente.
2025-10-25 01:23:11,991 - config - INFO - Fila 3 - color: rgb(45, 172, 49)
2025-10-25 01:23:12,019 - config - INFO - Clic en radio de fila 3
2025-10-25 01:23:16,184 - config - INFO - Registro actualizado correctamente
2025-10-25 01:23:16,184 - config - INFO - Registro actualizado.
2025-10-25 01:23:17,081 - config - INFO - Intentando ir a la página 70...
2025-10-25 01:24:29,097 - config - INFO - Página 70 abierta correctamente.
2025-10-25 01:24:33,135 - config - INFO - Fila 4 - color: rgb(45, 172, 49)
2025-10-25 01:24:33,172 - config - INFO - Clic en radio de fila 4
2025-10-25 01:24:37,333 - config - INFO - Registro actualizado correctamente
2025-10-25 01:24:37,334 - config - INFO - Registro actualizado.
2025-10-25 01:24:38,254 - config - INFO - Intentando ir a la página 70...
2025-10-25 01:25:50,312 - config - INFO - Página 70 abierta correctamente.
2025-10-25 01:25:54,339 - config - INFO - Fila 5 - color: rgb(45, 172, 49)
2025-10-25 01:25:54,372 - config - INFO - Clic en radio de fila 5
2025-10-25 01:25:58,464 - config - INFO - Registro actualizado correctamente
2025-10-25 01:25:58,464 - config - INFO - Registro actualizado.
2025-10-25 01:25:59,904 - config - INFO - Intentando ir a la página 70...
2025-10-25 01:27:11,847 - config - INFO - Página 70 abierta correctamente.
2025-10-25 01:27:15,884 - config - INFO - Fila 6 - color: rgb(45, 172, 49)
2025-10-25 01:27:15,927 - config - INFO - Clic en radio de fila 6
2025-10-25 01:27:20,099 - config - INFO - Registro actualizado correctamente
2025-10-25 01:27:20,099 - config - INFO - Registro actualizado.
2025-10-25 01:27:20,943 - config - INFO - Intentando ir a la página 70...
2025-10-25 01:28:33,895 - config - INFO - Página 70 abierta correctamente.
2025-10-25 01:28:37,921 - config - INFO - Fila 7 - color: rgb(45, 172, 49)
2025-10-25 01:28:37,954 - config - INFO - Clic en radio de fila 7
2025-10-25 01:28:42,099 - config - INFO - Registro actualizado correctamente
2025-10-25 01:28:42,099 - config - INFO - Registro actualizado.
2025-10-25 01:28:42,510 - config - INFO - Intentando ir a la página 70...
2025-10-25 01:29:54,547 - config - INFO - Página 70 abierta correctamente.
2025-10-25 01:29:58,573 - config - INFO - Fila 8 - color: rgb(45, 172, 49)
2025-10-25 01:29:58,611 - config - INFO - Clic en radio de fila 8
2025-10-25 01:30:02,698 - config - INFO - Registro actualizado correctamente
2025-10-25 01:30:02,699 - config - INFO - Registro actualizado.
2025-10-25 01:30:04,416 - config - INFO - Intentando ir a la página 70...
2025-10-25 01:31:16,297 - config - INFO - Página 70 abierta correctamente.
2025-10-25 01:31:20,337 - config - INFO - Fila 9 - color: rgb(45, 172, 49)
2025-10-25 01:31:20,370 - config - INFO - Clic en radio de fila 9
2025-10-25 01:31:24,533 - config - INFO - Registro actualizado correctamente
2025-10-25 01:31:24,533 - config - INFO - Registro actualizado.
2025-10-25 01:31:25,711 - config - INFO - Intentando ir a la página 70...
2025-10-25 01:32:38,047 - config - INFO - Página 70 abierta correctamente.
2025-10-25 01:32:42,073 - config - INFO - Fila 10 - color: rgb(45, 172, 49)
2025-10-25 01:32:42,118 - config - INFO - Clic en radio de fila 10
2025-10-25 01:32:46,283 - config - INFO - Registro actualizado correctamente
2025-10-25 01:32:46,284 - config - INFO - Registro actualizado.
2025-10-25 01:32:47,212 - config - INFO - Intentando ir a la página 70...
2025-10-25 01:33:59,614 - config - INFO - Página 70 abierta correctamente.
2025-10-25 01:34:06,710 - config - INFO - Total de filas encontradas: 10
2025-10-25 01:34:08,736 - config - INFO - Fila 1 - color: rgb(45, 172, 49)
2025-10-25 01:34:08,822 - config - INFO - Clic en radio de fila 1
2025-10-25 01:34:12,993 - config - INFO - Registro actualizado correctamente
2025-10-25 01:34:12,993 - config - INFO - Registro actualizado.
2025-10-25 01:34:14,008 - config - INFO - Intentando ir a la página 71...
2025-10-25 01:35:27,159 - config - INFO - Página 71 abierta correctamente.
2025-10-25 01:35:31,184 - config - INFO - Fila 2 - color: rgb(45, 172, 49)
2025-10-25 01:35:31,219 - config - INFO - Clic en radio de fila 2
2025-10-25 01:35:35,361 - config - INFO - Registro actualizado correctamente
2025-10-25 01:35:35,361 - config - INFO - Registro actualizado.
2025-10-25 01:35:36,832 - config - INFO - Intentando ir a la página 71...
2025-10-25 01:36:49,905 - config - INFO - Página 71 abierta correctamente.
2025-10-25 01:36:53,939 - config - INFO - Fila 3 - color: rgb(45, 172, 49)
2025-10-25 01:36:53,983 - config - INFO - Clic en radio de fila 3
2025-10-25 01:36:58,162 - config - INFO - Registro actualizado correctamente
2025-10-25 01:36:58,162 - config - INFO - Registro actualizado.
2025-10-25 01:36:59,101 - config - INFO - Intentando ir a la página 71...
2025-10-25 01:38:12,105 - config - INFO - Página 71 abierta correctamente.
2025-10-25 01:38:16,133 - config - INFO - Fila 4 - color: rgb(45, 172, 49)
2025-10-25 01:38:16,163 - config - INFO - Clic en radio de fila 4
2025-10-25 01:38:20,326 - config - INFO - Registro actualizado correctamente
2025-10-25 01:38:20,326 - config - INFO - Registro actualizado.
2025-10-25 01:38:21,159 - config - INFO - Intentando ir a la página 71...
2025-10-25 01:39:34,374 - config - INFO - Página 71 abierta correctamente.
2025-10-25 01:39:38,400 - config - INFO - Fila 5 - color: rgb(45, 172, 49)
2025-10-25 01:39:38,429 - config - INFO - Clic en radio de fila 5
2025-10-25 01:39:42,627 - config - INFO - Registro actualizado correctamente
2025-10-25 01:39:42,627 - config - INFO - Registro actualizado.
2025-10-25 01:39:43,515 - config - INFO - Intentando ir a la página 71...
2025-10-25 01:40:56,690 - config - INFO - Página 71 abierta correctamente.
2025-10-25 01:41:00,716 - config - INFO - Fila 6 - color: rgb(45, 172, 49)
2025-10-25 01:41:00,747 - config - INFO - Clic en radio de fila 6
2025-10-25 01:41:04,907 - config - INFO - Registro actualizado correctamente
2025-10-25 01:41:04,908 - config - INFO - Registro actualizado.
2025-10-25 01:41:05,926 - config - INFO - Intentando ir a la página 71...
2025-10-25 01:42:18,891 - config - INFO - Página 71 abierta correctamente.
2025-10-25 01:42:22,925 - config - INFO - Fila 7 - color: rgb(45, 172, 49)
2025-10-25 01:42:22,963 - config - INFO - Clic en radio de fila 7
2025-10-25 01:42:27,142 - config - INFO - Registro actualizado correctamente
2025-10-25 01:42:27,142 - config - INFO - Registro actualizado.
2025-10-25 01:42:27,919 - config - INFO - Intentando ir a la página 71...
2025-10-25 01:43:41,036 - config - INFO - Página 71 abierta correctamente.
2025-10-25 01:43:45,056 - config - INFO - Fila 8 - color: rgb(45, 172, 49)
2025-10-25 01:43:45,093 - config - INFO - Clic en radio de fila 8
2025-10-25 01:43:49,240 - config - INFO - Registro actualizado correctamente
2025-10-25 01:43:49,240 - config - INFO - Registro actualizado.
2025-10-25 01:43:50,110 - config - INFO - Intentando ir a la página 71...
2025-10-25 01:45:03,405 - config - INFO - Página 71 abierta correctamente.
2025-10-25 01:45:07,441 - config - INFO - Fila 9 - color: rgb(45, 172, 49)
2025-10-25 01:45:07,476 - config - INFO - Clic en radio de fila 9
2025-10-25 01:45:11,621 - config - INFO - Registro actualizado correctamente
2025-10-25 01:45:11,621 - config - INFO - Registro actualizado.
2025-10-25 01:45:12,681 - config - INFO - Intentando ir a la página 71...
2025-10-25 01:46:25,672 - config - INFO - Página 71 abierta correctamente.
2025-10-25 01:46:29,696 - config - INFO - Fila 10 - color: rgb(45, 172, 49)
2025-10-25 01:46:29,732 - config - INFO - Clic en radio de fila 10
2025-10-25 01:46:33,923 - config - INFO - Registro actualizado correctamente
2025-10-25 01:46:33,923 - config - INFO - Registro actualizado.
2025-10-25 01:46:34,320 - config - INFO - Intentando ir a la página 71...
2025-10-25 01:47:47,472 - config - INFO - Página 71 abierta correctamente.
2025-10-25 01:47:54,575 - config - INFO - Total de filas encontradas: 10
2025-10-25 01:47:56,601 - config - INFO - Fila 1 - color: rgb(45, 172, 49)
2025-10-25 01:47:56,678 - config - INFO - Clic en radio de fila 1
2025-10-25 01:48:00,901 - config - INFO - Registro actualizado correctamente
2025-10-25 01:48:00,901 - config - INFO - Registro actualizado.
2025-10-25 01:48:03,234 - config - INFO - Intentando ir a la página 72...
2025-10-25 01:49:17,261 - config - INFO - Página 72 abierta correctamente.
2025-10-25 01:49:21,297 - config - INFO - Fila 2 - color: rgb(45, 172, 49)
2025-10-25 01:49:21,335 - config - INFO - Clic en radio de fila 2
2025-10-25 01:49:25,500 - config - INFO - Registro actualizado correctamente
2025-10-25 01:49:25,500 - config - INFO - Registro actualizado.
2025-10-25 01:49:26,282 - config - INFO - Intentando ir a la página 72...
2025-10-25 01:50:40,414 - config - INFO - Página 72 abierta correctamente.
2025-10-25 01:50:44,448 - config - INFO - Fila 3 - color: rgb(45, 172, 49)
2025-10-25 01:50:44,484 - config - INFO - Clic en radio de fila 3
2025-10-25 01:50:48,663 - config - INFO - Registro actualizado correctamente
2025-10-25 01:50:48,664 - config - INFO - Registro actualizado.
2025-10-25 01:50:49,583 - config - INFO - Intentando ir a la página 72...
2025-10-25 01:52:03,931 - config - INFO - Página 72 abierta correctamente.
2025-10-25 01:52:07,960 - config - INFO - Fila 4 - color: rgb(45, 172, 49)
2025-10-25 01:52:08,001 - config - INFO - Clic en radio de fila 4
2025-10-25 01:52:12,113 - config - INFO - Registro actualizado correctamente
2025-10-25 01:52:12,113 - config - INFO - Registro actualizado.
2025-10-25 01:52:12,933 - config - INFO - Intentando ir a la página 72...
2025-10-25 01:53:27,130 - config - INFO - Página 72 abierta correctamente.
2025-10-25 01:53:31,159 - config - INFO - Fila 5 - color: rgb(45, 172, 49)
2025-10-25 01:53:31,197 - config - INFO - Clic en radio de fila 5
2025-10-25 01:53:35,368 - config - INFO - Registro actualizado correctamente
2025-10-25 01:53:35,369 - config - INFO - Registro actualizado.
2025-10-25 01:53:36,126 - config - INFO - Intentando ir a la página 72...
2025-10-25 01:54:50,342 - config - INFO - Página 72 abierta correctamente.
2025-10-25 01:54:54,380 - config - INFO - Fila 6 - color: rgb(45, 172, 49)
2025-10-25 01:54:54,413 - config - INFO - Clic en radio de fila 6
2025-10-25 01:54:58,578 - config - INFO - Registro actualizado correctamente
2025-10-25 01:54:58,578 - config - INFO - Registro actualizado.
2025-10-25 01:54:59,372 - config - INFO - Intentando ir a la página 72...
2025-10-25 01:56:13,387 - config - INFO - Página 72 abierta correctamente.
2025-10-25 01:56:17,425 - config - INFO - Fila 7 - color: rgb(45, 172, 49)
2025-10-25 01:56:17,463 - config - INFO - Clic en radio de fila 7
2025-10-25 01:56:21,610 - config - INFO - Registro actualizado correctamente
2025-10-25 01:56:21,610 - config - INFO - Registro actualizado.
2025-10-25 01:56:22,585 - config - INFO - Intentando ir a la página 72...
2025-10-25 01:57:36,737 - config - INFO - Página 72 abierta correctamente.
2025-10-25 01:57:40,771 - config - INFO - Fila 8 - color: rgb(45, 172, 49)
2025-10-25 01:57:40,810 - config - INFO - Clic en radio de fila 8
2025-10-25 01:57:44,959 - config - INFO - Registro actualizado correctamente
2025-10-25 01:57:44,959 - config - INFO - Registro actualizado.
2025-10-25 01:57:45,914 - config - INFO - Intentando ir a la página 72...
2025-10-25 01:59:00,025 - config - INFO - Página 72 abierta correctamente.
2025-10-25 01:59:04,058 - config - INFO - Fila 9 - color: rgb(45, 172, 49)
2025-10-25 01:59:04,093 - config - INFO - Clic en radio de fila 9
2025-10-25 01:59:08,253 - config - INFO - Registro actualizado correctamente
2025-10-25 01:59:08,254 - config - INFO - Registro actualizado.
2025-10-25 01:59:09,017 - config - INFO - Intentando ir a la página 72...
2025-10-25 02:00:23,183 - config - INFO - Página 72 abierta correctamente.
2025-10-25 02:00:27,227 - config - INFO - Fila 10 - color: rgb(45, 172, 49)
2025-10-25 02:00:27,278 - config - INFO - Clic en radio de fila 10
2025-10-25 02:00:31,456 - config - INFO - Registro actualizado correctamente
2025-10-25 02:00:31,456 - config - INFO - Registro actualizado.
2025-10-25 02:00:32,426 - config - INFO - Intentando ir a la página 72...
2025-10-25 02:01:46,767 - config - INFO - Página 72 abierta correctamente.
2025-10-25 02:01:53,843 - config - INFO - Total de filas encontradas: 10
2025-10-25 02:01:55,867 - config - INFO - Fila 1 - color: rgb(45, 172, 49)
2025-10-25 02:01:55,935 - config - INFO - Clic en radio de fila 1
2025-10-25 02:02:00,113 - config - INFO - Registro actualizado correctamente
2025-10-25 02:02:00,113 - config - INFO - Registro actualizado.
2025-10-25 02:02:01,032 - config - INFO - Intentando ir a la página 73...
2025-10-25 02:03:16,244 - config - INFO - Página 73 abierta correctamente.
2025-10-25 02:03:20,279 - config - INFO - Fila 2 - color: rgb(45, 172, 49)
2025-10-25 02:03:20,317 - config - INFO - Clic en radio de fila 2
2025-10-25 02:03:24,502 - config - INFO - Registro actualizado correctamente
2025-10-25 02:03:24,502 - config - INFO - Registro actualizado.
2025-10-25 02:03:25,328 - config - INFO - Intentando ir a la página 73...
2025-10-25 02:04:40,542 - config - INFO - Página 73 abierta correctamente.
2025-10-25 02:04:44,582 - config - INFO - Fila 3 - color: rgb(45, 172, 49)
2025-10-25 02:04:44,614 - config - INFO - Clic en radio de fila 3
2025-10-25 02:04:48,795 - config - INFO - Registro actualizado correctamente
2025-10-25 02:04:48,796 - config - INFO - Registro actualizado.
2025-10-25 02:04:49,570 - config - INFO - Intentando ir a la página 73...
2025-10-25 02:06:05,040 - config - INFO - Página 73 abierta correctamente.
2025-10-25 02:06:09,077 - config - INFO - Fila 4 - color: rgb(45, 172, 49)
2025-10-25 02:06:09,111 - config - INFO - Clic en radio de fila 4
2025-10-25 02:06:13,293 - config - INFO - Registro actualizado correctamente
2025-10-25 02:06:13,293 - config - INFO - Registro actualizado.
2025-10-25 02:06:14,264 - config - INFO - Intentando ir a la página 73...
2025-10-25 02:07:29,654 - config - INFO - Página 73 abierta correctamente.
2025-10-25 02:07:33,680 - config - INFO - Fila 5 - color: rgb(45, 172, 49)
2025-10-25 02:07:33,728 - config - INFO - Clic en radio de fila 5
2025-10-25 02:07:37,906 - config - INFO - Registro actualizado correctamente
2025-10-25 02:07:37,906 - config - INFO - Registro actualizado.
2025-10-25 02:07:38,706 - config - INFO - Intentando ir a la página 73...
2025-10-25 02:08:54,118 - config - INFO - Página 73 abierta correctamente.
2025-10-25 02:08:58,156 - config - INFO - Fila 6 - color: rgb(45, 172, 49)
2025-10-25 02:08:58,189 - config - INFO - Clic en radio de fila 6
2025-10-25 02:09:02,369 - config - INFO - Registro actualizado correctamente
2025-10-25 02:09:02,369 - config - INFO - Registro actualizado.
2025-10-25 02:09:03,216 - config - INFO - Intentando ir a la página 73...
2025-10-25 02:10:18,883 - config - INFO - Página 73 abierta correctamente.
2025-10-25 02:10:22,911 - config - INFO - Fila 7 - color: rgb(45, 172, 49)
2025-10-25 02:10:22,959 - config - INFO - Clic en radio de fila 7
2025-10-25 02:10:27,135 - config - INFO - Registro actualizado correctamente
2025-10-25 02:10:27,136 - config - INFO - Registro actualizado.
2025-10-25 02:10:28,299 - config - INFO - Intentando ir a la página 73...
2025-10-25 02:11:44,843 - config - INFO - Página 73 abierta correctamente.
2025-10-25 02:11:48,882 - config - INFO - Fila 8 - color: rgb(45, 172, 49)
2025-10-25 02:11:48,916 - config - INFO - Clic en radio de fila 8
2025-10-25 02:11:53,081 - config - INFO - Registro actualizado correctamente
2025-10-25 02:11:53,081 - config - INFO - Registro actualizado.
2025-10-25 02:11:54,030 - config - INFO - Intentando ir a la página 73...
2025-10-25 02:13:09,264 - config - INFO - Página 73 abierta correctamente.
2025-10-25 02:13:13,305 - config - INFO - Fila 9 - color: rgb(45, 172, 49)
2025-10-25 02:13:13,349 - config - INFO - Clic en radio de fila 9
2025-10-25 02:13:17,545 - config - INFO - Registro actualizado correctamente
2025-10-25 02:13:17,545 - config - INFO - Registro actualizado.
2025-10-25 02:13:18,395 - config - INFO - Intentando ir a la página 73...
2025-10-25 02:14:33,694 - config - INFO - Página 73 abierta correctamente.
2025-10-25 02:14:37,712 - config - INFO - Fila 10 - color: rgb(45, 172, 49)
2025-10-25 02:14:37,746 - config - INFO - Clic en radio de fila 10
2025-10-25 02:14:41,943 - config - INFO - Registro actualizado correctamente
2025-10-25 02:14:41,944 - config - INFO - Registro actualizado.
2025-10-25 02:14:42,870 - config - INFO - Intentando ir a la página 73...
2025-10-25 02:15:58,484 - config - INFO - Página 73 abierta correctamente.
2025-10-25 02:16:05,577 - config - INFO - Total de filas encontradas: 10
2025-10-25 02:16:07,599 - config - INFO - Fila 1 - color: rgb(45, 172, 49)
2025-10-25 02:16:07,638 - config - INFO - Clic en radio de fila 1
2025-10-25 02:16:11,801 - config - INFO - Registro actualizado correctamente
2025-10-25 02:16:11,802 - config - INFO - Registro actualizado.
2025-10-25 02:16:12,847 - config - INFO - Intentando ir a la página 74...
2025-10-25 02:17:29,147 - config - INFO - Página 74 abierta correctamente.
2025-10-25 02:17:33,179 - config - INFO - Fila 2 - color: rgb(45, 172, 49)
2025-10-25 02:17:33,219 - config - INFO - Clic en radio de fila 2
2025-10-25 02:17:37,382 - config - INFO - Registro actualizado correctamente
2025-10-25 02:17:37,382 - config - INFO - Registro actualizado.
2025-10-25 02:17:38,175 - config - INFO - Intentando ir a la página 74...
2025-10-25 02:18:54,479 - config - INFO - Página 74 abierta correctamente.
2025-10-25 02:18:58,512 - config - INFO - Fila 3 - color: rgb(45, 172, 49)
2025-10-25 02:18:58,548 - config - INFO - Clic en radio de fila 3
2025-10-25 02:19:02,731 - config - INFO - Registro actualizado correctamente
2025-10-25 02:19:02,732 - config - INFO - Registro actualizado.
2025-10-25 02:19:03,581 - config - INFO - Intentando ir a la página 74...
2025-10-25 02:20:19,821 - config - INFO - Página 74 abierta correctamente.
2025-10-25 02:20:23,857 - config - INFO - Fila 4 - color: rgb(45, 172, 49)
2025-10-25 02:20:23,895 - config - INFO - Clic en radio de fila 4
2025-10-25 02:20:28,081 - config - INFO - Registro actualizado correctamente
2025-10-25 02:20:28,081 - config - INFO - Registro actualizado.
2025-10-25 02:20:28,851 - config - INFO - Intentando ir a la página 74...
2025-10-25 02:21:45,636 - config - INFO - Página 74 abierta correctamente.
2025-10-25 02:21:49,663 - config - INFO - Fila 5 - color: rgb(45, 172, 49)
2025-10-25 02:21:49,691 - config - INFO - Clic en radio de fila 5
2025-10-25 02:21:53,857 - config - INFO - Registro actualizado correctamente
2025-10-25 02:21:53,858 - config - INFO - Registro actualizado.
2025-10-25 02:21:54,728 - config - INFO - Intentando ir a la página 74...
2025-10-25 02:23:11,534 - config - INFO - Página 74 abierta correctamente.
2025-10-25 02:23:15,563 - config - INFO - Fila 6 - color: rgb(45, 172, 49)
2025-10-25 02:23:15,604 - config - INFO - Clic en radio de fila 6
2025-10-25 02:23:19,769 - config - INFO - Registro actualizado correctamente
2025-10-25 02:23:19,769 - config - INFO - Registro actualizado.
2025-10-25 02:23:20,607 - config - INFO - Intentando ir a la página 74...
2025-10-25 02:24:36,914 - config - INFO - Página 74 abierta correctamente.
2025-10-25 02:24:40,956 - config - INFO - Fila 7 - color: rgb(45, 172, 49)
2025-10-25 02:24:41,003 - config - INFO - Clic en radio de fila 7
2025-10-25 02:24:45,171 - config - INFO - Registro actualizado correctamente
2025-10-25 02:24:45,171 - config - INFO - Registro actualizado.
2025-10-25 02:24:46,029 - config - INFO - Intentando ir a la página 74...
2025-10-25 02:26:02,674 - config - INFO - Página 74 abierta correctamente.
2025-10-25 02:26:06,710 - config - INFO - Fila 8 - color: rgb(45, 172, 49)
2025-10-25 02:26:06,747 - config - INFO - Clic en radio de fila 8
2025-10-25 02:26:10,928 - config - INFO - Registro actualizado correctamente
2025-10-25 02:26:10,928 - config - INFO - Registro actualizado.
2025-10-25 02:26:11,748 - config - INFO - Intentando ir a la página 74...
2025-10-25 02:27:27,902 - config - INFO - Página 74 abierta correctamente.
2025-10-25 02:27:31,936 - config - INFO - Fila 9 - color: rgb(45, 172, 49)
2025-10-25 02:27:31,977 - config - INFO - Clic en radio de fila 9
2025-10-25 02:27:36,161 - config - INFO - Registro actualizado correctamente
2025-10-25 02:27:36,161 - config - INFO - Registro actualizado.
2025-10-25 02:27:36,965 - config - INFO - Intentando ir a la página 74...
2025-10-25 02:28:53,286 - config - INFO - Página 74 abierta correctamente.
2025-10-25 02:28:57,311 - config - INFO - Fila 10 - color: rgb(45, 172, 49)
2025-10-25 02:28:57,347 - config - INFO - Clic en radio de fila 10
2025-10-25 02:29:01,523 - config - INFO - Registro actualizado correctamente
2025-10-25 02:29:01,523 - config - INFO - Registro actualizado.
2025-10-25 02:29:02,421 - config - INFO - Intentando ir a la página 74...
2025-10-25 02:30:18,602 - config - INFO - Página 74 abierta correctamente.
2025-10-25 02:30:25,689 - config - INFO - Total de filas encontradas: 10
2025-10-25 02:30:27,703 - config - INFO - Fila 1 - color: rgb(45, 172, 49)
2025-10-25 02:30:27,735 - config - INFO - Clic en radio de fila 1
2025-10-25 02:30:31,916 - config - INFO - Registro actualizado correctamente
2025-10-25 02:30:31,916 - config - INFO - Registro actualizado.
2025-10-25 02:30:32,750 - config - INFO - Intentando ir a la página 75...
2025-10-25 02:31:50,207 - config - INFO - Página 75 abierta correctamente.
2025-10-25 02:31:54,239 - config - INFO - Fila 2 - color: rgb(45, 172, 49)
2025-10-25 02:31:54,289 - config - INFO - Clic en radio de fila 2
2025-10-25 02:31:58,476 - config - INFO - Registro actualizado correctamente
2025-10-25 02:31:58,476 - config - INFO - Registro actualizado.
2025-10-25 02:31:59,352 - config - INFO - Intentando ir a la página 75...
2025-10-25 02:33:16,771 - config - INFO - Página 75 abierta correctamente.
2025-10-25 02:33:20,806 - config - INFO - Fila 3 - color: rgb(45, 172, 49)
2025-10-25 02:33:20,841 - config - INFO - Clic en radio de fila 3
2025-10-25 02:33:25,006 - config - INFO - Registro actualizado correctamente
2025-10-25 02:33:25,006 - config - INFO - Registro actualizado.
2025-10-25 02:33:26,017 - config - INFO - Intentando ir a la página 75...
2025-10-25 02:34:43,363 - config - INFO - Página 75 abierta correctamente.
2025-10-25 02:34:47,408 - config - INFO - Fila 4 - color: rgb(45, 172, 49)
2025-10-25 02:34:47,456 - config - INFO - Clic en radio de fila 4
2025-10-25 02:34:51,637 - config - INFO - Registro actualizado correctamente
2025-10-25 02:34:51,638 - config - INFO - Registro actualizado.
2025-10-25 02:34:52,454 - config - INFO - Intentando ir a la página 75...
2025-10-25 02:36:09,964 - config - INFO - Página 75 abierta correctamente.
2025-10-25 02:36:13,999 - config - INFO - Fila 5 - color: rgb(45, 172, 49)
2025-10-25 02:36:14,034 - config - INFO - Clic en radio de fila 5
2025-10-25 02:36:18,215 - config - INFO - Registro actualizado correctamente
2025-10-25 02:36:18,216 - config - INFO - Registro actualizado.
2025-10-25 02:36:19,018 - config - INFO - Intentando ir a la página 75...
2025-10-25 02:37:36,442 - config - INFO - Página 75 abierta correctamente.
2025-10-25 02:37:40,483 - config - INFO - Fila 6 - color: rgb(45, 172, 49)
2025-10-25 02:37:40,513 - config - INFO - Clic en radio de fila 6
2025-10-25 02:37:44,694 - config - INFO - Registro actualizado correctamente
2025-10-25 02:37:44,694 - config - INFO - Registro actualizado.
2025-10-25 02:37:45,625 - config - INFO - Intentando ir a la página 75...
2025-10-25 02:39:03,321 - config - INFO - Página 75 abierta correctamente.
2025-10-25 02:39:07,356 - config - INFO - Fila 7 - color: rgb(45, 172, 49)
2025-10-25 02:39:07,391 - config - INFO - Clic en radio de fila 7
2025-10-25 02:39:11,555 - config - INFO - Registro actualizado correctamente
2025-10-25 02:39:11,555 - config - INFO - Registro actualizado.
2025-10-25 02:39:12,379 - config - INFO - Intentando ir a la página 75...
2025-10-25 02:40:30,064 - config - INFO - Página 75 abierta correctamente.
2025-10-25 02:40:34,101 - config - INFO - Fila 8 - color: rgb(45, 172, 49)
2025-10-25 02:40:34,136 - config - INFO - Clic en radio de fila 8
2025-10-25 02:40:38,317 - config - INFO - Registro actualizado correctamente
2025-10-25 02:40:38,318 - config - INFO - Registro actualizado.
2025-10-25 02:40:39,121 - config - INFO - Intentando ir a la página 75...
2025-10-25 02:41:56,791 - config - INFO - Página 75 abierta correctamente.
2025-10-25 02:42:00,816 - config - INFO - Fila 9 - color: rgb(45, 172, 49)
2025-10-25 02:42:00,851 - config - INFO - Clic en radio de fila 9
2025-10-25 02:42:05,049 - config - INFO - Registro actualizado correctamente
2025-10-25 02:42:05,049 - config - INFO - Registro actualizado.
2025-10-25 02:42:06,028 - config - INFO - Intentando ir a la página 75...
2025-10-25 02:43:23,491 - config - INFO - Página 75 abierta correctamente.
2025-10-25 02:43:27,527 - config - INFO - Fila 10 - color: rgb(45, 172, 49)
2025-10-25 02:43:27,561 - config - INFO - Clic en radio de fila 10
2025-10-25 02:43:31,727 - config - INFO - Registro actualizado correctamente
2025-10-25 02:43:31,727 - config - INFO - Registro actualizado.
2025-10-25 02:43:32,557 - config - INFO - Intentando ir a la página 75...
2025-10-25 02:44:49,967 - config - INFO - Página 75 abierta correctamente.
2025-10-25 02:44:57,068 - config - INFO - Total de filas encontradas: 10
2025-10-25 02:44:59,099 - config - INFO - Fila 1 - color: rgb(45, 172, 49)
2025-10-25 02:44:59,137 - config - INFO - Clic en radio de fila 1
2025-10-25 02:45:03,302 - config - INFO - Registro actualizado correctamente
2025-10-25 02:45:03,302 - config - INFO - Registro actualizado.
2025-10-25 02:45:04,288 - config - INFO - Intentando ir a la página 76...
2025-10-25 02:46:22,694 - config - INFO - Página 76 abierta correctamente.
2025-10-25 02:46:26,721 - config - INFO - Fila 2 - color: rgb(45, 172, 49)
2025-10-25 02:46:26,768 - config - INFO - Clic en radio de fila 2
2025-10-25 02:46:30,880 - config - INFO - Registro actualizado correctamente
2025-10-25 02:46:30,880 - config - INFO - Registro actualizado.
2025-10-25 02:46:31,701 - config - INFO - Intentando ir a la página 76...
2025-10-25 02:47:50,106 - config - INFO - Página 76 abierta correctamente.
2025-10-25 02:47:54,152 - config - INFO - Fila 3 - color: rgb(45, 172, 49)
2025-10-25 02:47:54,195 - config - INFO - Clic en radio de fila 3
2025-10-25 02:47:58,358 - config - INFO - Registro actualizado correctamente
2025-10-25 02:47:58,358 - config - INFO - Registro actualizado.
2025-10-25 02:47:59,196 - config - INFO - Intentando ir a la página 76...
2025-10-25 02:49:17,567 - config - INFO - Página 76 abierta correctamente.
2025-10-25 02:49:21,603 - config - INFO - Fila 4 - color: rgb(45, 172, 49)
2025-10-25 02:49:21,638 - config - INFO - Clic en radio de fila 4
2025-10-25 02:49:25,821 - config - INFO - Registro actualizado correctamente
2025-10-25 02:49:25,822 - config - INFO - Registro actualizado.
2025-10-25 02:49:26,767 - config - INFO - Intentando ir a la página 76...
2025-10-25 02:50:45,510 - config - INFO - Página 76 abierta correctamente.
2025-10-25 02:50:49,537 - config - INFO - Fila 5 - color: rgb(45, 172, 49)
2025-10-25 02:50:49,586 - config - INFO - Clic en radio de fila 5
2025-10-25 02:50:53,764 - config - INFO - Registro actualizado correctamente
2025-10-25 02:50:53,765 - config - INFO - Registro actualizado.
2025-10-25 02:50:54,613 - config - INFO - Intentando ir a la página 76...
2025-10-25 02:52:13,121 - config - INFO - Página 76 abierta correctamente.
2025-10-25 02:52:17,140 - config - INFO - Fila 6 - color: rgb(45, 172, 49)
2025-10-25 02:52:17,178 - config - INFO - Clic en radio de fila 6
2025-10-25 02:52:21,360 - config - INFO - Registro actualizado correctamente
2025-10-25 02:52:21,360 - config - INFO - Registro actualizado.
2025-10-25 02:52:22,168 - config - INFO - Intentando ir a la página 76...
2025-10-25 02:53:40,749 - config - INFO - Página 76 abierta correctamente.
2025-10-25 02:53:44,780 - config - INFO - Fila 7 - color: rgb(45, 172, 49)
2025-10-25 02:53:44,845 - config - INFO - Clic en radio de fila 7
2025-10-25 02:53:49,021 - config - INFO - Registro actualizado correctamente
2025-10-25 02:53:49,021 - config - INFO - Registro actualizado.
2025-10-25 02:53:49,821 - config - INFO - Intentando ir a la página 76...
2025-10-25 02:55:08,447 - config - INFO - Página 76 abierta correctamente.
2025-10-25 02:55:12,483 - config - INFO - Fila 8 - color: rgb(45, 172, 49)
2025-10-25 02:55:12,519 - config - INFO - Clic en radio de fila 8
2025-10-25 02:55:16,716 - config - INFO - Registro actualizado correctamente
2025-10-25 02:55:16,716 - config - INFO - Registro actualizado.
2025-10-25 02:55:17,260 - config - INFO - Intentando ir a la página 76...
2025-10-25 02:56:35,760 - config - INFO - Página 76 abierta correctamente.
2025-10-25 02:56:39,795 - config - INFO - Fila 9 - color: rgb(45, 172, 49)
2025-10-25 02:56:39,829 - config - INFO - Clic en radio de fila 9
2025-10-25 02:56:44,012 - config - INFO - Registro actualizado correctamente
2025-10-25 02:56:44,012 - config - INFO - Registro actualizado.
2025-10-25 02:56:44,921 - config - INFO - Intentando ir a la página 76...
2025-10-25 02:58:03,418 - config - INFO - Página 76 abierta correctamente.
2025-10-25 02:58:07,463 - config - INFO - Fila 10 - color: rgb(45, 172, 49)
2025-10-25 02:58:07,509 - config - INFO - Clic en radio de fila 10
2025-10-25 02:58:11,690 - config - INFO - Registro actualizado correctamente
2025-10-25 02:58:11,691 - config - INFO - Registro actualizado.
2025-10-25 02:58:13,050 - config - INFO - Intentando ir a la página 76...
2025-10-25 02:59:31,554 - config - INFO - Página 76 abierta correctamente.
2025-10-25 02:59:38,650 - config - INFO - Total de filas encontradas: 10
2025-10-25 02:59:40,670 - config - INFO - Fila 1 - color: rgb(45, 172, 49)
2025-10-25 02:59:40,717 - config - INFO - Clic en radio de fila 1
2025-10-25 02:59:44,897 - config - INFO - Registro actualizado correctamente
2025-10-25 02:59:44,897 - config - INFO - Registro actualizado.
2025-10-25 02:59:45,748 - config - INFO - Intentando ir a la página 77...
2025-10-25 03:01:05,339 - config - INFO - Página 77 abierta correctamente.
2025-10-25 03:01:09,369 - config - INFO - Fila 2 - color: rgb(45, 172, 49)
2025-10-25 03:01:09,410 - config - INFO - Clic en radio de fila 2
2025-10-25 03:01:13,592 - config - INFO - Registro actualizado correctamente
2025-10-25 03:01:13,592 - config - INFO - Registro actualizado.
2025-10-25 03:01:14,452 - config - INFO - Intentando ir a la página 77...
2025-10-25 03:02:33,899 - config - INFO - Página 77 abierta correctamente.
2025-10-25 03:02:37,930 - config - INFO - Fila 3 - color: rgb(45, 172, 49)
2025-10-25 03:02:37,976 - config - INFO - Clic en radio de fila 3
2025-10-25 03:02:42,070 - config - INFO - Registro actualizado correctamente
2025-10-25 03:02:42,070 - config - INFO - Registro actualizado.
2025-10-25 03:02:42,838 - config - INFO - Intentando ir a la página 77...
2025-10-25 03:04:02,724 - config - INFO - Página 77 abierta correctamente.
2025-10-25 03:04:06,771 - config - INFO - Fila 4 - color: rgb(45, 172, 49)
2025-10-25 03:04:06,815 - config - INFO - Clic en radio de fila 4
2025-10-25 03:04:10,993 - config - INFO - Registro actualizado correctamente
2025-10-25 03:04:10,993 - config - INFO - Registro actualizado.
2025-10-25 03:04:11,806 - config - INFO - Intentando ir a la página 77...
2025-10-25 03:05:31,417 - config - INFO - Página 77 abierta correctamente.
2025-10-25 03:05:35,456 - config - INFO - Fila 5 - color: rgb(45, 172, 49)
2025-10-25 03:05:35,491 - config - INFO - Clic en radio de fila 5
2025-10-25 03:05:39,654 - config - INFO - Registro actualizado correctamente
2025-10-25 03:05:39,654 - config - INFO - Registro actualizado.
2025-10-25 03:05:40,565 - config - INFO - Intentando ir a la página 77...
2025-10-25 03:07:00,398 - config - INFO - Página 77 abierta correctamente.
2025-10-25 03:07:04,432 - config - INFO - Fila 6 - color: rgb(45, 172, 49)
2025-10-25 03:07:04,468 - config - INFO - Clic en radio de fila 6
2025-10-25 03:07:08,631 - config - INFO - Registro actualizado correctamente
2025-10-25 03:07:08,632 - config - INFO - Registro actualizado.
2025-10-25 03:07:10,028 - config - INFO - Intentando ir a la página 77...
2025-10-25 03:08:29,410 - config - INFO - Página 77 abierta correctamente.
2025-10-25 03:08:33,441 - config - INFO - Fila 7 - color: rgb(45, 172, 49)
2025-10-25 03:08:33,479 - config - INFO - Clic en radio de fila 7
2025-10-25 03:08:37,676 - config - INFO - Registro actualizado correctamente
2025-10-25 03:08:37,676 - config - INFO - Registro actualizado.
2025-10-25 03:08:38,442 - config - INFO - Intentando ir a la página 77...
2025-10-25 03:09:58,001 - config - INFO - Página 77 abierta correctamente.
2025-10-25 03:10:02,023 - config - INFO - Fila 8 - color: rgb(45, 172, 49)
2025-10-25 03:10:02,058 - config - INFO - Clic en radio de fila 8
2025-10-25 03:10:06,242 - config - INFO - Registro actualizado correctamente
2025-10-25 03:10:06,242 - config - INFO - Registro actualizado.
2025-10-25 03:10:07,092 - config - INFO - Intentando ir a la página 77...
2025-10-25 03:11:27,660 - config - INFO - Página 77 abierta correctamente.
2025-10-25 03:11:31,702 - config - INFO - Fila 9 - color: rgb(45, 172, 49)
2025-10-25 03:11:31,734 - config - INFO - Clic en radio de fila 9
2025-10-25 03:11:35,914 - config - INFO - Registro actualizado correctamente
2025-10-25 03:11:35,915 - config - INFO - Registro actualizado.
2025-10-25 03:11:36,826 - config - INFO - Intentando ir a la página 77...
2025-10-25 03:12:56,318 - config - INFO - Página 77 abierta correctamente.
2025-10-25 03:13:00,350 - config - INFO - Fila 10 - color: rgb(45, 172, 49)
2025-10-25 03:13:00,404 - config - INFO - Clic en radio de fila 10
2025-10-25 03:13:04,575 - config - INFO - Registro actualizado correctamente
2025-10-25 03:13:04,575 - config - INFO - Registro actualizado.
2025-10-25 03:13:05,580 - config - INFO - Intentando ir a la página 77...
2025-10-25 03:14:25,047 - config - INFO - Página 77 abierta correctamente.
2025-10-25 03:14:32,138 - config - INFO - Total de filas encontradas: 10
2025-10-25 03:14:34,162 - config - INFO - Fila 1 - color: rgb(45, 172, 49)
2025-10-25 03:14:34,201 - config - INFO - Clic en radio de fila 1
2025-10-25 03:14:38,385 - config - INFO - Registro actualizado correctamente
2025-10-25 03:14:38,385 - config - INFO - Registro actualizado.
2025-10-25 03:14:39,335 - config - INFO - Intentando ir a la página 78...
2025-10-25 03:15:59,954 - config - INFO - Página 78 abierta correctamente.
2025-10-25 03:16:03,980 - config - INFO - Fila 2 - color: rgb(45, 172, 49)
2025-10-25 03:16:04,012 - config - INFO - Clic en radio de fila 2
2025-10-25 03:16:08,171 - config - INFO - Registro actualizado correctamente
2025-10-25 03:16:08,171 - config - INFO - Registro actualizado.
2025-10-25 03:16:09,001 - config - INFO - Intentando ir a la página 78...
2025-10-25 03:17:29,581 - config - INFO - Página 78 abierta correctamente.
2025-10-25 03:17:33,617 - config - INFO - Fila 3 - color: rgb(45, 172, 49)
2025-10-25 03:17:33,653 - config - INFO - Clic en radio de fila 3
2025-10-25 03:17:37,833 - config - INFO - Registro actualizado correctamente
2025-10-25 03:17:37,834 - config - INFO - Registro actualizado.
2025-10-25 03:17:38,651 - config - INFO - Intentando ir a la página 78...
2025-10-25 03:18:59,340 - config - INFO - Página 78 abierta correctamente.
2025-10-25 03:19:03,376 - config - INFO - Fila 4 - color: rgb(45, 172, 49)
2025-10-25 03:19:03,414 - config - INFO - Clic en radio de fila 4
2025-10-25 03:19:07,613 - config - INFO - Registro actualizado correctamente
2025-10-25 03:19:07,613 - config - INFO - Registro actualizado.
2025-10-25 03:19:08,592 - config - INFO - Intentando ir a la página 78...
2025-10-25 03:20:29,252 - config - INFO - Página 78 abierta correctamente.
2025-10-25 03:20:33,289 - config - INFO - Fila 5 - color: rgb(45, 172, 49)
2025-10-25 03:20:33,323 - config - INFO - Clic en radio de fila 5
2025-10-25 03:20:37,500 - config - INFO - Registro actualizado correctamente
2025-10-25 03:20:37,500 - config - INFO - Registro actualizado.
2025-10-25 03:20:38,390 - config - INFO - Intentando ir a la página 78...
2025-10-25 03:21:59,274 - config - INFO - Página 78 abierta correctamente.
2025-10-25 03:22:03,316 - config - INFO - Fila 6 - color: rgb(45, 172, 49)
2025-10-25 03:22:03,373 - config - INFO - Clic en radio de fila 6
2025-10-25 03:22:07,545 - config - INFO - Registro actualizado correctamente
2025-10-25 03:22:07,545 - config - INFO - Registro actualizado.
2025-10-25 03:22:08,398 - config - INFO - Intentando ir a la página 78...
2025-10-25 03:23:29,087 - config - INFO - Página 78 abierta correctamente.
2025-10-25 03:23:33,132 - config - INFO - Fila 7 - color: rgb(45, 172, 49)
2025-10-25 03:23:33,182 - config - INFO - Clic en radio de fila 7
2025-10-25 03:23:37,357 - config - INFO - Registro actualizado correctamente
2025-10-25 03:23:37,358 - config - INFO - Registro actualizado.
2025-10-25 03:23:38,264 - config - INFO - Intentando ir a la página 78...
2025-10-25 03:24:58,893 - config - INFO - Página 78 abierta correctamente.
2025-10-25 03:25:02,922 - config - INFO - Fila 8 - color: rgb(45, 172, 49)
2025-10-25 03:25:02,957 - config - INFO - Clic en radio de fila 8
2025-10-25 03:25:07,151 - config - INFO - Registro actualizado correctamente
2025-10-25 03:25:07,151 - config - INFO - Registro actualizado.
2025-10-25 03:25:08,046 - config - INFO - Intentando ir a la página 78...
2025-10-25 03:26:28,524 - config - INFO - Página 78 abierta correctamente.
2025-10-25 03:26:32,556 - config - INFO - Fila 9 - color: rgb(45, 172, 49)
2025-10-25 03:26:32,596 - config - INFO - Clic en radio de fila 9
2025-10-25 03:26:36,760 - config - INFO - Registro actualizado correctamente
2025-10-25 03:26:36,760 - config - INFO - Registro actualizado.
2025-10-25 03:26:37,677 - config - INFO - Intentando ir a la página 78...
2025-10-25 03:27:58,031 - config - INFO - Página 78 abierta correctamente.
2025-10-25 03:28:02,074 - config - INFO - Fila 10 - color: rgb(45, 172, 49)
2025-10-25 03:28:02,123 - config - INFO - Clic en radio de fila 10
2025-10-25 03:28:06,303 - config - INFO - Registro actualizado correctamente
2025-10-25 03:28:06,304 - config - INFO - Registro actualizado.
2025-10-25 03:28:07,070 - config - INFO - Intentando ir a la página 78...
2025-10-25 03:29:27,627 - config - INFO - Página 78 abierta correctamente.
2025-10-25 03:29:34,726 - config - INFO - Total de filas encontradas: 10
2025-10-25 03:29:36,740 - config - INFO - Fila 1 - color: rgb(45, 172, 49)
2025-10-25 03:29:36,816 - config - INFO - Clic en radio de fila 1
2025-10-25 03:29:41,009 - config - INFO - Registro actualizado correctamente
2025-10-25 03:29:41,009 - config - INFO - Registro actualizado.
2025-10-25 03:29:41,890 - config - INFO - Intentando ir a la página 79...
2025-10-25 03:31:03,581 - config - INFO - Página 79 abierta correctamente.
2025-10-25 03:31:07,616 - config - INFO - Fila 2 - color: rgb(45, 172, 49)
2025-10-25 03:31:07,652 - config - INFO - Clic en radio de fila 2
2025-10-25 03:31:11,850 - config - INFO - Registro actualizado correctamente
2025-10-25 03:31:11,850 - config - INFO - Registro actualizado.
2025-10-25 03:31:12,728 - config - INFO - Intentando ir a la página 79...
2025-10-25 03:32:34,738 - config - INFO - Página 79 abierta correctamente.
2025-10-25 03:32:38,782 - config - INFO - Fila 3 - color: rgb(45, 172, 49)
2025-10-25 03:32:38,828 - config - INFO - Clic en radio de fila 3
2025-10-25 03:32:43,008 - config - INFO - Registro actualizado correctamente
2025-10-25 03:32:43,009 - config - INFO - Registro actualizado.
2025-10-25 03:32:43,835 - config - INFO - Intentando ir a la página 79...
2025-10-25 03:34:05,512 - config - INFO - Página 79 abierta correctamente.
2025-10-25 03:34:09,554 - config - INFO - Fila 4 - color: rgb(45, 172, 49)
2025-10-25 03:34:09,592 - config - INFO - Clic en radio de fila 4
2025-10-25 03:34:13,784 - config - INFO - Registro actualizado correctamente
2025-10-25 03:34:13,785 - config - INFO - Registro actualizado.
2025-10-25 03:34:14,641 - config - INFO - Intentando ir a la página 79...
2025-10-25 03:35:36,258 - config - INFO - Página 79 abierta correctamente.
2025-10-25 03:35:40,305 - config - INFO - Fila 5 - color: rgb(45, 172, 49)
2025-10-25 03:35:40,352 - config - INFO - Clic en radio de fila 5
2025-10-25 03:35:44,546 - config - INFO - Registro actualizado correctamente
2025-10-25 03:35:44,546 - config - INFO - Registro actualizado.
2025-10-25 03:35:45,560 - config - INFO - Intentando ir a la página 79...
2025-10-25 03:37:07,632 - config - INFO - Página 79 abierta correctamente.
2025-10-25 03:37:11,662 - config - INFO - Fila 6 - color: rgb(45, 172, 49)
2025-10-25 03:37:11,705 - config - INFO - Clic en radio de fila 6
2025-10-25 03:37:15,873 - config - INFO - Registro actualizado correctamente
2025-10-25 03:37:15,873 - config - INFO - Registro actualizado.
2025-10-25 03:37:16,681 - config - INFO - Intentando ir a la página 79...
2025-10-25 03:38:38,362 - config - INFO - Página 79 abierta correctamente.
2025-10-25 03:38:42,398 - config - INFO - Fila 7 - color: rgb(45, 172, 49)
2025-10-25 03:38:42,431 - config - INFO - Clic en radio de fila 7
2025-10-25 03:38:46,634 - config - INFO - Registro actualizado correctamente
2025-10-25 03:38:46,634 - config - INFO - Registro actualizado.
2025-10-25 03:38:47,520 - config - INFO - Intentando ir a la página 79...
2025-10-25 03:40:09,169 - config - INFO - Página 79 abierta correctamente.
2025-10-25 03:40:13,204 - config - INFO - Fila 8 - color: rgb(45, 172, 49)
2025-10-25 03:40:13,240 - config - INFO - Clic en radio de fila 8
2025-10-25 03:40:17,421 - config - INFO - Registro actualizado correctamente
2025-10-25 03:40:17,422 - config - INFO - Registro actualizado.
2025-10-25 03:40:18,484 - config - INFO - Intentando ir a la página 79...
2025-10-25 03:41:40,107 - config - INFO - Página 79 abierta correctamente.
2025-10-25 03:41:44,147 - config - INFO - Fila 9 - color: rgb(45, 172, 49)
2025-10-25 03:41:44,181 - config - INFO - Clic en radio de fila 9
2025-10-25 03:41:48,345 - config - INFO - Registro actualizado correctamente
2025-10-25 03:41:48,345 - config - INFO - Registro actualizado.
2025-10-25 03:41:48,730 - config - INFO - Intentando ir a la página 79...
2025-10-25 03:43:10,733 - config - INFO - Página 79 abierta correctamente.
2025-10-25 03:43:14,768 - config - INFO - Fila 10 - color: rgb(45, 172, 49)
2025-10-25 03:43:14,806 - config - INFO - Clic en radio de fila 10
2025-10-25 03:43:19,007 - config - INFO - Registro actualizado correctamente
2025-10-25 03:43:19,007 - config - INFO - Registro actualizado.
2025-10-25 03:43:19,813 - config - INFO - Intentando ir a la página 79...
2025-10-25 03:44:41,398 - config - INFO - Página 79 abierta correctamente.
2025-10-25 03:44:48,502 - config - INFO - Total de filas encontradas: 10
2025-10-25 03:44:50,525 - config - INFO - Fila 1 - color: rgb(45, 172, 49)
2025-10-25 03:44:50,561 - config - INFO - Clic en radio de fila 1
2025-10-25 03:44:54,659 - config - INFO - Registro actualizado correctamente
2025-10-25 03:44:54,659 - config - INFO - Registro actualizado.
2025-10-25 03:44:55,539 - config - INFO - Intentando ir a la página 80...
2025-10-25 03:46:18,246 - config - INFO - Página 80 abierta correctamente.
2025-10-25 03:46:22,267 - config - INFO - Fila 2 - color: rgb(45, 172, 49)
2025-10-25 03:46:22,303 - config - INFO - Clic en radio de fila 2
2025-10-25 03:46:26,485 - config - INFO - Registro actualizado correctamente
2025-10-25 03:46:26,485 - config - INFO - Registro actualizado.
2025-10-25 03:46:27,492 - config - INFO - Intentando ir a la página 80...
2025-10-25 03:47:50,327 - config - INFO - Página 80 abierta correctamente.
2025-10-25 03:47:54,349 - config - INFO - Fila 3 - color: rgb(45, 172, 49)
2025-10-25 03:47:54,379 - config - INFO - Clic en radio de fila 3
2025-10-25 03:47:58,560 - config - INFO - Registro actualizado correctamente
2025-10-25 03:47:58,560 - config - INFO - Registro actualizado.
2025-10-25 03:47:59,424 - config - INFO - Intentando ir a la página 80...
2025-10-25 03:49:22,230 - config - INFO - Página 80 abierta correctamente.
2025-10-25 03:49:26,278 - config - INFO - Fila 4 - color: rgb(45, 172, 49)
2025-10-25 03:49:26,325 - config - INFO - Clic en radio de fila 4
2025-10-25 03:49:30,532 - config - INFO - Registro actualizado correctamente
2025-10-25 03:49:30,532 - config - INFO - Registro actualizado.
2025-10-25 03:49:31,324 - config - INFO - Intentando ir a la página 80...
2025-10-25 03:50:54,090 - config - INFO - Página 80 abierta correctamente.
2025-10-25 03:50:58,128 - config - INFO - Fila 5 - color: rgb(45, 172, 49)
2025-10-25 03:50:58,160 - config - INFO - Clic en radio de fila 5
2025-10-25 03:51:02,239 - config - INFO - Registro actualizado correctamente
2025-10-25 03:51:02,239 - config - INFO - Registro actualizado.
2025-10-25 03:51:03,132 - config - INFO - Intentando ir a la página 80...
2025-10-25 03:52:25,762 - config - INFO - Página 80 abierta correctamente.
2025-10-25 03:52:29,789 - config - INFO - Fila 6 - color: rgb(45, 172, 49)
2025-10-25 03:52:29,822 - config - INFO - Clic en radio de fila 6
2025-10-25 03:52:34,000 - config - INFO - Registro actualizado correctamente
2025-10-25 03:52:34,000 - config - INFO - Registro actualizado.
2025-10-25 03:52:34,877 - config - INFO - Intentando ir a la página 80...
2025-10-25 03:53:57,640 - config - INFO - Página 80 abierta correctamente.
2025-10-25 03:54:01,678 - config - INFO - Fila 7 - color: rgb(45, 172, 49)
2025-10-25 03:54:01,712 - config - INFO - Clic en radio de fila 7
2025-10-25 03:54:05,888 - config - INFO - Registro actualizado correctamente
2025-10-25 03:54:05,888 - config - INFO - Registro actualizado.
2025-10-25 03:54:06,777 - config - INFO - Intentando ir a la página 80...
2025-10-25 03:55:29,563 - config - INFO - Página 80 abierta correctamente.
2025-10-25 03:55:33,602 - config - INFO - Fila 8 - color: rgb(45, 172, 49)
2025-10-25 03:55:33,662 - config - INFO - Clic en radio de fila 8
2025-10-25 03:55:37,955 - config - INFO - Registro actualizado correctamente
2025-10-25 03:55:37,956 - config - INFO - Registro actualizado.
2025-10-25 03:55:39,015 - config - INFO - Intentando ir a la página 80...
2025-10-25 03:57:03,041 - config - INFO - Página 80 abierta correctamente.
2025-10-25 03:57:07,079 - config - INFO - Fila 9 - color: rgb(45, 172, 49)
2025-10-25 03:57:07,127 - config - INFO - Clic en radio de fila 9
2025-10-25 03:57:12,135 - config - INFO - Registro actualizado correctamente
2025-10-25 03:57:12,135 - config - INFO - Registro actualizado.
2025-10-25 03:57:12,942 - config - INFO - Intentando ir a la página 80...
2025-10-25 03:58:36,713 - config - INFO - Página 80 abierta correctamente.
2025-10-25 03:58:40,741 - config - INFO - Fila 10 - color: rgb(45, 172, 49)
2025-10-25 03:58:40,793 - config - INFO - Clic en radio de fila 10
2025-10-25 03:58:45,002 - config - INFO - Registro actualizado correctamente
2025-10-25 03:58:45,003 - config - INFO - Registro actualizado.
2025-10-25 03:58:45,872 - config - INFO - Intentando ir a la página 80...
2025-10-25 04:00:09,916 - config - INFO - Página 80 abierta correctamente.
2025-10-25 04:00:17,008 - config - INFO - Total de filas encontradas: 10
2025-10-25 04:00:19,034 - config - INFO - Fila 1 - color: rgb(45, 172, 49)
2025-10-25 04:00:19,068 - config - INFO - Clic en radio de fila 1
2025-10-25 04:00:23,253 - config - INFO - Registro actualizado correctamente
2025-10-25 04:00:23,254 - config - INFO - Registro actualizado.
2025-10-25 04:00:24,670 - config - INFO - Intentando ir a la página 81...
2025-10-25 04:01:50,049 - config - INFO - Página 81 abierta correctamente.
2025-10-25 04:01:54,086 - config - INFO - Fila 2 - color: rgb(45, 172, 49)
2025-10-25 04:01:54,147 - config - INFO - Clic en radio de fila 2
2025-10-25 04:01:58,413 - config - INFO - Registro actualizado correctamente
2025-10-25 04:01:58,414 - config - INFO - Registro actualizado.
2025-10-25 04:01:59,381 - config - INFO - Intentando ir a la página 81...
2025-10-25 04:03:24,479 - config - INFO - Página 81 abierta correctamente.
2025-10-25 04:03:28,516 - config - INFO - Fila 3 - color: rgb(45, 172, 49)
2025-10-25 04:03:28,568 - config - INFO - Clic en radio de fila 3
2025-10-25 04:03:32,797 - config - INFO - Registro actualizado correctamente
2025-10-25 04:03:32,797 - config - INFO - Registro actualizado.
2025-10-25 04:03:33,677 - config - INFO - Intentando ir a la página 81...
2025-10-25 04:05:00,481 - config - INFO - Página 81 abierta correctamente.
2025-10-25 04:05:04,524 - config - INFO - Fila 4 - color: rgb(45, 172, 49)
2025-10-25 04:05:04,582 - config - INFO - Clic en radio de fila 4
2025-10-25 04:05:08,707 - config - INFO - Registro actualizado correctamente
2025-10-25 04:05:08,707 - config - INFO - Registro actualizado.
2025-10-25 04:05:09,795 - config - INFO - Intentando ir a la página 81...
2025-10-25 04:06:34,818 - config - INFO - Página 81 abierta correctamente.
2025-10-25 04:06:38,854 - config - INFO - Fila 5 - color: rgb(45, 172, 49)
2025-10-25 04:06:38,916 - config - INFO - Clic en radio de fila 5
2025-10-25 04:06:43,161 - config - INFO - Registro actualizado correctamente
2025-10-25 04:06:43,161 - config - INFO - Registro actualizado.
2025-10-25 04:06:44,005 - config - INFO - Intentando ir a la página 81...
2025-10-25 04:08:08,324 - config - INFO - Página 81 abierta correctamente.
2025-10-25 04:08:12,356 - config - INFO - Fila 6 - color: rgb(45, 172, 49)
2025-10-25 04:08:12,396 - config - INFO - Clic en radio de fila 6
2025-10-25 04:08:16,592 - config - INFO - Registro actualizado correctamente
2025-10-25 04:08:16,592 - config - INFO - Registro actualizado.
2025-10-25 04:08:17,411 - config - INFO - Intentando ir a la página 81...
2025-10-25 04:09:41,507 - config - INFO - Página 81 abierta correctamente.
2025-10-25 04:09:45,529 - config - INFO - Fila 7 - color: rgb(45, 172, 49)
2025-10-25 04:09:45,571 - config - INFO - Clic en radio de fila 7
2025-10-25 04:09:49,786 - config - INFO - Registro actualizado correctamente
2025-10-25 04:09:49,787 - config - INFO - Registro actualizado.
2025-10-25 04:09:50,556 - config - INFO - Intentando ir a la página 81...
2025-10-25 04:11:14,621 - config - INFO - Página 81 abierta correctamente.
2025-10-25 04:11:18,649 - config - INFO - Fila 8 - color: rgb(45, 172, 49)
2025-10-25 04:11:18,697 - config - INFO - Clic en radio de fila 8
2025-10-25 04:11:22,906 - config - INFO - Registro actualizado correctamente
2025-10-25 04:11:22,907 - config - INFO - Registro actualizado.
2025-10-25 04:11:23,706 - config - INFO - Intentando ir a la página 81...
2025-10-25 04:12:51,442 - config - INFO - Página 81 abierta correctamente.
2025-10-25 04:12:55,486 - config - INFO - Fila 9 - color: rgb(45, 172, 49)
2025-10-25 04:12:55,565 - config - INFO - Clic en radio de fila 9
2025-10-25 04:12:59,948 - config - INFO - Registro actualizado correctamente
2025-10-25 04:12:59,949 - config - INFO - Registro actualizado.
2025-10-25 04:13:00,979 - config - INFO - Intentando ir a la página 81...
2025-10-25 04:14:27,400 - config - INFO - Página 81 abierta correctamente.
2025-10-25 04:14:31,430 - config - INFO - Fila 10 - color: rgb(45, 172, 49)
2025-10-25 04:14:31,472 - config - INFO - Clic en radio de fila 10
2025-10-25 04:14:35,686 - config - INFO - Registro actualizado correctamente
2025-10-25 04:14:35,686 - config - INFO - Registro actualizado.
2025-10-25 04:14:36,545 - config - INFO - Intentando ir a la página 81...
2025-10-25 04:16:00,724 - config - INFO - Página 81 abierta correctamente.
2025-10-25 04:16:07,838 - config - INFO - Total de filas encontradas: 10
2025-10-25 04:16:09,861 - config - INFO - Fila 1 - color: rgb(45, 172, 49)
2025-10-25 04:16:09,907 - config - INFO - Clic en radio de fila 1
2025-10-25 04:16:14,105 - config - INFO - Registro actualizado correctamente
2025-10-25 04:16:14,105 - config - INFO - Registro actualizado.
2025-10-25 04:16:15,037 - config - INFO - Intentando ir a la página 82...
2025-10-25 04:17:40,223 - config - INFO - Página 82 abierta correctamente.
2025-10-25 04:17:44,250 - config - INFO - Fila 2 - color: rgb(45, 172, 49)
2025-10-25 04:17:44,277 - config - INFO - Clic en radio de fila 2
2025-10-25 04:17:48,465 - config - INFO - Registro actualizado correctamente
2025-10-25 04:17:48,465 - config - INFO - Registro actualizado.
2025-10-25 04:17:49,258 - config - INFO - Intentando ir a la página 82...
2025-10-25 04:19:14,409 - config - INFO - Página 82 abierta correctamente.
2025-10-25 04:19:18,441 - config - INFO - Fila 3 - color: rgb(45, 172, 49)
2025-10-25 04:19:18,486 - config - INFO - Clic en radio de fila 3
2025-10-25 04:19:22,664 - config - INFO - Registro actualizado correctamente
2025-10-25 04:19:22,665 - config - INFO - Registro actualizado.
2025-10-25 04:19:23,505 - config - INFO - Intentando ir a la página 82...
2025-10-25 04:20:48,518 - config - INFO - Página 82 abierta correctamente.
2025-10-25 04:20:52,543 - config - INFO - Fila 4 - color: rgb(45, 172, 49)
2025-10-25 04:20:52,573 - config - INFO - Clic en radio de fila 4
2025-10-25 04:20:56,753 - config - INFO - Registro actualizado correctamente
2025-10-25 04:20:56,754 - config - INFO - Registro actualizado.
2025-10-25 04:20:57,616 - config - INFO - Intentando ir a la página 82...
2025-10-25 04:22:22,643 - config - INFO - Página 82 abierta correctamente.
2025-10-25 04:22:26,669 - config - INFO - Fila 5 - color: rgb(45, 172, 49)
2025-10-25 04:22:26,716 - config - INFO - Clic en radio de fila 5
2025-10-25 04:22:30,908 - config - INFO - Registro actualizado correctamente
2025-10-25 04:22:30,908 - config - INFO - Registro actualizado.
2025-10-25 04:22:31,744 - config - INFO - Intentando ir a la página 82...
2025-10-25 04:23:56,613 - config - INFO - Página 82 abierta correctamente.
2025-10-25 04:24:00,645 - config - INFO - Fila 6 - color: rgb(45, 172, 49)
2025-10-25 04:24:00,687 - config - INFO - Clic en radio de fila 6
2025-10-25 04:24:04,900 - config - INFO - Registro actualizado correctamente
2025-10-25 04:24:04,900 - config - INFO - Registro actualizado.
2025-10-25 04:24:06,132 - config - INFO - Intentando ir a la página 82...
2025-10-25 04:25:32,288 - config - INFO - Página 82 abierta correctamente.
2025-10-25 04:25:36,313 - config - INFO - Fila 7 - color: rgb(45, 172, 49)
2025-10-25 04:25:36,359 - config - INFO - Clic en radio de fila 7
2025-10-25 04:25:40,593 - config - INFO - Registro actualizado correctamente
2025-10-25 04:25:40,594 - config - INFO - Registro actualizado.
2025-10-25 04:25:41,496 - config - INFO - Intentando ir a la página 82...
2025-10-25 04:27:06,509 - config - INFO - Página 82 abierta correctamente.
2025-10-25 04:27:10,540 - config - INFO - Fila 8 - color: rgb(45, 172, 49)
2025-10-25 04:27:10,581 - config - INFO - Clic en radio de fila 8
2025-10-25 04:27:14,680 - config - INFO - Registro actualizado correctamente
2025-10-25 04:27:14,680 - config - INFO - Registro actualizado.
2025-10-25 04:27:15,523 - config - INFO - Intentando ir a la página 82...
2025-10-25 04:28:40,664 - config - INFO - Página 82 abierta correctamente.
2025-10-25 04:28:44,700 - config - INFO - Fila 9 - color: rgb(45, 172, 49)
2025-10-25 04:28:44,737 - config - INFO - Clic en radio de fila 9
2025-10-25 04:28:48,940 - config - INFO - Registro actualizado correctamente
2025-10-25 04:28:48,941 - config - INFO - Registro actualizado.
2025-10-25 04:28:49,835 - config - INFO - Intentando ir a la página 82...
2025-10-25 04:30:15,557 - config - INFO - Página 82 abierta correctamente.
2025-10-25 04:30:19,593 - config - INFO - Fila 10 - color: rgb(45, 172, 49)
2025-10-25 04:30:19,625 - config - INFO - Clic en radio de fila 10
2025-10-25 04:30:23,804 - config - INFO - Registro actualizado correctamente
2025-10-25 04:30:23,804 - config - INFO - Registro actualizado.
2025-10-25 04:30:24,772 - config - INFO - Intentando ir a la página 82...
2025-10-25 04:31:50,157 - config - INFO - Página 82 abierta correctamente.
2025-10-25 04:31:57,240 - config - INFO - Total de filas encontradas: 10
2025-10-25 04:31:59,270 - config - INFO - Fila 1 - color: rgb(45, 172, 49)
2025-10-25 04:31:59,311 - config - INFO - Clic en radio de fila 1
2025-10-25 04:32:03,514 - config - INFO - Registro actualizado correctamente
2025-10-25 04:32:03,514 - config - INFO - Registro actualizado.
2025-10-25 04:32:04,308 - config - INFO - Intentando ir a la página 83...
2025-10-25 04:33:30,193 - config - INFO - Página 83 abierta correctamente.
2025-10-25 04:33:34,238 - config - INFO - Fila 2 - color: rgb(45, 172, 49)
2025-10-25 04:33:34,283 - config - INFO - Clic en radio de fila 2
2025-10-25 04:33:38,462 - config - INFO - Registro actualizado correctamente
2025-10-25 04:33:38,462 - config - INFO - Registro actualizado.
2025-10-25 04:33:39,397 - config - INFO - Intentando ir a la página 83...
2025-10-25 04:35:05,685 - config - INFO - Página 83 abierta correctamente.
2025-10-25 04:35:09,724 - config - INFO - Fila 3 - color: rgb(45, 172, 49)
2025-10-25 04:35:09,753 - config - INFO - Clic en radio de fila 3
2025-10-25 04:35:13,934 - config - INFO - Registro actualizado correctamente
2025-10-25 04:35:13,935 - config - INFO - Registro actualizado.
2025-10-25 04:35:15,209 - config - INFO - Intentando ir a la página 83...
2025-10-25 04:36:41,318 - config - INFO - Página 83 abierta correctamente.
2025-10-25 04:36:45,366 - config - INFO - Fila 4 - color: rgb(45, 172, 49)
2025-10-25 04:36:45,412 - config - INFO - Clic en radio de fila 4
2025-10-25 04:36:49,608 - config - INFO - Registro actualizado correctamente
2025-10-25 04:36:49,609 - config - INFO - Registro actualizado.
2025-10-25 04:36:50,214 - config - INFO - Intentando ir a la página 83...
2025-10-25 04:38:16,244 - config - INFO - Página 83 abierta correctamente.
2025-10-25 04:38:20,265 - config - INFO - Fila 5 - color: rgb(45, 172, 49)
2025-10-25 04:38:20,300 - config - INFO - Clic en radio de fila 5
2025-10-25 04:38:24,500 - config - INFO - Registro actualizado correctamente
2025-10-25 04:38:24,500 - config - INFO - Registro actualizado.
2025-10-25 04:38:25,275 - config - INFO - Intentando ir a la página 83...
2025-10-25 04:39:51,532 - config - INFO - Página 83 abierta correctamente.
2025-10-25 04:39:55,563 - config - INFO - Fila 6 - color: rgb(45, 172, 49)
2025-10-25 04:39:55,604 - config - INFO - Clic en radio de fila 6
2025-10-25 04:39:59,784 - config - INFO - Registro actualizado correctamente
2025-10-25 04:39:59,784 - config - INFO - Registro actualizado.
2025-10-25 04:40:00,864 - config - INFO - Intentando ir a la página 83...
2025-10-25 04:41:27,300 - config - INFO - Página 83 abierta correctamente.
2025-10-25 04:41:31,337 - config - INFO - Fila 7 - color: rgb(45, 172, 49)
2025-10-25 04:41:31,374 - config - INFO - Clic en radio de fila 7
2025-10-25 04:41:35,539 - config - INFO - Registro actualizado correctamente
2025-10-25 04:41:35,540 - config - INFO - Registro actualizado.
2025-10-25 04:41:36,534 - config - INFO - Intentando ir a la página 83...
2025-10-25 04:43:02,530 - config - INFO - Página 83 abierta correctamente.
2025-10-25 04:43:06,557 - config - INFO - Fila 8 - color: rgb(45, 172, 49)
2025-10-25 04:43:06,596 - config - INFO - Clic en radio de fila 8
2025-10-25 04:43:10,795 - config - INFO - Registro actualizado correctamente
2025-10-25 04:43:10,795 - config - INFO - Registro actualizado.
2025-10-25 04:43:11,654 - config - INFO - Intentando ir a la página 83...
2025-10-25 04:44:37,832 - config - INFO - Página 83 abierta correctamente.
2025-10-25 04:44:41,876 - config - INFO - Fila 9 - color: rgb(45, 172, 49)
2025-10-25 04:44:41,920 - config - INFO - Clic en radio de fila 9
2025-10-25 04:44:46,117 - config - INFO - Registro actualizado correctamente
2025-10-25 04:44:46,117 - config - INFO - Registro actualizado.
2025-10-25 04:44:46,986 - config - INFO - Intentando ir a la página 83...
2025-10-25 04:46:14,935 - config - INFO - Página 83 abierta correctamente.
2025-10-25 04:46:18,972 - config - INFO - Fila 10 - color: rgb(45, 172, 49)
2025-10-25 04:46:19,005 - config - INFO - Clic en radio de fila 10
2025-10-25 04:46:23,204 - config - INFO - Registro actualizado correctamente
2025-10-25 04:46:23,205 - config - INFO - Registro actualizado.
2025-10-25 04:46:24,405 - config - INFO - Intentando ir a la página 83...
2025-10-25 04:47:50,342 - config - INFO - Página 83 abierta correctamente.
2025-10-25 04:47:57,449 - config - INFO - Total de filas encontradas: 10
2025-10-25 04:47:59,469 - config - INFO - Fila 1 - color: rgb(45, 172, 49)
2025-10-25 04:47:59,508 - config - INFO - Clic en radio de fila 1
2025-10-25 04:48:03,687 - config - INFO - Registro actualizado correctamente
2025-10-25 04:48:03,687 - config - INFO - Registro actualizado.
2025-10-25 04:48:04,559 - config - INFO - Intentando ir a la página 84...
2025-10-25 04:49:31,525 - config - INFO - Página 84 abierta correctamente.
2025-10-25 04:49:35,545 - config - INFO - Fila 2 - color: rgb(45, 172, 49)
2025-10-25 04:49:35,580 - config - INFO - Clic en radio de fila 2
2025-10-25 04:49:39,776 - config - INFO - Registro actualizado correctamente
2025-10-25 04:49:39,776 - config - INFO - Registro actualizado.
2025-10-25 04:49:40,554 - config - INFO - Intentando ir a la página 84...
2025-10-25 04:51:11,274 - config - INFO - Página 84 abierta correctamente.
2025-10-25 04:51:15,301 - config - INFO - Fila 3 - color: rgb(45, 172, 49)
2025-10-25 04:51:15,330 - config - INFO - Clic en radio de fila 3
2025-10-25 04:51:19,530 - config - INFO - Registro actualizado correctamente
2025-10-25 04:51:19,530 - config - INFO - Registro actualizado.
2025-10-25 04:51:20,633 - config - INFO - Intentando ir a la página 84...
2025-10-25 04:52:47,658 - config - INFO - Página 84 abierta correctamente.
2025-10-25 04:52:51,696 - config - INFO - Fila 4 - color: rgb(45, 172, 49)
2025-10-25 04:52:51,734 - config - INFO - Clic en radio de fila 4
2025-10-25 04:52:55,915 - config - INFO - Registro actualizado correctamente
2025-10-25 04:52:55,915 - config - INFO - Registro actualizado.
2025-10-25 04:52:56,674 - config - INFO - Intentando ir a la página 84...
2025-10-25 04:54:23,668 - config - INFO - Página 84 abierta correctamente.
2025-10-25 04:54:27,713 - config - INFO - Fila 5 - color: rgb(45, 172, 49)
2025-10-25 04:54:27,757 - config - INFO - Clic en radio de fila 5
2025-10-25 04:54:31,955 - config - INFO - Registro actualizado correctamente
2025-10-25 04:54:31,955 - config - INFO - Registro actualizado.
2025-10-25 04:54:32,782 - config - INFO - Intentando ir a la página 84...
2025-10-25 04:56:00,486 - config - INFO - Página 84 abierta correctamente.
2025-10-25 04:56:04,528 - config - INFO - Fila 6 - color: rgb(45, 172, 49)
2025-10-25 04:56:04,558 - config - INFO - Clic en radio de fila 6
2025-10-25 04:56:08,739 - config - INFO - Registro actualizado correctamente
2025-10-25 04:56:08,739 - config - INFO - Registro actualizado.
2025-10-25 04:56:09,633 - config - INFO - Intentando ir a la página 84...
2025-10-25 04:57:36,688 - config - INFO - Página 84 abierta correctamente.
2025-10-25 04:57:40,720 - config - INFO - Fila 7 - color: rgb(45, 172, 49)
2025-10-25 04:57:40,764 - config - INFO - Clic en radio de fila 7
2025-10-25 04:57:44,960 - config - INFO - Registro actualizado correctamente
2025-10-25 04:57:44,960 - config - INFO - Registro actualizado.
2025-10-25 04:57:45,781 - config - INFO - Intentando ir a la página 84...
2025-10-25 04:59:12,996 - config - INFO - Página 84 abierta correctamente.
2025-10-25 04:59:17,033 - config - INFO - Fila 8 - color: rgb(45, 172, 49)
2025-10-25 04:59:17,068 - config - INFO - Clic en radio de fila 8
2025-10-25 04:59:21,270 - config - INFO - Registro actualizado correctamente
2025-10-25 04:59:21,270 - config - INFO - Registro actualizado.
2025-10-25 04:59:22,091 - config - INFO - Intentando ir a la página 84...
2025-10-25 05:00:50,285 - config - INFO - Página 84 abierta correctamente.
2025-10-25 05:00:54,306 - config - INFO - Fila 9 - color: rgb(45, 172, 49)
2025-10-25 05:00:54,338 - config - INFO - Clic en radio de fila 9
2025-10-25 05:00:58,576 - config - INFO - Registro actualizado correctamente
2025-10-25 05:00:58,576 - config - INFO - Registro actualizado.
2025-10-25 05:00:59,564 - config - INFO - Intentando ir a la página 84...
2025-10-25 05:02:26,735 - config - INFO - Página 84 abierta correctamente.
2025-10-25 05:02:30,760 - config - INFO - Fila 10 - color: rgb(45, 172, 49)
2025-10-25 05:02:30,819 - config - INFO - Clic en radio de fila 10
2025-10-25 05:02:35,025 - config - INFO - Registro actualizado correctamente
2025-10-25 05:02:35,025 - config - INFO - Registro actualizado.
2025-10-25 05:02:36,734 - config - INFO - Intentando ir a la página 84...
2025-10-25 05:04:03,839 - config - INFO - Página 84 abierta correctamente.
2025-10-25 05:04:10,931 - config - INFO - Total de filas encontradas: 10
2025-10-25 05:04:12,947 - config - INFO - Fila 1 - color: rgb(45, 172, 49)
2025-10-25 05:04:12,993 - config - INFO - Clic en radio de fila 1
2025-10-25 05:04:17,173 - config - INFO - Registro actualizado correctamente
2025-10-25 05:04:17,173 - config - INFO - Registro actualizado.
2025-10-25 05:04:19,120 - config - INFO - Intentando ir a la página 85...
2025-10-25 05:05:48,155 - config - INFO - Página 85 abierta correctamente.
2025-10-25 05:05:52,192 - config - INFO - Fila 2 - color: rgb(45, 172, 49)
2025-10-25 05:05:52,228 - config - INFO - Clic en radio de fila 2
2025-10-25 05:05:56,458 - config - INFO - Registro actualizado correctamente
2025-10-25 05:05:56,458 - config - INFO - Registro actualizado.
2025-10-25 05:05:57,470 - config - INFO - Intentando ir a la página 85...
2025-10-25 05:07:25,593 - config - INFO - Página 85 abierta correctamente.
2025-10-25 05:07:29,625 - config - INFO - Fila 3 - color: rgb(45, 172, 49)
2025-10-25 05:07:29,664 - config - INFO - Clic en radio de fila 3
2025-10-25 05:07:33,779 - config - INFO - Registro actualizado correctamente
2025-10-25 05:07:33,779 - config - INFO - Registro actualizado.
2025-10-25 05:07:34,619 - config - INFO - Intentando ir a la página 85...
2025-10-25 05:09:02,814 - config - INFO - Página 85 abierta correctamente.
2025-10-25 05:09:06,853 - config - INFO - Fila 4 - color: rgb(45, 172, 49)
2025-10-25 05:09:06,884 - config - INFO - Clic en radio de fila 4
2025-10-25 05:09:11,098 - config - INFO - Registro actualizado correctamente
2025-10-25 05:09:11,098 - config - INFO - Registro actualizado.
2025-10-25 05:09:11,968 - config - INFO - Intentando ir a la página 85...
2025-10-25 05:10:40,152 - config - INFO - Página 85 abierta correctamente.
2025-10-25 05:10:44,188 - config - INFO - Fila 5 - color: rgb(45, 172, 49)
2025-10-25 05:10:44,220 - config - INFO - Clic en radio de fila 5
2025-10-25 05:10:48,420 - config - INFO - Registro actualizado correctamente
2025-10-25 05:10:48,420 - config - INFO - Registro actualizado.
2025-10-25 05:10:49,442 - config - INFO - Intentando ir a la página 85...
2025-10-25 05:12:17,785 - config - INFO - Página 85 abierta correctamente.
2025-10-25 05:12:21,829 - config - INFO - Fila 6 - color: rgb(45, 172, 49)
2025-10-25 05:12:21,859 - config - INFO - Clic en radio de fila 6
2025-10-25 05:12:26,082 - config - INFO - Registro actualizado correctamente
2025-10-25 05:12:26,082 - config - INFO - Registro actualizado.
2025-10-25 05:12:26,934 - config - INFO - Intentando ir a la página 85...
2025-10-25 05:13:55,105 - config - INFO - Página 85 abierta correctamente.
2025-10-25 05:13:59,136 - config - INFO - Fila 7 - color: rgb(45, 172, 49)
2025-10-25 05:13:59,179 - config - INFO - Clic en radio de fila 7
2025-10-25 05:14:03,380 - config - INFO - Registro actualizado correctamente
2025-10-25 05:14:03,380 - config - INFO - Registro actualizado.
2025-10-25 05:14:04,263 - config - INFO - Intentando ir a la página 85...
2025-10-25 05:15:32,595 - config - INFO - Página 85 abierta correctamente.
2025-10-25 05:15:36,629 - config - INFO - Fila 8 - color: rgb(45, 172, 49)
2025-10-25 05:15:36,666 - config - INFO - Clic en radio de fila 8
2025-10-25 05:15:40,778 - config - INFO - Registro actualizado correctamente
2025-10-25 05:15:40,778 - config - INFO - Registro actualizado.
2025-10-25 05:15:41,705 - config - INFO - Intentando ir a la página 85...
2025-10-25 05:17:09,980 - config - INFO - Página 85 abierta correctamente.
2025-10-25 05:17:14,013 - config - INFO - Fila 9 - color: rgb(45, 172, 49)
2025-10-25 05:17:14,054 - config - INFO - Clic en radio de fila 9
2025-10-25 05:17:18,251 - config - INFO - Registro actualizado correctamente
2025-10-25 05:17:18,251 - config - INFO - Registro actualizado.
2025-10-25 05:17:19,096 - config - INFO - Intentando ir a la página 85...
2025-10-25 05:18:47,235 - config - INFO - Página 85 abierta correctamente.
2025-10-25 05:18:51,271 - config - INFO - Fila 10 - color: rgb(45, 172, 49)
2025-10-25 05:18:51,304 - config - INFO - Clic en radio de fila 10
2025-10-25 05:18:55,488 - config - INFO - Registro actualizado correctamente
2025-10-25 05:18:55,488 - config - INFO - Registro actualizado.
2025-10-25 05:18:56,373 - config - INFO - Intentando ir a la página 85...
2025-10-25 05:20:24,635 - config - INFO - Página 85 abierta correctamente.
2025-10-25 05:20:31,725 - config - INFO - Total de filas encontradas: 10
2025-10-25 05:20:33,748 - config - INFO - Fila 1 - color: rgb(45, 172, 49)
2025-10-25 05:20:33,827 - config - INFO - Clic en radio de fila 1
2025-10-25 05:20:38,019 - config - INFO - Registro actualizado correctamente
2025-10-25 05:20:38,019 - config - INFO - Registro actualizado.
2025-10-25 05:20:38,700 - config - INFO - Intentando ir a la página 86...
2025-10-25 05:22:08,518 - config - INFO - Página 86 abierta correctamente.
2025-10-25 05:22:12,549 - config - INFO - Fila 2 - color: rgb(45, 172, 49)
2025-10-25 05:22:12,590 - config - INFO - Clic en radio de fila 2
2025-10-25 05:22:16,789 - config - INFO - Registro actualizado correctamente
2025-10-25 05:22:16,790 - config - INFO - Registro actualizado.
2025-10-25 05:22:17,558 - config - INFO - Intentando ir a la página 86...
2025-10-25 05:23:46,653 - config - INFO - Página 86 abierta correctamente.
2025-10-25 05:23:50,682 - config - INFO - Fila 3 - color: rgb(45, 172, 49)
2025-10-25 05:23:50,709 - config - INFO - Clic en radio de fila 3
2025-10-25 05:23:54,908 - config - INFO - Registro actualizado correctamente
2025-10-25 05:23:54,908 - config - INFO - Registro actualizado.
2025-10-25 05:23:55,721 - config - INFO - Intentando ir a la página 86...
2025-10-25 05:25:24,942 - config - INFO - Página 86 abierta correctamente.
2025-10-25 05:25:28,984 - config - INFO - Fila 4 - color: rgb(45, 172, 49)
2025-10-25 05:25:29,013 - config - INFO - Clic en radio de fila 4
2025-10-25 05:25:33,211 - config - INFO - Registro actualizado correctamente
2025-10-25 05:25:33,211 - config - INFO - Registro actualizado.
2025-10-25 05:25:34,107 - config - INFO - Intentando ir a la página 86...
2025-10-25 05:27:03,259 - config - INFO - Página 86 abierta correctamente.
2025-10-25 05:27:07,290 - config - INFO - Fila 5 - color: rgb(45, 172, 49)
2025-10-25 05:27:07,334 - config - INFO - Clic en radio de fila 5
2025-10-25 05:27:11,530 - config - INFO - Registro actualizado correctamente
2025-10-25 05:27:11,531 - config - INFO - Registro actualizado.
2025-10-25 05:27:12,435 - config - INFO - Intentando ir a la página 86...
2025-10-25 05:28:41,846 - config - INFO - Página 86 abierta correctamente.
2025-10-25 05:28:45,882 - config - INFO - Fila 6 - color: rgb(45, 172, 49)
2025-10-25 05:28:45,927 - config - INFO - Clic en radio de fila 6
2025-10-25 05:28:50,098 - config - INFO - Registro actualizado correctamente
2025-10-25 05:28:50,098 - config - INFO - Registro actualizado.
2025-10-25 05:28:50,934 - config - INFO - Intentando ir a la página 86...
2025-10-25 05:30:20,332 - config - INFO - Página 86 abierta correctamente.
2025-10-25 05:30:24,375 - config - INFO - Fila 7 - color: rgb(45, 172, 49)
2025-10-25 05:30:24,422 - config - INFO - Clic en radio de fila 7
2025-10-25 05:30:28,600 - config - INFO - Registro actualizado correctamente
2025-10-25 05:30:28,600 - config - INFO - Registro actualizado.
2025-10-25 05:30:29,531 - config - INFO - Intentando ir a la página 86...
2025-10-25 05:31:58,669 - config - INFO - Página 86 abierta correctamente.
2025-10-25 05:32:02,698 - config - INFO - Fila 8 - color: rgb(45, 172, 49)
2025-10-25 05:32:02,741 - config - INFO - Clic en radio de fila 8
2025-10-25 05:32:06,921 - config - INFO - Registro actualizado correctamente
2025-10-25 05:32:06,921 - config - INFO - Registro actualizado.
2025-10-25 05:32:07,742 - config - INFO - Intentando ir a la página 86...
2025-10-25 05:33:37,085 - config - INFO - Página 86 abierta correctamente.
2025-10-25 05:33:41,115 - config - INFO - Fila 9 - color: rgb(45, 172, 49)
2025-10-25 05:33:41,160 - config - INFO - Clic en radio de fila 9
2025-10-25 05:33:45,356 - config - INFO - Registro actualizado correctamente
2025-10-25 05:33:45,357 - config - INFO - Registro actualizado.
2025-10-25 05:33:46,311 - config - INFO - Intentando ir a la página 86...
2025-10-25 05:35:15,939 - config - INFO - Página 86 abierta correctamente.
2025-10-25 05:35:19,967 - config - INFO - Fila 10 - color: rgb(45, 172, 49)
2025-10-25 05:35:19,993 - config - INFO - Clic en radio de fila 10
2025-10-25 05:35:24,227 - config - INFO - Registro actualizado correctamente
2025-10-25 05:35:24,228 - config - INFO - Registro actualizado.
2025-10-25 05:35:25,112 - config - INFO - Intentando ir a la página 86...
2025-10-25 05:36:54,376 - config - INFO - Página 86 abierta correctamente.
2025-10-25 05:37:01,475 - config - INFO - Total de filas encontradas: 10
2025-10-25 05:37:03,505 - config - INFO - Fila 1 - color: rgb(45, 172, 49)
2025-10-25 05:37:03,544 - config - INFO - Clic en radio de fila 1
2025-10-25 05:37:07,742 - config - INFO - Registro actualizado correctamente
2025-10-25 05:37:07,743 - config - INFO - Registro actualizado.
2025-10-25 05:37:08,648 - config - INFO - Intentando ir a la página 87...
2025-10-25 05:38:39,307 - config - INFO - Página 87 abierta correctamente.
2025-10-25 05:38:43,460 - config - INFO - Fila 2 - color: rgb(45, 172, 49)
2025-10-25 05:38:44,145 - config - INFO - Clic en radio de fila 2
2025-10-25 05:38:48,345 - config - INFO - Registro actualizado correctamente
2025-10-25 05:38:48,346 - config - INFO - Registro actualizado.
2025-10-25 05:38:49,100 - config - INFO - Intentando ir a la página 87...
2025-10-25 05:40:19,223 - config - INFO - Página 87 abierta correctamente.
2025-10-25 05:40:23,244 - config - INFO - Fila 3 - color: rgb(45, 172, 49)
2025-10-25 05:40:23,279 - config - INFO - Clic en radio de fila 3
2025-10-25 05:40:27,460 - config - INFO - Registro actualizado correctamente
2025-10-25 05:40:27,460 - config - INFO - Registro actualizado.
2025-10-25 05:40:27,990 - config - INFO - Intentando ir a la página 87...
2025-10-25 05:41:58,228 - config - INFO - Página 87 abierta correctamente.
2025-10-25 05:42:02,248 - config - INFO - Fila 4 - color: rgb(45, 172, 49)
2025-10-25 05:42:02,283 - config - INFO - Clic en radio de fila 4
2025-10-25 05:42:06,476 - config - INFO - Registro actualizado correctamente
2025-10-25 05:42:06,476 - config - INFO - Registro actualizado.
2025-10-25 05:42:07,542 - config - INFO - Intentando ir a la página 87...
2025-10-25 05:43:38,129 - config - INFO - Página 87 abierta correctamente.
2025-10-25 05:43:42,154 - config - INFO - Fila 5 - color: rgb(45, 172, 49)
2025-10-25 05:43:42,368 - config - INFO - Clic en radio de fila 5
2025-10-25 05:43:46,565 - config - INFO - Registro actualizado correctamente
2025-10-25 05:43:46,565 - config - INFO - Registro actualizado.
2025-10-25 05:43:47,454 - config - INFO - Intentando ir a la página 87...
2025-10-25 05:45:17,794 - config - INFO - Página 87 abierta correctamente.
2025-10-25 05:45:21,829 - config - INFO - Fila 6 - color: rgb(45, 172, 49)
2025-10-25 05:45:21,867 - config - INFO - Clic en radio de fila 6
2025-10-25 05:45:26,065 - config - INFO - Registro actualizado correctamente
2025-10-25 05:45:26,065 - config - INFO - Registro actualizado.
2025-10-25 05:45:27,026 - config - INFO - Intentando ir a la página 87...
2025-10-25 05:46:57,565 - config - INFO - Página 87 abierta correctamente.
2025-10-25 05:47:01,601 - config - INFO - Fila 7 - color: rgb(45, 172, 49)
2025-10-25 05:47:01,635 - config - INFO - Clic en radio de fila 7
2025-10-25 05:47:05,802 - config - INFO - Registro actualizado correctamente
2025-10-25 05:47:05,802 - config - INFO - Registro actualizado.
2025-10-25 05:47:06,601 - config - INFO - Intentando ir a la página 87...
2025-10-25 05:48:36,763 - config - INFO - Página 87 abierta correctamente.
2025-10-25 05:48:40,807 - config - INFO - Fila 8 - color: rgb(45, 172, 49)
2025-10-25 05:48:40,838 - config - INFO - Clic en radio de fila 8
2025-10-25 05:48:45,036 - config - INFO - Registro actualizado correctamente
2025-10-25 05:48:45,036 - config - INFO - Registro actualizado.
2025-10-25 05:48:45,795 - config - INFO - Intentando ir a la página 87...
2025-10-25 05:50:16,121 - config - INFO - Página 87 abierta correctamente.
2025-10-25 05:50:20,154 - config - INFO - Fila 9 - color: rgb(45, 172, 49)
2025-10-25 05:50:20,189 - config - INFO - Clic en radio de fila 9
2025-10-25 05:50:24,425 - config - INFO - Registro actualizado correctamente
2025-10-25 05:50:24,425 - config - INFO - Registro actualizado.
2025-10-25 05:50:25,272 - config - INFO - Intentando ir a la página 87...
2025-10-25 05:51:55,736 - config - INFO - Página 87 abierta correctamente.
2025-10-25 05:51:59,759 - config - INFO - Fila 10 - color: rgb(45, 172, 49)
2025-10-25 05:51:59,790 - config - INFO - Clic en radio de fila 10
2025-10-25 05:52:03,989 - config - INFO - Registro actualizado correctamente
2025-10-25 05:52:03,990 - config - INFO - Registro actualizado.
2025-10-25 05:52:04,784 - config - INFO - Intentando ir a la página 87...
2025-10-25 05:53:35,039 - config - INFO - Página 87 abierta correctamente.
2025-10-25 05:53:42,128 - config - INFO - Total de filas encontradas: 10
2025-10-25 05:53:44,151 - config - INFO - Fila 1 - color: rgb(45, 172, 49)
2025-10-25 05:53:44,190 - config - INFO - Clic en radio de fila 1
2025-10-25 05:53:48,370 - config - INFO - Registro actualizado correctamente
2025-10-25 05:53:48,370 - config - INFO - Registro actualizado.
2025-10-25 05:53:49,198 - config - INFO - Intentando ir a la página 88...
2025-10-25 05:55:23,551 - config - INFO - Página 88 abierta correctamente.
2025-10-25 05:55:27,570 - config - INFO - Fila 2 - color: rgb(45, 172, 49)
2025-10-25 05:55:27,605 - config - INFO - Clic en radio de fila 2
2025-10-25 05:55:31,799 - config - INFO - Registro actualizado correctamente
2025-10-25 05:55:31,800 - config - INFO - Registro actualizado.
2025-10-25 05:55:32,646 - config - INFO - Intentando ir a la página 88...
2025-10-25 05:57:04,001 - config - INFO - Página 88 abierta correctamente.
2025-10-25 05:57:08,041 - config - INFO - Fila 3 - color: rgb(45, 172, 49)
2025-10-25 05:57:08,073 - config - INFO - Clic en radio de fila 3
2025-10-25 05:57:12,269 - config - INFO - Registro actualizado correctamente
2025-10-25 05:57:12,270 - config - INFO - Registro actualizado.
2025-10-25 05:57:13,097 - config - INFO - Intentando ir a la página 88...
2025-10-25 05:58:44,465 - config - INFO - Página 88 abierta correctamente.
2025-10-25 05:58:48,496 - config - INFO - Fila 4 - color: rgb(45, 172, 49)
2025-10-25 05:58:48,522 - config - INFO - Clic en radio de fila 4
2025-10-25 05:58:52,684 - config - INFO - Registro actualizado correctamente
2025-10-25 05:58:52,684 - config - INFO - Registro actualizado.
2025-10-25 05:58:53,497 - config - INFO - Intentando ir a la página 88...
2025-10-25 06:00:24,932 - config - INFO - Página 88 abierta correctamente.
2025-10-25 06:00:28,955 - config - INFO - Fila 5 - color: rgb(45, 172, 49)
2025-10-25 06:00:28,993 - config - INFO - Clic en radio de fila 5
2025-10-25 06:00:33,173 - config - INFO - Registro actualizado correctamente
2025-10-25 06:00:33,173 - config - INFO - Registro actualizado.
2025-10-25 06:00:33,790 - config - INFO - Intentando ir a la página 88...
2025-10-25 06:02:05,137 - config - INFO - Página 88 abierta correctamente.
2025-10-25 06:02:09,163 - config - INFO - Fila 6 - color: rgb(45, 172, 49)
2025-10-25 06:02:09,193 - config - INFO - Clic en radio de fila 6
2025-10-25 06:02:13,370 - config - INFO - Registro actualizado correctamente
2025-10-25 06:02:13,371 - config - INFO - Registro actualizado.
2025-10-25 06:02:14,230 - config - INFO - Intentando ir a la página 88...
2025-10-25 06:03:45,640 - config - INFO - Página 88 abierta correctamente.
2025-10-25 06:03:49,679 - config - INFO - Fila 7 - color: rgb(45, 172, 49)
2025-10-25 06:03:49,711 - config - INFO - Clic en radio de fila 7
2025-10-25 06:03:53,887 - config - INFO - Registro actualizado correctamente
2025-10-25 06:03:53,888 - config - INFO - Registro actualizado.
2025-10-25 06:03:54,651 - config - INFO - Intentando ir a la página 88...
2025-10-25 06:05:26,055 - config - INFO - Página 88 abierta correctamente.
2025-10-25 06:05:30,095 - config - INFO - Fila 8 - color: rgb(45, 172, 49)
2025-10-25 06:05:30,146 - config - INFO - Clic en radio de fila 8
2025-10-25 06:05:34,331 - config - INFO - Registro actualizado correctamente
2025-10-25 06:05:34,331 - config - INFO - Registro actualizado.
2025-10-25 06:05:35,144 - config - INFO - Intentando ir a la página 88...
2025-10-25 06:07:06,327 - config - INFO - Página 88 abierta correctamente.
2025-10-25 06:07:10,373 - config - INFO - Fila 9 - color: rgb(45, 172, 49)
2025-10-25 06:07:10,412 - config - INFO - Clic en radio de fila 9
2025-10-25 06:07:14,574 - config - INFO - Registro actualizado correctamente
2025-10-25 06:07:14,575 - config - INFO - Registro actualizado.
2025-10-25 06:07:15,401 - config - INFO - Intentando ir a la página 88...
2025-10-25 06:08:46,775 - config - INFO - Página 88 abierta correctamente.
2025-10-25 06:08:50,808 - config - INFO - Fila 10 - color: rgb(45, 172, 49)
2025-10-25 06:08:50,848 - config - INFO - Clic en radio de fila 10
2025-10-25 06:08:55,043 - config - INFO - Registro actualizado correctamente
2025-10-25 06:08:55,043 - config - INFO - Registro actualizado.
2025-10-25 06:08:55,838 - config - INFO - Intentando ir a la página 88...
2025-10-25 06:10:27,192 - config - INFO - Página 88 abierta correctamente.
2025-10-25 06:10:34,277 - config - INFO - Total de filas encontradas: 10
2025-10-25 06:10:36,306 - config - INFO - Fila 1 - color: rgb(45, 172, 49)
2025-10-25 06:10:36,343 - config - INFO - Clic en radio de fila 1
2025-10-25 06:10:40,541 - config - INFO - Registro actualizado correctamente
2025-10-25 06:10:40,541 - config - INFO - Registro actualizado.
2025-10-25 06:10:41,361 - config - INFO - Intentando ir a la página 89...
2025-10-25 06:12:13,735 - config - INFO - Página 89 abierta correctamente.
2025-10-25 06:12:17,751 - config - INFO - Fila 2 - color: rgb(45, 172, 49)
2025-10-25 06:12:17,793 - config - INFO - Clic en radio de fila 2
2025-10-25 06:12:21,973 - config - INFO - Registro actualizado correctamente
2025-10-25 06:12:21,973 - config - INFO - Registro actualizado.
2025-10-25 06:12:22,821 - config - INFO - Intentando ir a la página 89...
2025-10-25 06:13:55,352 - config - INFO - Página 89 abierta correctamente.
2025-10-25 06:13:59,381 - config - INFO - Fila 3 - color: rgb(45, 172, 49)
2025-10-25 06:13:59,428 - config - INFO - Clic en radio de fila 3
2025-10-25 06:14:03,540 - config - INFO - Registro actualizado correctamente
2025-10-25 06:14:03,540 - config - INFO - Registro actualizado.
2025-10-25 06:14:04,351 - config - INFO - Intentando ir a la página 89...
2025-10-25 06:15:36,737 - config - INFO - Página 89 abierta correctamente.
2025-10-25 06:15:40,779 - config - INFO - Fila 4 - color: rgb(45, 172, 49)
2025-10-25 06:15:40,810 - config - INFO - Clic en radio de fila 4
2025-10-25 06:15:45,007 - config - INFO - Registro actualizado correctamente
2025-10-25 06:15:45,007 - config - INFO - Registro actualizado.
2025-10-25 06:15:45,774 - config - INFO - Intentando ir a la página 89...
2025-10-25 06:17:18,471 - config - INFO - Página 89 abierta correctamente.
2025-10-25 06:17:22,500 - config - INFO - Fila 5 - color: rgb(45, 172, 49)
2025-10-25 06:17:22,544 - config - INFO - Clic en radio de fila 5
2025-10-25 06:17:26,723 - config - INFO - Registro actualizado correctamente
2025-10-25 06:17:26,723 - config - INFO - Registro actualizado.
2025-10-25 06:17:27,496 - config - INFO - Intentando ir a la página 89...
2025-10-25 06:18:59,955 - config - INFO - Página 89 abierta correctamente.
2025-10-25 06:19:03,978 - config - INFO - Fila 6 - color: rgb(45, 172, 49)
2025-10-25 06:19:04,011 - config - INFO - Clic en radio de fila 6
2025-10-25 06:19:08,225 - config - INFO - Registro actualizado correctamente
2025-10-25 06:19:08,225 - config - INFO - Registro actualizado.
2025-10-25 06:19:09,002 - config - INFO - Intentando ir a la página 89...
2025-10-25 06:20:41,654 - config - INFO - Página 89 abierta correctamente.
2025-10-25 06:20:45,686 - config - INFO - Fila 7 - color: rgb(45, 172, 49)
2025-10-25 06:20:45,726 - config - INFO - Clic en radio de fila 7
2025-10-25 06:20:49,889 - config - INFO - Registro actualizado correctamente
2025-10-25 06:20:49,889 - config - INFO - Registro actualizado.
2025-10-25 06:20:50,879 - config - INFO - Intentando ir a la página 89...
2025-10-25 06:22:23,321 - config - INFO - Página 89 abierta correctamente.
2025-10-25 06:22:27,342 - config - INFO - Fila 8 - color: rgb(45, 172, 49)
2025-10-25 06:22:27,376 - config - INFO - Clic en radio de fila 8
2025-10-25 06:22:31,577 - config - INFO - Registro actualizado correctamente
2025-10-25 06:22:31,578 - config - INFO - Registro actualizado.
2025-10-25 06:22:32,355 - config - INFO - Intentando ir a la página 89...
2025-10-25 06:24:04,988 - config - INFO - Página 89 abierta correctamente.
2025-10-25 06:24:09,027 - config - INFO - Fila 9 - color: rgb(45, 172, 49)
2025-10-25 06:24:09,059 - config - INFO - Clic en radio de fila 9
2025-10-25 06:24:13,154 - config - INFO - Registro actualizado correctamente
2025-10-25 06:24:13,155 - config - INFO - Registro actualizado.
2025-10-25 06:24:14,037 - config - INFO - Intentando ir a la página 89...
2025-10-25 06:25:46,442 - config - INFO - Página 89 abierta correctamente.
2025-10-25 06:25:50,486 - config - INFO - Fila 10 - color: rgb(45, 172, 49)
2025-10-25 06:25:50,527 - config - INFO - Clic en radio de fila 10
2025-10-25 06:25:54,725 - config - INFO - Registro actualizado correctamente
2025-10-25 06:25:54,725 - config - INFO - Registro actualizado.
2025-10-25 06:25:55,777 - config - INFO - Intentando ir a la página 89...
2025-10-25 06:27:28,486 - config - INFO - Página 89 abierta correctamente.
2025-10-25 06:27:35,602 - config - INFO - Total de filas encontradas: 10
2025-10-25 06:27:37,629 - config - INFO - Fila 1 - color: rgb(45, 172, 49)
2025-10-25 06:27:37,704 - config - INFO - Clic en radio de fila 1
2025-10-25 06:27:41,904 - config - INFO - Registro actualizado correctamente
2025-10-25 06:27:41,904 - config - INFO - Registro actualizado.
2025-10-25 06:27:42,673 - config - INFO - Intentando ir a la página 90...
2025-10-25 06:29:16,700 - config - INFO - Página 90 abierta correctamente.
2025-10-25 06:29:20,731 - config - INFO - Fila 2 - color: rgb(45, 172, 49)
2025-10-25 06:29:20,771 - config - INFO - Clic en radio de fila 2
2025-10-25 06:29:24,969 - config - INFO - Registro actualizado correctamente
2025-10-25 06:29:24,969 - config - INFO - Registro actualizado.
2025-10-25 06:29:25,878 - config - INFO - Intentando ir a la página 90...
2025-10-25 06:31:00,147 - config - INFO - Página 90 abierta correctamente.
2025-10-25 06:31:04,196 - config - INFO - Fila 3 - color: rgb(45, 172, 49)
2025-10-25 06:31:04,238 - config - INFO - Clic en radio de fila 3
2025-10-25 06:31:08,435 - config - INFO - Registro actualizado correctamente
2025-10-25 06:31:08,435 - config - INFO - Registro actualizado.
2025-10-25 06:31:09,268 - config - INFO - Intentando ir a la página 90...
2025-10-25 06:32:42,846 - config - INFO - Página 90 abierta correctamente.
2025-10-25 06:32:46,886 - config - INFO - Fila 4 - color: rgb(45, 172, 49)
2025-10-25 06:32:46,936 - config - INFO - Clic en radio de fila 4
2025-10-25 06:32:51,170 - config - INFO - Registro actualizado correctamente
2025-10-25 06:32:51,170 - config - INFO - Registro actualizado.
2025-10-25 06:32:51,604 - config - INFO - Intentando ir a la página 90...
2025-10-25 06:34:25,958 - config - INFO - Página 90 abierta correctamente.
2025-10-25 06:34:29,988 - config - INFO - Fila 5 - color: rgb(45, 172, 49)
2025-10-25 06:34:30,036 - config - INFO - Clic en radio de fila 5
2025-10-25 06:34:34,236 - config - INFO - Registro actualizado correctamente
2025-10-25 06:34:34,236 - config - INFO - Registro actualizado.
2025-10-25 06:34:34,988 - config - INFO - Intentando ir a la página 90...
2025-10-25 06:36:08,498 - config - INFO - Página 90 abierta correctamente.
2025-10-25 06:36:12,535 - config - INFO - Fila 6 - color: rgb(45, 172, 49)
2025-10-25 06:36:12,565 - config - INFO - Clic en radio de fila 6
2025-10-25 06:36:16,646 - config - INFO - Registro actualizado correctamente
2025-10-25 06:36:16,647 - config - INFO - Registro actualizado.
2025-10-25 06:36:17,607 - config - INFO - Intentando ir a la página 90...
2025-10-25 06:37:51,112 - config - INFO - Página 90 abierta correctamente.
2025-10-25 06:37:55,143 - config - INFO - Fila 7 - color: rgb(45, 172, 49)
2025-10-25 06:37:55,182 - config - INFO - Clic en radio de fila 7
2025-10-25 06:37:59,379 - config - INFO - Registro actualizado correctamente
2025-10-25 06:37:59,379 - config - INFO - Registro actualizado.
2025-10-25 06:38:00,214 - config - INFO - Intentando ir a la página 90...
2025-10-25 06:39:33,756 - config - INFO - Página 90 abierta correctamente.
2025-10-25 06:39:37,786 - config - INFO - Fila 8 - color: rgb(45, 172, 49)
2025-10-25 06:39:37,813 - config - INFO - Clic en radio de fila 8
2025-10-25 06:39:42,017 - config - INFO - Registro actualizado correctamente
2025-10-25 06:39:42,017 - config - INFO - Registro actualizado.
2025-10-25 06:39:42,806 - config - INFO - Intentando ir a la página 90...
2025-10-25 06:41:16,175 - config - INFO - Página 90 abierta correctamente.
2025-10-25 06:41:20,213 - config - INFO - Fila 9 - color: rgb(45, 172, 49)
2025-10-25 06:41:20,253 - config - INFO - Clic en radio de fila 9
2025-10-25 06:41:24,447 - config - INFO - Registro actualizado correctamente
2025-10-25 06:41:24,447 - config - INFO - Registro actualizado.
2025-10-25 06:41:26,309 - config - INFO - Intentando ir a la página 90...
2025-10-25 06:43:00,009 - config - INFO - Página 90 abierta correctamente.
2025-10-25 06:43:04,042 - config - INFO - Fila 10 - color: rgb(45, 172, 49)
2025-10-25 06:43:04,080 - config - INFO - Clic en radio de fila 10
2025-10-25 06:43:08,276 - config - INFO - Registro actualizado correctamente
2025-10-25 06:43:08,277 - config - INFO - Registro actualizado.
2025-10-25 06:43:09,037 - config - INFO - Intentando ir a la página 90...
2025-10-25 06:44:42,590 - config - INFO - Página 90 abierta correctamente.
2025-10-25 06:44:49,702 - config - INFO - Total de filas encontradas: 10
2025-10-25 06:44:51,724 - config - INFO - Fila 1 - color: rgb(45, 172, 49)
2025-10-25 06:44:51,757 - config - INFO - Clic en radio de fila 1
2025-10-25 06:44:55,955 - config - INFO - Registro actualizado correctamente
2025-10-25 06:44:55,955 - config - INFO - Registro actualizado.
2025-10-25 06:44:56,772 - config - INFO - Intentando ir a la página 91...
2025-10-25 06:46:31,468 - config - INFO - Página 91 abierta correctamente.
2025-10-25 06:46:35,516 - config - INFO - Fila 2 - color: rgb(45, 172, 49)
2025-10-25 06:46:35,556 - config - INFO - Clic en radio de fila 2
2025-10-25 06:46:39,768 - config - INFO - Registro actualizado correctamente
2025-10-25 06:46:39,769 - config - INFO - Registro actualizado.
2025-10-25 06:46:40,661 - config - INFO - Intentando ir a la página 91...
2025-10-25 06:48:15,113 - config - INFO - Página 91 abierta correctamente.
2025-10-25 06:48:19,161 - config - INFO - Fila 3 - color: rgb(45, 172, 49)
2025-10-25 06:48:19,202 - config - INFO - Clic en radio de fila 3
2025-10-25 06:48:23,314 - config - INFO - Registro actualizado correctamente
2025-10-25 06:48:23,314 - config - INFO - Registro actualizado.
2025-10-25 06:48:24,188 - config - INFO - Intentando ir a la página 91...
2025-10-25 06:49:58,664 - config - INFO - Página 91 abierta correctamente.
2025-10-25 06:50:02,704 - config - INFO - Fila 4 - color: rgb(45, 172, 49)
2025-10-25 06:50:02,754 - config - INFO - Clic en radio de fila 4
2025-10-25 06:50:06,950 - config - INFO - Registro actualizado correctamente
2025-10-25 06:50:06,950 - config - INFO - Registro actualizado.
2025-10-25 06:50:08,060 - config - INFO - Intentando ir a la página 91...
2025-10-25 06:51:42,592 - config - INFO - Página 91 abierta correctamente.
2025-10-25 06:51:46,627 - config - INFO - Fila 5 - color: rgb(45, 172, 49)
2025-10-25 06:51:46,666 - config - INFO - Clic en radio de fila 5
2025-10-25 06:51:50,868 - config - INFO - Registro actualizado correctamente
2025-10-25 06:51:50,868 - config - INFO - Registro actualizado.
2025-10-25 06:51:51,708 - config - INFO - Intentando ir a la página 91...
2025-10-25 06:53:26,375 - config - INFO - Página 91 abierta correctamente.
2025-10-25 06:53:30,416 - config - INFO - Fila 6 - color: rgb(45, 172, 49)
2025-10-25 06:53:30,450 - config - INFO - Clic en radio de fila 6
2025-10-25 06:53:34,646 - config - INFO - Registro actualizado correctamente
2025-10-25 06:53:34,647 - config - INFO - Registro actualizado.
2025-10-25 06:53:35,468 - config - INFO - Intentando ir a la página 91...
2025-10-25 06:55:10,257 - config - INFO - Página 91 abierta correctamente.
2025-10-25 06:55:14,287 - config - INFO - Fila 7 - color: rgb(45, 172, 49)
2025-10-25 06:55:14,333 - config - INFO - Clic en radio de fila 7
2025-10-25 06:55:18,491 - config - INFO - Registro actualizado correctamente
2025-10-25 06:55:18,491 - config - INFO - Registro actualizado.
2025-10-25 06:55:19,392 - config - INFO - Intentando ir a la página 91...
2025-10-25 06:56:53,910 - config - INFO - Página 91 abierta correctamente.
2025-10-25 06:56:57,939 - config - INFO - Fila 8 - color: rgb(45, 172, 49)
2025-10-25 06:56:57,978 - config - INFO - Clic en radio de fila 8
2025-10-25 06:57:02,158 - config - INFO - Registro actualizado correctamente
2025-10-25 06:57:02,159 - config - INFO - Registro actualizado.
2025-10-25 06:57:02,964 - config - INFO - Intentando ir a la página 91...
2025-10-25 06:58:37,590 - config - INFO - Página 91 abierta correctamente.
2025-10-25 06:58:41,626 - config - INFO - Fila 9 - color: rgb(45, 172, 49)
2025-10-25 06:58:41,664 - config - INFO - Clic en radio de fila 9
2025-10-25 06:58:45,862 - config - INFO - Registro actualizado correctamente
2025-10-25 06:58:45,862 - config - INFO - Registro actualizado.
2025-10-25 06:58:47,492 - config - INFO - Intentando ir a la página 91...
2025-10-25 07:00:22,023 - config - INFO - Página 91 abierta correctamente.
2025-10-25 07:00:26,061 - config - INFO - Fila 10 - color: rgb(45, 172, 49)
2025-10-25 07:00:26,100 - config - INFO - Clic en radio de fila 10
2025-10-25 07:00:30,210 - config - INFO - Registro actualizado correctamente
2025-10-25 07:00:30,210 - config - INFO - Registro actualizado.
2025-10-25 07:00:31,112 - config - INFO - Intentando ir a la página 91...
2025-10-25 07:02:05,909 - config - INFO - Página 91 abierta correctamente.
2025-10-25 07:02:12,993 - config - INFO - Total de filas encontradas: 10
2025-10-25 07:02:15,016 - config - INFO - Fila 1 - color: rgb(45, 172, 49)
2025-10-25 07:02:15,100 - config - INFO - Clic en radio de fila 1
2025-10-25 07:02:19,292 - config - INFO - Registro actualizado correctamente
2025-10-25 07:02:19,292 - config - INFO - Registro actualizado.
2025-10-25 07:02:19,720 - config - INFO - Intentando ir a la página 92...
2025-10-25 07:03:55,408 - config - INFO - Página 92 abierta correctamente.
2025-10-25 07:03:59,435 - config - INFO - Fila 2 - color: rgb(45, 172, 49)
2025-10-25 07:03:59,477 - config - INFO - Clic en radio de fila 2
2025-10-25 07:04:03,659 - config - INFO - Registro actualizado correctamente
2025-10-25 07:04:03,660 - config - INFO - Registro actualizado.
2025-10-25 07:04:04,142 - config - INFO - Intentando ir a la página 92...
2025-10-25 07:05:40,285 - config - INFO - Página 92 abierta correctamente.
2025-10-25 07:05:44,316 - config - INFO - Fila 3 - color: rgb(45, 172, 49)
2025-10-25 07:05:44,349 - config - INFO - Clic en radio de fila 3
2025-10-25 07:05:48,559 - config - INFO - Registro actualizado correctamente
2025-10-25 07:05:48,560 - config - INFO - Registro actualizado.
2025-10-25 07:05:49,532 - config - INFO - Intentando ir a la página 92...
2025-10-25 07:07:25,121 - config - INFO - Página 92 abierta correctamente.
2025-10-25 07:07:29,160 - config - INFO - Fila 4 - color: rgb(45, 172, 49)
2025-10-25 07:07:29,194 - config - INFO - Clic en radio de fila 4
2025-10-25 07:07:33,391 - config - INFO - Registro actualizado correctamente
2025-10-25 07:07:33,391 - config - INFO - Registro actualizado.
2025-10-25 07:07:34,257 - config - INFO - Intentando ir a la página 92...
2025-10-25 07:09:10,024 - config - INFO - Página 92 abierta correctamente.
2025-10-25 07:09:14,061 - config - INFO - Fila 5 - color: rgb(45, 172, 49)
2025-10-25 07:09:14,094 - config - INFO - Clic en radio de fila 5
2025-10-25 07:09:18,292 - config - INFO - Registro actualizado correctamente
2025-10-25 07:09:18,293 - config - INFO - Registro actualizado.
2025-10-25 07:09:19,236 - config - INFO - Intentando ir a la página 92...
2025-10-25 07:10:55,219 - config - INFO - Página 92 abierta correctamente.
2025-10-25 07:10:59,252 - config - INFO - Fila 6 - color: rgb(45, 172, 49)
2025-10-25 07:10:59,293 - config - INFO - Clic en radio de fila 6
2025-10-25 07:11:03,491 - config - INFO - Registro actualizado correctamente
2025-10-25 07:11:03,492 - config - INFO - Registro actualizado.
2025-10-25 07:11:04,404 - config - INFO - Intentando ir a la página 92...
2025-10-25 07:12:40,018 - config - INFO - Página 92 abierta correctamente.
2025-10-25 07:12:44,049 - config - INFO - Fila 7 - color: rgb(45, 172, 49)
2025-10-25 07:12:44,092 - config - INFO - Clic en radio de fila 7
2025-10-25 07:12:48,275 - config - INFO - Registro actualizado correctamente
2025-10-25 07:12:48,276 - config - INFO - Registro actualizado.
2025-10-25 07:12:48,761 - config - INFO - Intentando ir a la página 92...
2025-10-25 07:14:24,323 - config - INFO - Página 92 abierta correctamente.
2025-10-25 07:14:28,367 - config - INFO - Fila 8 - color: rgb(45, 172, 49)
2025-10-25 07:14:28,411 - config - INFO - Clic en radio de fila 8
2025-10-25 07:14:32,522 - config - INFO - Registro actualizado correctamente
2025-10-25 07:14:32,522 - config - INFO - Registro actualizado.
2025-10-25 07:14:33,302 - config - INFO - Intentando ir a la página 92...
2025-10-25 07:16:08,986 - config - INFO - Página 92 abierta correctamente.
2025-10-25 07:16:13,016 - config - INFO - Fila 9 - color: rgb(45, 172, 49)
2025-10-25 07:16:13,078 - config - INFO - Clic en radio de fila 9
2025-10-25 07:16:17,274 - config - INFO - Registro actualizado correctamente
2025-10-25 07:16:17,275 - config - INFO - Registro actualizado.
2025-10-25 07:16:18,198 - config - INFO - Intentando ir a la página 92...
2025-10-25 07:17:54,039 - config - INFO - Página 92 abierta correctamente.
2025-10-25 07:17:58,072 - config - INFO - Fila 10 - color: rgb(45, 172, 49)
2025-10-25 07:17:58,109 - config - INFO - Clic en radio de fila 10
2025-10-25 07:18:02,306 - config - INFO - Registro actualizado correctamente
2025-10-25 07:18:02,307 - config - INFO - Registro actualizado.
2025-10-25 07:18:03,287 - config - INFO - Intentando ir a la página 92...
2025-10-25 07:19:39,054 - config - INFO - Página 92 abierta correctamente.
2025-10-25 07:19:46,132 - config - INFO - Total de filas encontradas: 10
2025-10-25 07:19:48,147 - config - INFO - Fila 1 - color: rgb(45, 172, 49)
2025-10-25 07:19:48,221 - config - INFO - Clic en radio de fila 1
2025-10-25 07:19:52,402 - config - INFO - Registro actualizado correctamente
2025-10-25 07:19:52,402 - config - INFO - Registro actualizado.
2025-10-25 07:19:53,248 - config - INFO - Intentando ir a la página 93...
2025-10-25 07:21:30,231 - config - INFO - Página 93 abierta correctamente.
2025-10-25 07:21:34,266 - config - INFO - Fila 2 - color: rgb(45, 172, 49)
2025-10-25 07:21:34,304 - config - INFO - Clic en radio de fila 2
2025-10-25 07:21:38,555 - config - INFO - Registro actualizado correctamente
2025-10-25 07:21:38,556 - config - INFO - Registro actualizado.
2025-10-25 07:21:40,168 - config - INFO - Intentando ir a la página 93...
2025-10-25 07:23:17,132 - config - INFO - Página 93 abierta correctamente.
2025-10-25 07:23:21,171 - config - INFO - Fila 3 - color: rgb(45, 172, 49)
2025-10-25 07:23:21,223 - config - INFO - Clic en radio de fila 3
2025-10-25 07:23:25,417 - config - INFO - Registro actualizado correctamente
2025-10-25 07:23:25,417 - config - INFO - Registro actualizado.
2025-10-25 07:23:26,185 - config - INFO - Intentando ir a la página 93...
2025-10-25 07:25:03,045 - config - INFO - Página 93 abierta correctamente.
2025-10-25 07:25:07,072 - config - INFO - Fila 4 - color: rgb(45, 172, 49)
2025-10-25 07:25:07,116 - config - INFO - Clic en radio de fila 4
2025-10-25 07:25:11,314 - config - INFO - Registro actualizado correctamente
2025-10-25 07:25:11,315 - config - INFO - Registro actualizado.
2025-10-25 07:25:12,156 - config - INFO - Intentando ir a la página 93...
2025-10-25 07:26:48,756 - config - INFO - Página 93 abierta correctamente.
2025-10-25 07:26:52,789 - config - INFO - Fila 5 - color: rgb(45, 172, 49)
2025-10-25 07:26:52,834 - config - INFO - Clic en radio de fila 5
2025-10-25 07:26:57,031 - config - INFO - Registro actualizado correctamente
2025-10-25 07:26:57,031 - config - INFO - Registro actualizado.
2025-10-25 07:26:58,114 - config - INFO - Intentando ir a la página 93...
2025-10-25 07:28:35,044 - config - INFO - Página 93 abierta correctamente.
2025-10-25 07:28:39,077 - config - INFO - Fila 6 - color: rgb(45, 172, 49)
2025-10-25 07:28:39,115 - config - INFO - Clic en radio de fila 6
2025-10-25 07:28:43,292 - config - INFO - Registro actualizado correctamente
2025-10-25 07:28:43,292 - config - INFO - Registro actualizado.
2025-10-25 07:28:44,083 - config - INFO - Intentando ir a la página 93...
2025-10-25 07:30:21,757 - config - INFO - Página 93 abierta correctamente.
2025-10-25 07:30:25,775 - config - INFO - Fila 7 - color: rgb(45, 172, 49)
2025-10-25 07:30:25,812 - config - INFO - Clic en radio de fila 7
2025-10-25 07:30:30,025 - config - INFO - Registro actualizado correctamente
2025-10-25 07:30:30,026 - config - INFO - Registro actualizado.
2025-10-25 07:30:31,072 - config - INFO - Intentando ir a la página 93...
2025-10-25 07:32:08,490 - config - INFO - Página 93 abierta correctamente.
2025-10-25 07:32:12,516 - config - INFO - Fila 8 - color: rgb(45, 172, 49)
2025-10-25 07:32:12,565 - config - INFO - Clic en radio de fila 8
2025-10-25 07:32:16,762 - config - INFO - Registro actualizado correctamente
2025-10-25 07:32:16,762 - config - INFO - Registro actualizado.
2025-10-25 07:32:17,753 - config - INFO - Intentando ir a la página 93...
2025-10-25 07:33:54,618 - config - INFO - Página 93 abierta correctamente.
2025-10-25 07:33:58,653 - config - INFO - Fila 9 - color: rgb(45, 172, 49)
2025-10-25 07:33:58,691 - config - INFO - Clic en radio de fila 9
2025-10-25 07:34:02,870 - config - INFO - Registro actualizado correctamente
2025-10-25 07:34:02,870 - config - INFO - Registro actualizado.
2025-10-25 07:34:03,770 - config - INFO - Intentando ir a la página 93...
2025-10-25 07:35:40,535 - config - INFO - Página 93 abierta correctamente.
2025-10-25 07:35:44,558 - config - INFO - Fila 10 - color: rgb(45, 172, 49)
2025-10-25 07:35:44,588 - config - INFO - Clic en radio de fila 10
2025-10-25 07:35:48,773 - config - INFO - Registro actualizado correctamente
2025-10-25 07:35:48,773 - config - INFO - Registro actualizado.
2025-10-25 07:35:49,680 - config - INFO - Intentando ir a la página 93...
2025-10-25 07:37:26,465 - config - INFO - Página 93 abierta correctamente.
2025-10-25 07:37:33,589 - config - INFO - Total de filas encontradas: 10
2025-10-25 07:37:35,621 - config - INFO - Fila 1 - color: rgb(45, 172, 49)
2025-10-25 07:37:35,708 - config - INFO - Clic en radio de fila 1
2025-10-25 07:37:39,899 - config - INFO - Registro actualizado correctamente
2025-10-25 07:37:39,899 - config - INFO - Registro actualizado.
2025-10-25 07:37:40,908 - config - INFO - Intentando ir a la página 94...
2025-10-25 07:39:18,908 - config - INFO - Página 94 abierta correctamente.
2025-10-25 07:39:22,944 - config - INFO - Fila 2 - color: rgb(45, 172, 49)
2025-10-25 07:39:22,981 - config - INFO - Clic en radio de fila 2
2025-10-25 07:39:27,179 - config - INFO - Registro actualizado correctamente
2025-10-25 07:39:27,180 - config - INFO - Registro actualizado.
2025-10-25 07:39:28,077 - config - INFO - Intentando ir a la página 94...
2025-10-25 07:41:05,822 - config - INFO - Página 94 abierta correctamente.
2025-10-25 07:41:09,862 - config - INFO - Fila 3 - color: rgb(45, 172, 49)
2025-10-25 07:41:09,900 - config - INFO - Clic en radio de fila 3
2025-10-25 07:41:14,097 - config - INFO - Registro actualizado correctamente
2025-10-25 07:41:14,097 - config - INFO - Registro actualizado.
2025-10-25 07:41:15,018 - config - INFO - Intentando ir a la página 94...
2025-10-25 07:42:52,905 - config - INFO - Página 94 abierta correctamente.
2025-10-25 07:42:56,931 - config - INFO - Fila 4 - color: rgb(45, 172, 49)
2025-10-25 07:42:56,962 - config - INFO - Clic en radio de fila 4
2025-10-25 07:43:01,146 - config - INFO - Registro actualizado correctamente
2025-10-25 07:43:01,146 - config - INFO - Registro actualizado.
2025-10-25 07:43:01,962 - config - INFO - Intentando ir a la página 94...
2025-10-25 07:44:40,182 - config - INFO - Página 94 abierta correctamente.
2025-10-25 07:44:44,226 - config - INFO - Fila 5 - color: rgb(45, 172, 49)
2025-10-25 07:44:44,276 - config - INFO - Clic en radio de fila 5
2025-10-25 07:44:48,370 - config - INFO - Registro actualizado correctamente
2025-10-25 07:44:48,371 - config - INFO - Registro actualizado.
2025-10-25 07:44:49,209 - config - INFO - Intentando ir a la página 94...
2025-10-25 07:46:27,099 - config - INFO - Página 94 abierta correctamente.
2025-10-25 07:46:31,128 - config - INFO - Fila 6 - color: rgb(45, 172, 49)
2025-10-25 07:46:31,176 - config - INFO - Clic en radio de fila 6
2025-10-25 07:46:35,369 - config - INFO - Registro actualizado correctamente
2025-10-25 07:46:35,369 - config - INFO - Registro actualizado.
2025-10-25 07:46:36,212 - config - INFO - Intentando ir a la página 94...
2025-10-25 07:48:14,463 - config - INFO - Página 94 abierta correctamente.
2025-10-25 07:48:18,509 - config - INFO - Fila 7 - color: rgb(45, 172, 49)
2025-10-25 07:48:18,553 - config - INFO - Clic en radio de fila 7
2025-10-25 07:48:22,749 - config - INFO - Registro actualizado correctamente
2025-10-25 07:48:22,750 - config - INFO - Registro actualizado.
2025-10-25 07:48:24,062 - config - INFO - Intentando ir a la página 94...
2025-10-25 07:50:02,044 - config - INFO - Página 94 abierta correctamente.
2025-10-25 07:50:06,062 - config - INFO - Fila 8 - color: rgb(45, 172, 49)
2025-10-25 07:50:06,099 - config - INFO - Clic en radio de fila 8
2025-10-25 07:50:10,300 - config - INFO - Registro actualizado correctamente
2025-10-25 07:50:10,300 - config - INFO - Registro actualizado.
2025-10-25 07:50:11,608 - config - INFO - Intentando ir a la página 94...
2025-10-25 07:51:49,869 - config - INFO - Página 94 abierta correctamente.
2025-10-25 07:51:53,907 - config - INFO - Fila 9 - color: rgb(45, 172, 49)
2025-10-25 07:51:53,945 - config - INFO - Clic en radio de fila 9
2025-10-25 07:51:58,127 - config - INFO - Registro actualizado correctamente
2025-10-25 07:51:58,128 - config - INFO - Registro actualizado.
2025-10-25 07:51:58,963 - config - INFO - Intentando ir a la página 94...
2025-10-25 07:53:37,086 - config - INFO - Página 94 abierta correctamente.
2025-10-25 07:53:41,115 - config - INFO - Fila 10 - color: rgb(45, 172, 49)
2025-10-25 07:53:41,161 - config - INFO - Clic en radio de fila 10
2025-10-25 07:53:45,357 - config - INFO - Registro actualizado correctamente
2025-10-25 07:53:45,357 - config - INFO - Registro actualizado.
2025-10-25 07:53:46,293 - config - INFO - Intentando ir a la página 94...
2025-10-25 07:55:24,236 - config - INFO - Página 94 abierta correctamente.
2025-10-25 07:55:31,346 - config - INFO - Total de filas encontradas: 10
2025-10-25 07:55:33,376 - config - INFO - Fila 1 - color: rgb(45, 172, 49)
2025-10-25 07:55:33,459 - config - INFO - Clic en radio de fila 1
2025-10-25 07:55:37,666 - config - INFO - Registro actualizado correctamente
2025-10-25 07:55:37,666 - config - INFO - Registro actualizado.
2025-10-25 07:55:38,688 - config - INFO - Intentando ir a la página 95...
2025-10-25 07:57:18,011 - config - INFO - Página 95 abierta correctamente.
2025-10-25 07:57:22,055 - config - INFO - Fila 2 - color: rgb(45, 172, 49)
2025-10-25 07:57:22,101 - config - INFO - Clic en radio de fila 2
2025-10-25 07:57:26,300 - config - INFO - Registro actualizado correctamente
2025-10-25 07:57:26,300 - config - INFO - Registro actualizado.
2025-10-25 07:57:27,238 - config - INFO - Intentando ir a la página 95...
2025-10-25 07:59:06,321 - config - INFO - Página 95 abierta correctamente.
2025-10-25 07:59:10,355 - config - INFO - Fila 3 - color: rgb(45, 172, 49)
2025-10-25 07:59:10,395 - config - INFO - Clic en radio de fila 3
2025-10-25 07:59:14,593 - config - INFO - Registro actualizado correctamente
2025-10-25 07:59:14,593 - config - INFO - Registro actualizado.
2025-10-25 07:59:15,442 - config - INFO - Intentando ir a la página 95...
2025-10-25 08:00:54,622 - config - INFO - Página 95 abierta correctamente.
2025-10-25 08:00:58,652 - config - INFO - Fila 4 - color: rgb(45, 172, 49)
2025-10-25 08:00:58,690 - config - INFO - Clic en radio de fila 4
2025-10-25 08:01:02,887 - config - INFO - Registro actualizado correctamente
2025-10-25 08:01:02,888 - config - INFO - Registro actualizado.
2025-10-25 08:01:04,021 - config - INFO - Intentando ir a la página 95...
2025-10-25 08:02:43,399 - config - INFO - Página 95 abierta correctamente.
2025-10-25 08:02:47,437 - config - INFO - Fila 5 - color: rgb(45, 172, 49)
2025-10-25 08:02:47,488 - config - INFO - Clic en radio de fila 5
2025-10-25 08:02:51,601 - config - INFO - Registro actualizado correctamente
2025-10-25 08:02:51,601 - config - INFO - Registro actualizado.
2025-10-25 08:02:52,689 - config - INFO - Intentando ir a la página 95...
2025-10-25 08:04:31,795 - config - INFO - Página 95 abierta correctamente.
2025-10-25 08:04:35,823 - config - INFO - Fila 6 - color: rgb(45, 172, 49)
2025-10-25 08:04:35,868 - config - INFO - Clic en radio de fila 6
2025-10-25 08:04:40,047 - config - INFO - Registro actualizado correctamente
2025-10-25 08:04:40,047 - config - INFO - Registro actualizado.
2025-10-25 08:04:41,028 - config - INFO - Intentando ir a la página 95...
2025-10-25 08:06:20,310 - config - INFO - Página 95 abierta correctamente.
2025-10-25 08:06:24,337 - config - INFO - Fila 7 - color: rgb(45, 172, 49)
2025-10-25 08:06:24,380 - config - INFO - Clic en radio de fila 7
2025-10-25 08:06:28,578 - config - INFO - Registro actualizado correctamente
2025-10-25 08:06:28,578 - config - INFO - Registro actualizado.
2025-10-25 08:06:29,853 - config - INFO - Intentando ir a la página 95...
2025-10-25 08:08:09,004 - config - INFO - Página 95 abierta correctamente.
2025-10-25 08:08:13,031 - config - INFO - Fila 8 - color: rgb(45, 172, 49)
2025-10-25 08:08:13,075 - config - INFO - Clic en radio de fila 8
2025-10-25 08:08:17,239 - config - INFO - Registro actualizado correctamente
2025-10-25 08:08:17,239 - config - INFO - Registro actualizado.
2025-10-25 08:08:18,013 - config - INFO - Intentando ir a la página 95...
2025-10-25 08:09:57,315 - config - INFO - Página 95 abierta correctamente.
2025-10-25 08:10:01,350 - config - INFO - Fila 9 - color: rgb(45, 172, 49)
2025-10-25 08:10:01,388 - config - INFO - Clic en radio de fila 9
2025-10-25 08:10:05,607 - config - INFO - Registro actualizado correctamente
2025-10-25 08:10:05,607 - config - INFO - Registro actualizado.
2025-10-25 08:10:07,355 - config - INFO - Intentando ir a la página 95...
2025-10-25 08:11:46,396 - config - INFO - Página 95 abierta correctamente.
2025-10-25 08:11:50,424 - config - INFO - Fila 10 - color: rgb(45, 172, 49)
2025-10-25 08:11:50,467 - config - INFO - Clic en radio de fila 10
2025-10-25 08:11:54,664 - config - INFO - Registro actualizado correctamente
2025-10-25 08:11:54,664 - config - INFO - Registro actualizado.
2025-10-25 08:11:55,753 - config - INFO - Intentando ir a la página 95...
2025-10-25 08:13:34,740 - config - INFO - Página 95 abierta correctamente.
2025-10-25 08:13:41,838 - config - INFO - Total de filas encontradas: 10
2025-10-25 08:13:43,862 - config - INFO - Fila 1 - color: rgb(45, 172, 49)
2025-10-25 08:13:43,927 - config - INFO - Clic en radio de fila 1
2025-10-25 08:13:48,124 - config - INFO - Registro actualizado correctamente
2025-10-25 08:13:48,124 - config - INFO - Registro actualizado.
2025-10-25 08:13:49,037 - config - INFO - Intentando ir a la página 96...
2025-10-25 08:15:29,644 - config - INFO - Página 96 abierta correctamente.
2025-10-25 08:15:33,666 - config - INFO - Fila 2 - color: rgb(45, 172, 49)
2025-10-25 08:15:33,704 - config - INFO - Clic en radio de fila 2
2025-10-25 08:15:37,899 - config - INFO - Registro actualizado correctamente
2025-10-25 08:15:37,900 - config - INFO - Registro actualizado.
2025-10-25 08:15:39,109 - config - INFO - Intentando ir a la página 96...
2025-10-25 08:17:19,524 - config - INFO - Página 96 abierta correctamente.
2025-10-25 08:17:23,545 - config - INFO - Fila 3 - color: rgb(45, 172, 49)
2025-10-25 08:17:23,582 - config - INFO - Clic en radio de fila 3
2025-10-25 08:17:27,780 - config - INFO - Registro actualizado correctamente
2025-10-25 08:17:27,781 - config - INFO - Registro actualizado.
2025-10-25 08:17:28,592 - config - INFO - Intentando ir a la página 96...
2025-10-25 08:19:10,404 - config - INFO - Página 96 abierta correctamente.
2025-10-25 08:19:14,441 - config - INFO - Fila 4 - color: rgb(45, 172, 49)
2025-10-25 08:19:14,475 - config - INFO - Clic en radio de fila 4
2025-10-25 08:19:18,663 - config - INFO - Registro actualizado correctamente
2025-10-25 08:19:18,663 - config - INFO - Registro actualizado.
2025-10-25 08:19:19,771 - config - INFO - Intentando ir a la página 96...
2025-10-25 08:21:00,465 - config - INFO - Página 96 abierta correctamente.
2025-10-25 08:21:04,493 - config - INFO - Fila 5 - color: rgb(45, 172, 49)
2025-10-25 08:21:04,540 - config - INFO - Clic en radio de fila 5
2025-10-25 08:21:08,733 - config - INFO - Registro actualizado correctamente
2025-10-25 08:21:08,733 - config - INFO - Registro actualizado.
2025-10-25 08:21:10,274 - config - INFO - Intentando ir a la página 96...
2025-10-25 08:22:50,460 - config - INFO - Página 96 abierta correctamente.
2025-10-25 08:22:54,501 - config - INFO - Fila 6 - color: rgb(45, 172, 49)
2025-10-25 08:22:54,550 - config - INFO - Clic en radio de fila 6
2025-10-25 08:22:58,644 - config - INFO - Registro actualizado correctamente
2025-10-25 08:22:58,645 - config - INFO - Registro actualizado.
2025-10-25 08:22:59,494 - config - INFO - Intentando ir a la página 96...
2025-10-25 08:24:40,007 - config - INFO - Página 96 abierta correctamente.
2025-10-25 08:24:44,036 - config - INFO - Fila 7 - color: rgb(45, 172, 49)
2025-10-25 08:24:44,077 - config - INFO - Clic en radio de fila 7
2025-10-25 08:24:48,274 - config - INFO - Registro actualizado correctamente
2025-10-25 08:24:48,274 - config - INFO - Registro actualizado.
2025-10-25 08:24:49,154 - config - INFO - Intentando ir a la página 96...
2025-10-25 08:26:29,597 - config - INFO - Página 96 abierta correctamente.
2025-10-25 08:26:33,633 - config - INFO - Fila 8 - color: rgb(45, 172, 49)
2025-10-25 08:26:33,670 - config - INFO - Clic en radio de fila 8
2025-10-25 08:26:38,111 - config - INFO - Registro actualizado correctamente
2025-10-25 08:26:38,111 - config - INFO - Registro actualizado.
2025-10-25 08:26:39,015 - config - INFO - Intentando ir a la página 96...
2025-10-25 08:28:19,348 - config - INFO - Página 96 abierta correctamente.
2025-10-25 08:28:23,383 - config - INFO - Fila 9 - color: rgb(45, 172, 49)
2025-10-25 08:28:23,415 - config - INFO - Clic en radio de fila 9
2025-10-25 08:28:27,614 - config - INFO - Registro actualizado correctamente
2025-10-25 08:28:27,614 - config - INFO - Registro actualizado.
2025-10-25 08:28:28,452 - config - INFO - Intentando ir a la página 96...
2025-10-25 08:30:08,774 - config - INFO - Página 96 abierta correctamente.
2025-10-25 08:30:12,801 - config - INFO - Fila 10 - color: rgb(45, 172, 49)
2025-10-25 08:30:12,844 - config - INFO - Clic en radio de fila 10
2025-10-25 08:30:17,041 - config - INFO - Registro actualizado correctamente
2025-10-25 08:30:17,042 - config - INFO - Registro actualizado.
2025-10-25 08:30:18,320 - config - INFO - Intentando ir a la página 96...
2025-10-25 08:31:58,988 - config - INFO - Página 96 abierta correctamente.
2025-10-25 08:32:06,097 - config - INFO - Total de filas encontradas: 10
2025-10-25 08:32:08,113 - config - INFO - Fila 1 - color: rgb(45, 172, 49)
2025-10-25 08:32:08,150 - config - INFO - Clic en radio de fila 1
2025-10-25 08:32:12,382 - config - INFO - Registro actualizado correctamente
2025-10-25 08:32:12,382 - config - INFO - Registro actualizado.
2025-10-25 08:32:13,336 - config - INFO - Intentando ir a la página 97...
2025-10-25 08:33:54,755 - config - INFO - Página 97 abierta correctamente.
2025-10-25 08:33:58,794 - config - INFO - Fila 2 - color: rgb(45, 172, 49)
2025-10-25 08:33:58,827 - config - INFO - Clic en radio de fila 2
2025-10-25 08:34:03,026 - config - INFO - Registro actualizado correctamente
2025-10-25 08:34:03,026 - config - INFO - Registro actualizado.
2025-10-25 08:34:03,943 - config - INFO - Intentando ir a la página 97...
2025-10-25 08:35:45,400 - config - INFO - Página 97 abierta correctamente.
2025-10-25 08:35:49,431 - config - INFO - Fila 3 - color: rgb(45, 172, 49)
2025-10-25 08:35:49,473 - config - INFO - Clic en radio de fila 3
2025-10-25 08:35:53,691 - config - INFO - Registro actualizado correctamente
2025-10-25 08:35:53,691 - config - INFO - Registro actualizado.
2025-10-25 08:35:54,563 - config - INFO - Intentando ir a la página 97...
2025-10-25 08:37:36,611 - config - INFO - Página 97 abierta correctamente.
2025-10-25 08:37:40,639 - config - INFO - Fila 4 - color: rgb(45, 172, 49)
2025-10-25 08:37:40,687 - config - INFO - Clic en radio de fila 4
2025-10-25 08:37:44,894 - config - INFO - Registro actualizado correctamente
2025-10-25 08:37:44,894 - config - INFO - Registro actualizado.
2025-10-25 08:37:45,816 - config - INFO - Intentando ir a la página 97...
2025-10-25 08:39:27,422 - config - INFO - Página 97 abierta correctamente.
2025-10-25 08:39:31,465 - config - INFO - Fila 5 - color: rgb(45, 172, 49)
2025-10-25 08:39:31,512 - config - INFO - Clic en radio de fila 5
2025-10-25 08:39:35,707 - config - INFO - Registro actualizado correctamente
2025-10-25 08:39:35,708 - config - INFO - Registro actualizado.
2025-10-25 08:39:36,781 - config - INFO - Intentando ir a la página 97...
2025-10-25 08:41:18,150 - config - INFO - Página 97 abierta correctamente.
2025-10-25 08:41:22,180 - config - INFO - Fila 6 - color: rgb(45, 172, 49)
2025-10-25 08:41:22,219 - config - INFO - Clic en radio de fila 6
2025-10-25 08:41:26,418 - config - INFO - Registro actualizado correctamente
2025-10-25 08:41:26,418 - config - INFO - Registro actualizado.
2025-10-25 08:41:27,656 - config - INFO - Intentando ir a la página 97...
2025-10-25 08:43:08,961 - config - INFO - Página 97 abierta correctamente.
2025-10-25 08:43:12,984 - config - INFO - Fila 7 - color: rgb(45, 172, 49)
2025-10-25 08:43:13,013 - config - INFO - Clic en radio de fila 7
2025-10-25 08:43:17,194 - config - INFO - Registro actualizado correctamente
2025-10-25 08:43:17,194 - config - INFO - Registro actualizado.
2025-10-25 08:43:18,025 - config - INFO - Intentando ir a la página 97...
2025-10-25 08:44:59,420 - config - INFO - Página 97 abierta correctamente.
2025-10-25 08:45:03,455 - config - INFO - Fila 8 - color: rgb(45, 172, 49)
2025-10-25 08:45:03,490 - config - INFO - Clic en radio de fila 8
2025-10-25 08:45:19,973 - config - INFO - No se encuentra habilitado el botón actualizar.
2025-10-25 08:45:20,011 - config - INFO - Dando click nuevamente en radio de la fila 8.
2025-10-25 08:45:20,011 - config - INFO - Registro actualizado.
2025-10-25 08:45:20,022 - config - INFO - Intentando ir a la página 97...
2025-10-25 08:47:02,252 - config - INFO - Página 97 abierta correctamente.
2025-10-25 08:47:06,285 - config - INFO - Fila 9 - color: rgb(45, 172, 49)
2025-10-25 08:47:06,320 - config - INFO - Clic en radio de fila 9
2025-10-25 08:47:10,422 - config - INFO - Registro actualizado correctamente
2025-10-25 08:47:10,422 - config - INFO - Registro actualizado.
2025-10-25 08:47:11,302 - config - INFO - Intentando ir a la página 97...
2025-10-25 08:48:55,100 - config - INFO - Página 97 abierta correctamente.
2025-10-25 08:48:59,147 - config - INFO - Fila 10 - color: rgb(45, 172, 49)
2025-10-25 08:48:59,215 - config - INFO - Clic en radio de fila 10
2025-10-25 08:49:03,448 - config - INFO - Registro actualizado correctamente
2025-10-25 08:49:03,448 - config - INFO - Registro actualizado.
2025-10-25 08:49:04,356 - config - INFO - Intentando ir a la página 97...
2025-10-25 08:50:47,036 - config - INFO - Página 97 abierta correctamente.
2025-10-25 08:50:54,129 - config - INFO - Total de filas encontradas: 10
2025-10-25 08:50:56,157 - config - INFO - Fila 1 - color: rgb(45, 172, 49)
2025-10-25 08:50:56,225 - config - INFO - Clic en radio de fila 1
2025-10-25 08:51:00,441 - config - INFO - Registro actualizado correctamente
2025-10-25 08:51:00,441 - config - INFO - Registro actualizado.
2025-10-25 08:51:01,250 - config - INFO - Intentando ir a la página 98...
2025-10-25 08:52:43,791 - config - INFO - Página 98 abierta correctamente.
2025-10-25 08:52:47,823 - config - INFO - Fila 2 - color: rgb(45, 172, 49)
2025-10-25 08:52:47,865 - config - INFO - Clic en radio de fila 2
2025-10-25 08:52:52,045 - config - INFO - Registro actualizado correctamente
2025-10-25 08:52:52,045 - config - INFO - Registro actualizado.
2025-10-25 08:52:52,472 - config - INFO - Intentando ir a la página 98...
2025-10-25 08:54:35,958 - config - INFO - Página 98 abierta correctamente.
2025-10-25 08:54:39,990 - config - INFO - Fila 3 - color: rgb(45, 172, 49)
2025-10-25 08:54:40,025 - config - INFO - Clic en radio de fila 3
2025-10-25 08:54:44,237 - config - INFO - Registro actualizado correctamente
2025-10-25 08:54:44,238 - config - INFO - Registro actualizado.
2025-10-25 08:54:45,144 - config - INFO - Intentando ir a la página 98...
2025-10-25 08:56:28,261 - config - INFO - Página 98 abierta correctamente.
2025-10-25 08:56:32,286 - config - INFO - Fila 4 - color: rgb(45, 172, 49)
2025-10-25 08:56:32,340 - config - INFO - Clic en radio de fila 4
2025-10-25 08:56:36,648 - config - INFO - Registro actualizado correctamente
2025-10-25 08:56:36,648 - config - INFO - Registro actualizado.
2025-10-25 08:56:37,554 - config - INFO - Intentando ir a la página 98...
2025-10-25 08:58:20,373 - config - INFO - Página 98 abierta correctamente.
2025-10-25 08:58:24,397 - config - INFO - Fila 5 - color: rgb(45, 172, 49)
2025-10-25 08:58:24,447 - config - INFO - Clic en radio de fila 5
2025-10-25 08:58:28,658 - config - INFO - Registro actualizado correctamente
2025-10-25 08:58:28,658 - config - INFO - Registro actualizado.
2025-10-25 08:58:29,537 - config - INFO - Intentando ir a la página 98...
2025-10-25 09:00:12,184 - config - INFO - Página 98 abierta correctamente.
2025-10-25 09:00:16,218 - config - INFO - Fila 6 - color: rgb(45, 172, 49)
2025-10-25 09:00:16,254 - config - INFO - Clic en radio de fila 6
2025-10-25 09:00:20,448 - config - INFO - Registro actualizado correctamente
2025-10-25 09:00:20,448 - config - INFO - Registro actualizado.
2025-10-25 09:00:21,647 - config - INFO - Intentando ir a la página 98...
2025-10-25 09:02:05,003 - config - INFO - Página 98 abierta correctamente.
2025-10-25 09:02:09,040 - config - INFO - Fila 7 - color: rgb(45, 172, 49)
2025-10-25 09:02:09,084 - config - INFO - Clic en radio de fila 7
2025-10-25 09:02:13,292 - config - INFO - Registro actualizado correctamente
2025-10-25 09:02:13,292 - config - INFO - Registro actualizado.
2025-10-25 09:02:14,196 - config - INFO - Intentando ir a la página 98...
2025-10-25 09:03:56,719 - config - INFO - Página 98 abierta correctamente.
2025-10-25 09:04:00,776 - config - INFO - Fila 8 - color: rgb(45, 172, 49)
2025-10-25 09:04:00,844 - config - INFO - Clic en radio de fila 8
2025-10-25 09:04:05,123 - config - INFO - Registro actualizado correctamente
2025-10-25 09:04:05,123 - config - INFO - Registro actualizado.
2025-10-25 09:04:06,138 - config - INFO - Intentando ir a la página 98...
2025-10-25 09:05:50,691 - config - INFO - Página 98 abierta correctamente.
2025-10-25 09:05:54,735 - config - INFO - Fila 9 - color: rgb(45, 172, 49)
2025-10-25 09:05:54,779 - config - INFO - Clic en radio de fila 9
2025-10-25 09:05:58,991 - config - INFO - Registro actualizado correctamente
2025-10-25 09:05:58,992 - config - INFO - Registro actualizado.
2025-10-25 09:06:00,011 - config - INFO - Intentando ir a la página 98...
2025-10-25 09:07:42,980 - config - INFO - Página 98 abierta correctamente.
2025-10-25 09:07:47,008 - config - INFO - Fila 10 - color: rgb(45, 172, 49)
2025-10-25 09:07:47,055 - config - INFO - Clic en radio de fila 10
2025-10-25 09:07:51,300 - config - INFO - Registro actualizado correctamente
2025-10-25 09:07:51,301 - config - INFO - Registro actualizado.
2025-10-25 09:07:52,179 - config - INFO - Intentando ir a la página 98...
2025-10-25 09:09:34,692 - config - INFO - Página 98 abierta correctamente.
2025-10-25 09:09:41,788 - config - INFO - Total de filas encontradas: 10
2025-10-25 09:09:43,806 - config - INFO - Fila 1 - color: rgb(45, 172, 49)
2025-10-25 09:09:43,883 - config - INFO - Clic en radio de fila 1
2025-10-25 09:09:48,104 - config - INFO - Registro actualizado correctamente
2025-10-25 09:09:48,105 - config - INFO - Registro actualizado.
2025-10-25 09:09:49,011 - config - INFO - Intentando ir a la página 99...
2025-10-25 09:11:32,498 - config - INFO - Página 99 abierta correctamente.
2025-10-25 09:11:36,527 - config - INFO - Fila 2 - color: rgb(45, 172, 49)
2025-10-25 09:11:36,567 - config - INFO - Clic en radio de fila 2
2025-10-25 09:11:40,787 - config - INFO - Registro actualizado correctamente
2025-10-25 09:11:40,787 - config - INFO - Registro actualizado.
2025-10-25 09:11:41,835 - config - INFO - Intentando ir a la página 99...
2025-10-25 09:13:26,535 - config - INFO - Página 99 abierta correctamente.
2025-10-25 09:13:30,575 - config - INFO - Fila 3 - color: rgb(45, 172, 49)
2025-10-25 09:13:30,608 - config - INFO - Clic en radio de fila 3
2025-10-25 09:13:34,823 - config - INFO - Registro actualizado correctamente
2025-10-25 09:13:34,823 - config - INFO - Registro actualizado.
2025-10-25 09:13:35,847 - config - INFO - Intentando ir a la página 99...
2025-10-25 09:15:19,362 - config - INFO - Página 99 abierta correctamente.
2025-10-25 09:15:23,397 - config - INFO - Fila 4 - color: rgb(45, 172, 49)
2025-10-25 09:15:23,433 - config - INFO - Clic en radio de fila 4
2025-10-25 09:15:27,635 - config - INFO - Registro actualizado correctamente
2025-10-25 09:15:27,635 - config - INFO - Registro actualizado.
2025-10-25 09:15:28,678 - config - INFO - Intentando ir a la página 99...
2025-10-25 09:17:12,352 - config - INFO - Página 99 abierta correctamente.
2025-10-25 09:17:16,386 - config - INFO - Fila 5 - color: rgb(45, 172, 49)
2025-10-25 09:17:16,426 - config - INFO - Clic en radio de fila 5
2025-10-25 09:17:20,667 - config - INFO - Registro actualizado correctamente
2025-10-25 09:17:20,667 - config - INFO - Registro actualizado.
2025-10-25 09:17:22,366 - config - INFO - Intentando ir a la página 99...
2025-10-25 09:19:06,044 - config - INFO - Página 99 abierta correctamente.
2025-10-25 09:19:10,075 - config - INFO - Fila 6 - color: rgb(45, 172, 49)
2025-10-25 09:19:10,118 - config - INFO - Clic en radio de fila 6
2025-10-25 09:19:14,315 - config - INFO - Registro actualizado correctamente
2025-10-25 09:19:14,315 - config - INFO - Registro actualizado.
2025-10-25 09:19:15,130 - config - INFO - Intentando ir a la página 99...
2025-10-25 09:21:02,509 - config - INFO - Página 99 abierta correctamente.
2025-10-25 09:21:06,540 - config - INFO - Fila 7 - color: rgb(45, 172, 49)
2025-10-25 09:21:06,577 - config - INFO - Clic en radio de fila 7
2025-10-25 09:21:10,826 - config - INFO - Registro actualizado correctamente
2025-10-25 09:21:10,826 - config - INFO - Registro actualizado.
2025-10-25 09:21:12,104 - config - INFO - Intentando ir a la página 99...
2025-10-25 09:22:56,824 - config - INFO - Página 99 abierta correctamente.
2025-10-25 09:23:00,858 - config - INFO - Fila 8 - color: rgb(45, 172, 49)
2025-10-25 09:23:00,895 - config - INFO - Clic en radio de fila 8
2025-10-25 09:23:05,109 - config - INFO - Registro actualizado correctamente
2025-10-25 09:23:05,109 - config - INFO - Registro actualizado.
2025-10-25 09:23:05,941 - config - INFO - Intentando ir a la página 99...
2025-10-25 09:24:51,112 - config - INFO - Página 99 abierta correctamente.
2025-10-25 09:24:55,184 - config - INFO - Fila 9 - color: rgb(45, 172, 49)
2025-10-25 09:24:55,328 - config - INFO - Clic en radio de fila 9
2025-10-25 09:24:59,903 - config - INFO - Registro actualizado correctamente
2025-10-25 09:24:59,905 - config - INFO - Registro actualizado.
2025-10-25 09:25:02,066 - config - INFO - Intentando ir a la página 99...
2025-10-25 09:26:51,442 - config - INFO - Página 99 abierta correctamente.
2025-10-25 09:26:55,475 - config - INFO - Fila 10 - color: rgb(45, 172, 49)
2025-10-25 09:26:55,538 - config - INFO - Clic en radio de fila 10
2025-10-25 09:27:00,002 - config - INFO - Registro actualizado correctamente
2025-10-25 09:27:00,003 - config - INFO - Registro actualizado.
2025-10-25 09:27:01,081 - config - INFO - Intentando ir a la página 99...
2025-10-25 09:28:46,661 - config - INFO - Página 99 abierta correctamente.
2025-10-25 09:28:53,751 - config - INFO - Total de filas encontradas: 10
2025-10-25 09:28:55,765 - config - INFO - Fila 1 - color: rgb(45, 172, 49)
2025-10-25 09:28:55,849 - config - INFO - Clic en radio de fila 1
2025-10-25 09:29:00,080 - config - INFO - Registro actualizado correctamente
2025-10-25 09:29:00,080 - config - INFO - Registro actualizado.
2025-10-25 09:29:01,055 - config - INFO - Intentando ir a la página 100...
2025-10-25 09:30:46,461 - config - INFO - Página 100 abierta correctamente.
2025-10-25 09:30:50,493 - config - INFO - Fila 2 - color: rgb(45, 172, 49)
2025-10-25 09:30:50,733 - config - INFO - Clic en radio de fila 2
2025-10-25 09:30:54,974 - config - INFO - Registro actualizado correctamente
2025-10-25 09:30:54,975 - config - INFO - Registro actualizado.
2025-10-25 09:30:56,044 - config - INFO - Intentando ir a la página 100...
2025-10-25 09:32:43,238 - config - INFO - Página 100 abierta correctamente.
2025-10-25 09:32:47,280 - config - INFO - Fila 3 - color: rgb(45, 172, 49)
2025-10-25 09:32:47,333 - config - INFO - Clic en radio de fila 3
2025-10-25 09:32:51,567 - config - INFO - Registro actualizado correctamente
2025-10-25 09:32:51,568 - config - INFO - Registro actualizado.
2025-10-25 09:32:52,601 - config - INFO - Intentando ir a la página 100...
2025-10-25 09:35:56,956 - config - INFO - Página 100 abierta correctamente.
2025-10-25 09:36:01,002 - config - INFO - Fila 4 - color: rgb(45, 172, 49)
2025-10-25 09:36:02,086 - config - INFO - Clic en radio de fila 4
2025-10-25 09:36:10,181 - config - INFO - Registro actualizado correctamente
2025-10-25 09:36:10,181 - config - INFO - Registro actualizado.
2025-10-25 09:36:12,199 - config - INFO - Intentando ir a la página 100...
2025-10-25 09:41:15,142 - config - INFO - Página 100 abierta correctamente.
2025-10-25 09:41:19,182 - config - INFO - Fila 5 - color: rgb(45, 172, 49)
2025-10-25 09:41:20,235 - config - INFO - Clic en radio de fila 5
2025-10-25 09:41:28,358 - config - INFO - Registro actualizado correctamente
2025-10-25 09:41:28,358 - config - INFO - Registro actualizado.
2025-10-25 09:41:29,385 - config - INFO - Intentando ir a la página 100...
2025-10-25 09:46:23,601 - config - INFO - Página 100 abierta correctamente.
2025-10-25 09:46:27,654 - config - INFO - Fila 6 - color: rgb(45, 172, 49)
2025-10-25 09:46:27,715 - config - INFO - Clic en radio de fila 6
2025-10-25 09:46:33,803 - config - INFO - Registro actualizado correctamente
2025-10-25 09:46:33,803 - config - INFO - Registro actualizado.
2025-10-25 09:46:35,045 - config - INFO - Intentando ir a la página 100...
2025-10-25 09:51:48,712 - config - INFO - Página 100 abierta correctamente.
2025-10-25 09:51:52,759 - config - INFO - Fila 7 - color: rgb(45, 172, 49)
2025-10-25 09:51:53,831 - config - INFO - Clic en radio de fila 7
2025-10-25 09:52:01,949 - config - INFO - Registro actualizado correctamente
2025-10-25 09:52:01,950 - config - INFO - Registro actualizado.
2025-10-25 09:52:03,061 - config - INFO - Intentando ir a la página 100...
2025-10-25 09:57:00,611 - config - INFO - Página 100 abierta correctamente.
2025-10-25 09:57:04,661 - config - INFO - Fila 8 - color: rgb(45, 172, 49)
2025-10-25 09:57:05,724 - config - INFO - Clic en radio de fila 8
2025-10-25 09:57:13,829 - config - INFO - Registro actualizado correctamente
2025-10-25 09:57:13,829 - config - INFO - Registro actualizado.
2025-10-25 09:57:14,838 - config - INFO - Intentando ir a la página 100...
2025-10-25 10:02:09,802 - config - INFO - Página 100 abierta correctamente.
2025-10-25 10:02:13,842 - config - INFO - Fila 9 - color: rgb(45, 172, 49)
2025-10-25 10:02:14,914 - config - INFO - Clic en radio de fila 9
2025-10-25 10:02:23,018 - config - INFO - Registro actualizado correctamente
2025-10-25 10:02:23,018 - config - INFO - Registro actualizado.
2025-10-25 10:02:24,092 - config - INFO - Intentando ir a la página 100...
2025-10-25 10:07:27,782 - config - INFO - Página 100 abierta correctamente.
2025-10-25 10:07:31,826 - config - INFO - Fila 10 - color: rgb(45, 172, 49)
2025-10-25 10:07:32,874 - config - INFO - Clic en radio de fila 10
2025-10-25 10:07:40,990 - config - INFO - Registro actualizado correctamente
2025-10-25 10:07:40,991 - config - INFO - Registro actualizado.
2025-10-25 10:07:43,009 - config - INFO - Intentando ir a la página 100...
2025-10-25 10:12:40,680 - config - INFO - Página 100 abierta correctamente.
2025-10-25 10:12:48,784 - config - INFO - Total de filas encontradas: 10
2025-10-25 10:12:50,811 - config - INFO - Fila 1 - color: rgb(45, 172, 49)
2025-10-25 10:12:53,903 - config - INFO - Clic en radio de fila 1
2025-10-25 10:13:02,009 - config - INFO - Registro actualizado correctamente
2025-10-25 10:13:02,009 - config - INFO - Registro actualizado.
2025-10-25 10:13:03,080 - config - INFO - Intentando ir a la página 101...
2025-10-25 10:18:07,801 - config - INFO - Página 101 abierta correctamente.
2025-10-25 10:18:11,834 - config - INFO - Fila 2 - color: rgb(45, 172, 49)
2025-10-25 10:18:12,892 - config - INFO - Clic en radio de fila 2
2025-10-25 10:18:20,998 - config - INFO - Registro actualizado correctamente
2025-10-25 10:18:20,998 - config - INFO - Registro actualizado.
2025-10-25 10:18:22,010 - config - INFO - Intentando ir a la página 101...
2025-10-25 10:23:02,783 - config - INFO - Página 101 abierta correctamente.
2025-10-25 10:23:06,822 - config - INFO - Fila 3 - color: rgb(45, 172, 49)
2025-10-25 10:23:06,874 - config - INFO - Clic en radio de fila 3
2025-10-25 10:23:11,258 - config - INFO - Registro actualizado correctamente
2025-10-25 10:23:11,260 - config - INFO - Registro actualizado.
2025-10-25 10:23:12,721 - config - INFO - Intentando ir a la página 101...
2025-10-25 10:25:03,147 - config - INFO - Página 101 abierta correctamente.
2025-10-25 10:25:07,186 - config - INFO - Fila 4 - color: rgb(45, 172, 49)
2025-10-25 10:25:07,250 - config - INFO - Clic en radio de fila 4
2025-10-25 10:25:11,940 - config - INFO - Registro actualizado correctamente
2025-10-25 10:25:11,944 - config - INFO - Registro actualizado.
2025-10-25 10:25:13,856 - config - INFO - Intentando ir a la página 101...
2025-10-25 10:27:02,100 - config - INFO - Página 101 abierta correctamente.
2025-10-25 10:27:06,142 - config - INFO - Fila 5 - color: rgb(45, 172, 49)
2025-10-25 10:27:06,189 - config - INFO - Clic en radio de fila 5
2025-10-25 10:27:10,470 - config - INFO - Registro actualizado correctamente
2025-10-25 10:27:10,472 - config - INFO - Registro actualizado.
2025-10-25 10:27:11,540 - config - INFO - Intentando ir a la página 101...
2025-10-25 10:29:06,083 - config - INFO - Página 101 abierta correctamente.
2025-10-25 10:29:10,126 - config - INFO - Fila 6 - color: rgb(45, 172, 49)
2025-10-25 10:29:10,178 - config - INFO - Clic en radio de fila 6
2025-10-25 10:29:14,582 - config - INFO - Registro actualizado correctamente
2025-10-25 10:29:14,582 - config - INFO - Registro actualizado.
2025-10-25 10:29:15,567 - config - INFO - Intentando ir a la página 101...
2025-10-25 10:31:03,134 - config - INFO - Página 101 abierta correctamente.
2025-10-25 10:31:07,154 - config - INFO - Fila 7 - color: rgb(45, 172, 49)
2025-10-25 10:31:07,194 - config - INFO - Clic en radio de fila 7
2025-10-25 10:31:11,405 - config - INFO - Registro actualizado correctamente
2025-10-25 10:31:11,405 - config - INFO - Registro actualizado.
2025-10-25 10:31:12,515 - config - INFO - Intentando ir a la página 101...
2025-10-25 10:35:13,428 - config - INFO - Página 101 abierta correctamente.
2025-10-25 10:35:17,473 - config - INFO - Fila 8 - color: rgb(45, 172, 49)
2025-10-25 10:35:18,540 - config - INFO - Clic en radio de fila 8
2025-10-25 10:35:26,652 - config - INFO - Registro actualizado correctamente
2025-10-25 10:35:26,652 - config - INFO - Registro actualizado.
2025-10-25 10:35:27,908 - config - INFO - Intentando ir a la página 101...
2025-10-25 10:40:43,614 - config - INFO - Página 101 abierta correctamente.
2025-10-25 10:40:47,644 - config - INFO - Fila 9 - color: rgb(45, 172, 49)
2025-10-25 10:40:48,733 - config - INFO - Clic en radio de fila 9
2025-10-25 10:40:56,834 - config - INFO - Registro actualizado correctamente
2025-10-25 10:40:56,834 - config - INFO - Registro actualizado.
2025-10-25 10:40:57,839 - config - INFO - Intentando ir a la página 101...
2025-10-25 10:46:00,577 - config - INFO - Página 101 abierta correctamente.
2025-10-25 10:46:04,629 - config - INFO - Fila 10 - color: rgb(45, 172, 49)
2025-10-25 10:46:05,699 - config - INFO - Clic en radio de fila 10
2025-10-25 10:46:13,801 - config - INFO - Registro actualizado correctamente
2025-10-25 10:46:13,801 - config - INFO - Registro actualizado.
2025-10-25 10:46:15,015 - config - INFO - Intentando ir a la página 101...
2025-10-25 10:51:19,259 - config - INFO - Página 101 abierta correctamente.
2025-10-25 10:51:27,386 - config - INFO - Total de filas encontradas: 10
2025-10-25 10:51:29,416 - config - INFO - Fila 1 - color: rgb(45, 172, 49)
2025-10-25 10:51:32,526 - config - INFO - Clic en radio de fila 1
2025-10-25 10:51:40,621 - config - INFO - Registro actualizado correctamente
2025-10-25 10:51:40,621 - config - INFO - Registro actualizado.
2025-10-25 10:51:42,643 - config - INFO - Intentando ir a la página 102...
2025-10-25 10:56:46,419 - config - INFO - Página 102 abierta correctamente.
2025-10-25 10:56:50,476 - config - INFO - Fila 2 - color: rgb(45, 172, 49)
2025-10-25 10:56:51,548 - config - INFO - Clic en radio de fila 2
2025-10-25 10:56:59,645 - config - INFO - Registro actualizado correctamente
2025-10-25 10:56:59,646 - config - INFO - Registro actualizado.
2025-10-25 10:57:01,664 - config - INFO - Intentando ir a la página 102...
2025-10-25 11:02:09,500 - config - INFO - Página 102 abierta correctamente.
2025-10-25 11:02:13,551 - config - INFO - Fila 3 - color: rgb(45, 172, 49)
2025-10-25 11:02:14,620 - config - INFO - Clic en radio de fila 3
2025-10-25 11:02:22,730 - config - INFO - Registro actualizado correctamente
2025-10-25 11:02:22,731 - config - INFO - Registro actualizado.
2025-10-25 11:02:23,736 - config - INFO - Intentando ir a la página 102...
2025-10-25 11:07:29,535 - config - INFO - Página 102 abierta correctamente.
2025-10-25 11:07:33,585 - config - INFO - Fila 4 - color: rgb(45, 172, 49)
2025-10-25 11:07:34,639 - config - INFO - Clic en radio de fila 4
2025-10-25 11:07:42,749 - config - INFO - Registro actualizado correctamente
2025-10-25 11:07:42,749 - config - INFO - Registro actualizado.
2025-10-25 11:07:43,967 - config - INFO - Intentando ir a la página 102...
2025-10-25 11:12:51,582 - config - INFO - Página 102 abierta correctamente.
2025-10-25 11:12:55,626 - config - INFO - Fila 5 - color: rgb(45, 172, 49)
2025-10-25 11:12:56,695 - config - INFO - Clic en radio de fila 5
2025-10-25 11:13:04,803 - config - INFO - Registro actualizado correctamente
2025-10-25 11:13:04,804 - config - INFO - Registro actualizado.
2025-10-25 11:13:05,882 - config - INFO - Intentando ir a la página 102...
2025-10-25 11:18:09,612 - config - INFO - Página 102 abierta correctamente.
2025-10-25 11:18:13,643 - config - INFO - Fila 6 - color: rgb(45, 172, 49)
2025-10-25 11:18:14,694 - config - INFO - Clic en radio de fila 6
2025-10-25 11:18:22,816 - config - INFO - Registro actualizado correctamente
2025-10-25 11:18:22,816 - config - INFO - Registro actualizado.
2025-10-25 11:18:24,832 - config - INFO - Intentando ir a la página 102...
2025-10-25 11:23:28,575 - config - INFO - Página 102 abierta correctamente.
2025-10-25 11:23:32,620 - config - INFO - Fila 7 - color: rgb(45, 172, 49)
2025-10-25 11:23:33,664 - config - INFO - Clic en radio de fila 7
2025-10-25 11:23:41,789 - config - INFO - Registro actualizado correctamente
2025-10-25 11:23:41,790 - config - INFO - Registro actualizado.
2025-10-25 11:23:42,860 - config - INFO - Intentando ir a la página 102...
2025-10-25 11:28:46,534 - config - INFO - Página 102 abierta correctamente.
2025-10-25 11:28:50,570 - config - INFO - Fila 8 - color: rgb(45, 172, 49)
2025-10-25 11:28:51,624 - config - INFO - Clic en radio de fila 8
2025-10-25 11:28:59,748 - config - INFO - Registro actualizado correctamente
2025-10-25 11:28:59,748 - config - INFO - Registro actualizado.
2025-10-25 11:29:00,747 - config - INFO - Intentando ir a la página 102...
2025-10-25 11:34:02,140 - config - INFO - Página 102 abierta correctamente.
2025-10-25 11:34:06,174 - config - INFO - Fila 9 - color: rgb(45, 172, 49)
2025-10-25 11:34:07,260 - config - INFO - Clic en radio de fila 9
2025-10-25 11:34:15,359 - config - INFO - Registro actualizado correctamente
2025-10-25 11:34:15,359 - config - INFO - Registro actualizado.
2025-10-25 11:34:16,354 - config - INFO - Intentando ir a la página 102...
2025-10-25 11:39:24,192 - config - INFO - Página 102 abierta correctamente.
2025-10-25 11:39:28,235 - config - INFO - Fila 10 - color: rgb(45, 172, 49)
2025-10-25 11:39:29,362 - config - INFO - Clic en radio de fila 10
2025-10-25 11:39:37,847 - config - INFO - Registro actualizado correctamente
2025-10-25 11:39:37,851 - config - INFO - Registro actualizado.
2025-10-25 11:39:39,656 - config - INFO - Intentando ir a la página 102...
2025-10-25 11:44:44,186 - config - INFO - Página 102 abierta correctamente.
2025-10-25 11:44:52,287 - config - INFO - Total de filas encontradas: 10
2025-10-25 11:44:54,322 - config - INFO - Fila 1 - color: rgb(45, 172, 49)
2025-10-25 11:44:57,411 - config - INFO - Clic en radio de fila 1
2025-10-25 11:45:05,517 - config - INFO - Registro actualizado correctamente
2025-10-25 11:45:05,517 - config - INFO - Registro actualizado.
2025-10-25 11:45:07,673 - config - INFO - Intentando ir a la página 103...
2025-10-25 11:50:14,326 - config - INFO - Página 103 abierta correctamente.
2025-10-25 11:50:18,365 - config - INFO - Fila 2 - color: rgb(45, 172, 49)
2025-10-25 11:50:19,412 - config - INFO - Clic en radio de fila 2
2025-10-25 11:50:27,538 - config - INFO - Registro actualizado correctamente
2025-10-25 11:50:27,538 - config - INFO - Registro actualizado.
2025-10-25 11:50:28,551 - config - INFO - Intentando ir a la página 103...
2025-10-25 11:55:35,350 - config - INFO - Página 103 abierta correctamente.
2025-10-25 11:55:39,376 - config - INFO - Fila 3 - color: rgb(45, 172, 49)
2025-10-25 11:55:40,417 - config - INFO - Clic en radio de fila 3
2025-10-25 11:55:48,547 - config - INFO - Registro actualizado correctamente
2025-10-25 11:55:48,548 - config - INFO - Registro actualizado.
2025-10-25 11:55:49,765 - config - INFO - Intentando ir a la página 103...
2025-10-25 12:00:57,370 - config - INFO - Página 103 abierta correctamente.
2025-10-25 12:01:01,408 - config - INFO - Fila 4 - color: rgb(45, 172, 49)
2025-10-25 12:01:02,462 - config - INFO - Clic en radio de fila 4
2025-10-25 12:01:10,582 - config - INFO - Registro actualizado correctamente
2025-10-25 12:01:10,582 - config - INFO - Registro actualizado.
2025-10-25 12:01:12,609 - config - INFO - Intentando ir a la página 103...
2025-10-25 12:06:25,510 - config - INFO - Página 103 abierta correctamente.
2025-10-25 12:06:29,551 - config - INFO - Fila 5 - color: rgb(45, 172, 49)
2025-10-25 12:06:30,613 - config - INFO - Clic en radio de fila 5
2025-10-25 12:06:38,730 - config - INFO - Registro actualizado correctamente
2025-10-25 12:06:38,730 - config - INFO - Registro actualizado.
2025-10-25 12:06:40,754 - config - INFO - Intentando ir a la página 103...
2025-10-25 12:09:51,723 - config - INFO - Página 103 abierta correctamente.
2025-10-25 12:09:55,767 - config - INFO - Fila 6 - color: rgb(45, 172, 49)
2025-10-25 12:09:55,819 - config - INFO - Clic en radio de fila 6
2025-10-25 12:10:00,127 - config - INFO - Registro actualizado correctamente
2025-10-25 12:10:00,127 - config - INFO - Registro actualizado.
2025-10-25 12:10:01,266 - config - INFO - Intentando ir a la página 103...
2025-10-25 12:11:51,460 - config - INFO - Página 103 abierta correctamente.
2025-10-25 12:11:55,501 - config - INFO - Fila 7 - color: rgb(45, 172, 49)
2025-10-25 12:11:55,567 - config - INFO - Clic en radio de fila 7
2025-10-25 12:11:59,863 - config - INFO - Registro actualizado correctamente
2025-10-25 12:11:59,863 - config - INFO - Registro actualizado.
2025-10-25 12:12:01,107 - config - INFO - Intentando ir a la página 103...
2025-10-25 12:13:49,637 - config - INFO - Página 103 abierta correctamente.
2025-10-25 12:13:53,683 - config - INFO - Fila 8 - color: rgb(45, 172, 49)
2025-10-25 12:13:53,725 - config - INFO - Clic en radio de fila 8
2025-10-25 12:13:58,041 - config - INFO - Registro actualizado correctamente
2025-10-25 12:13:58,041 - config - INFO - Registro actualizado.
2025-10-25 12:13:58,989 - config - INFO - Intentando ir a la página 103...
2025-10-25 12:15:47,787 - config - INFO - Página 103 abierta correctamente.
2025-10-25 12:15:51,821 - config - INFO - Fila 9 - color: rgb(45, 172, 49)
2025-10-25 12:15:51,874 - config - INFO - Clic en radio de fila 9
2025-10-25 12:15:56,153 - config - INFO - Registro actualizado correctamente
2025-10-25 12:15:56,153 - config - INFO - Registro actualizado.
2025-10-25 12:15:57,477 - config - INFO - Intentando ir a la página 103...
2025-10-25 12:17:45,819 - config - INFO - Página 103 abierta correctamente.
2025-10-25 12:17:49,852 - config - INFO - Fila 10 - color: rgb(45, 172, 49)
2025-10-25 12:17:49,896 - config - INFO - Clic en radio de fila 10
2025-10-25 12:17:54,107 - config - INFO - Registro actualizado correctamente
2025-10-25 12:17:54,107 - config - INFO - Registro actualizado.
2025-10-25 12:17:55,059 - config - INFO - Intentando ir a la página 103...
2025-10-25 12:19:43,803 - config - INFO - Página 103 abierta correctamente.
2025-10-25 12:19:50,886 - config - INFO - Total de filas encontradas: 10
2025-10-25 12:19:52,910 - config - INFO - Fila 1 - color: rgb(45, 172, 49)
2025-10-25 12:19:52,980 - config - INFO - Clic en radio de fila 1
2025-10-25 12:19:57,277 - config - INFO - Registro actualizado correctamente
2025-10-25 12:19:57,277 - config - INFO - Registro actualizado.
2025-10-25 12:19:58,213 - config - INFO - Intentando ir a la página 104...
2025-10-25 12:21:47,491 - config - INFO - Página 104 abierta correctamente.
2025-10-25 12:21:51,528 - config - INFO - Fila 2 - color: rgb(45, 172, 49)
2025-10-25 12:21:51,562 - config - INFO - Clic en radio de fila 2
2025-10-25 12:21:55,842 - config - INFO - Registro actualizado correctamente
2025-10-25 12:21:55,842 - config - INFO - Registro actualizado.
2025-10-25 12:21:56,875 - config - INFO - Intentando ir a la página 104...
2025-10-25 12:23:45,777 - config - INFO - Página 104 abierta correctamente.
2025-10-25 12:23:49,799 - config - INFO - Fila 3 - color: rgb(45, 172, 49)
2025-10-25 12:23:49,830 - config - INFO - Clic en radio de fila 3
2025-10-25 12:23:54,028 - config - INFO - Registro actualizado correctamente
2025-10-25 12:23:54,028 - config - INFO - Registro actualizado.
2025-10-25 12:23:54,440 - config - INFO - Intentando ir a la página 104...
2025-10-25 12:25:43,598 - config - INFO - Página 104 abierta correctamente.
2025-10-25 12:25:47,628 - config - INFO - Fila 4 - color: rgb(45, 172, 49)
2025-10-25 12:25:47,668 - config - INFO - Clic en radio de fila 4
2025-10-25 12:25:51,846 - config - INFO - Registro actualizado correctamente
2025-10-25 12:25:51,846 - config - INFO - Registro actualizado.
2025-10-25 12:25:52,974 - config - INFO - Intentando ir a la página 104...
2025-10-25 12:27:41,901 - config - INFO - Página 104 abierta correctamente.
2025-10-25 12:27:45,938 - config - INFO - Fila 5 - color: rgb(45, 172, 49)
2025-10-25 12:27:45,971 - config - INFO - Clic en radio de fila 5
2025-10-25 12:27:50,168 - config - INFO - Registro actualizado correctamente
2025-10-25 12:27:50,169 - config - INFO - Registro actualizado.
2025-10-25 12:27:50,824 - config - INFO - Intentando ir a la página 104...
2025-10-25 12:29:39,621 - config - INFO - Página 104 abierta correctamente.
2025-10-25 12:29:43,663 - config - INFO - Fila 6 - color: rgb(45, 172, 49)
2025-10-25 12:29:43,708 - config - INFO - Clic en radio de fila 6
2025-10-25 12:29:47,906 - config - INFO - Registro actualizado correctamente
2025-10-25 12:29:47,907 - config - INFO - Registro actualizado.
2025-10-25 12:29:48,812 - config - INFO - Intentando ir a la página 104...
2025-10-25 12:31:37,576 - config - INFO - Página 104 abierta correctamente.
2025-10-25 12:31:41,612 - config - INFO - Fila 7 - color: rgb(45, 172, 49)
2025-10-25 12:31:41,646 - config - INFO - Clic en radio de fila 7
2025-10-25 12:31:45,824 - config - INFO - Registro actualizado correctamente
2025-10-25 12:31:45,825 - config - INFO - Registro actualizado.
2025-10-25 12:31:47,176 - config - INFO - Intentando ir a la página 104...
2025-10-25 12:33:35,962 - config - INFO - Página 104 abierta correctamente.
2025-10-25 12:33:40,005 - config - INFO - Fila 8 - color: rgb(45, 172, 49)
2025-10-25 12:33:40,049 - config - INFO - Clic en radio de fila 8
2025-10-25 12:33:44,242 - config - INFO - Registro actualizado correctamente
2025-10-25 12:33:44,243 - config - INFO - Registro actualizado.
2025-10-25 12:33:45,107 - config - INFO - Intentando ir a la página 104...
2025-10-25 12:35:34,098 - config - INFO - Página 104 abierta correctamente.
2025-10-25 12:35:38,139 - config - INFO - Fila 9 - color: rgb(45, 172, 49)
2025-10-25 12:35:38,193 - config - INFO - Clic en radio de fila 9
2025-10-25 12:35:42,400 - config - INFO - Registro actualizado correctamente
2025-10-25 12:35:42,400 - config - INFO - Registro actualizado.
2025-10-25 12:35:43,449 - config - INFO - Intentando ir a la página 104...
2025-10-25 12:37:32,283 - config - INFO - Página 104 abierta correctamente.
2025-10-25 12:37:36,315 - config - INFO - Fila 10 - color: rgb(45, 172, 49)
2025-10-25 12:37:36,355 - config - INFO - Clic en radio de fila 10
2025-10-25 12:37:40,567 - config - INFO - Registro actualizado correctamente
2025-10-25 12:37:40,567 - config - INFO - Registro actualizado.
2025-10-25 12:37:41,473 - config - INFO - Intentando ir a la página 104...
2025-10-25 12:39:30,373 - config - INFO - Página 104 abierta correctamente.
2025-10-25 12:39:37,468 - config - INFO - Total de filas encontradas: 10
2025-10-25 12:39:39,502 - config - INFO - Fila 1 - color: rgb(45, 172, 49)
2025-10-25 12:39:39,586 - config - INFO - Clic en radio de fila 1
2025-10-25 12:39:43,785 - config - INFO - Registro actualizado correctamente
2025-10-25 12:39:43,785 - config - INFO - Registro actualizado.
2025-10-25 12:39:44,634 - config - INFO - Intentando ir a la página 105...
2025-10-25 12:41:34,818 - config - INFO - Página 105 abierta correctamente.
2025-10-25 12:41:38,851 - config - INFO - Fila 2 - color: rgb(45, 172, 49)
2025-10-25 12:41:38,894 - config - INFO - Clic en radio de fila 2
2025-10-25 12:41:43,101 - config - INFO - Registro actualizado correctamente
2025-10-25 12:41:43,101 - config - INFO - Registro actualizado.
2025-10-25 12:41:43,564 - config - INFO - Intentando ir a la página 105...
2025-10-25 12:43:33,422 - config - INFO - Página 105 abierta correctamente.
2025-10-25 12:43:37,455 - config - INFO - Fila 3 - color: rgb(45, 172, 49)
2025-10-25 12:43:37,491 - config - INFO - Clic en radio de fila 3
2025-10-25 12:43:41,689 - config - INFO - Registro actualizado correctamente
2025-10-25 12:43:41,689 - config - INFO - Registro actualizado.
2025-10-25 12:43:42,655 - config - INFO - Intentando ir a la página 105...
2025-10-25 12:45:32,805 - config - INFO - Página 105 abierta correctamente.
2025-10-25 12:45:36,833 - config - INFO - Fila 4 - color: rgb(45, 172, 49)
2025-10-25 12:45:36,860 - config - INFO - Clic en radio de fila 4
2025-10-25 12:45:41,076 - config - INFO - Registro actualizado correctamente
2025-10-25 12:45:41,076 - config - INFO - Registro actualizado.
2025-10-25 12:45:42,063 - config - INFO - Intentando ir a la página 105...
2025-10-25 12:47:32,606 - config - INFO - Página 105 abierta correctamente.
2025-10-25 12:47:36,635 - config - INFO - Fila 5 - color: rgb(45, 172, 49)
2025-10-25 12:47:36,663 - config - INFO - Clic en radio de fila 5
2025-10-25 12:47:40,876 - config - INFO - Registro actualizado correctamente
2025-10-25 12:47:40,876 - config - INFO - Registro actualizado.
2025-10-25 12:47:41,739 - config - INFO - Intentando ir a la página 105...
2025-10-25 12:49:31,329 - config - INFO - Página 105 abierta correctamente.
2025-10-25 12:49:35,359 - config - INFO - Fila 6 - color: rgb(45, 172, 49)
2025-10-25 12:49:35,400 - config - INFO - Clic en radio de fila 6
2025-10-25 12:49:39,582 - config - INFO - Registro actualizado correctamente
2025-10-25 12:49:39,582 - config - INFO - Registro actualizado.
2025-10-25 12:49:40,546 - config - INFO - Intentando ir a la página 105...
2025-10-25 12:51:30,250 - config - INFO - Página 105 abierta correctamente.
2025-10-25 12:51:34,284 - config - INFO - Fila 7 - color: rgb(45, 172, 49)
2025-10-25 12:51:34,320 - config - INFO - Clic en radio de fila 7
2025-10-25 12:51:38,498 - config - INFO - Registro actualizado correctamente
2025-10-25 12:51:38,498 - config - INFO - Registro actualizado.
2025-10-25 12:51:39,438 - config - INFO - Intentando ir a la página 105...
2025-10-25 12:53:29,432 - config - INFO - Página 105 abierta correctamente.
2025-10-25 12:53:33,481 - config - INFO - Fila 8 - color: rgb(45, 172, 49)
2025-10-25 12:53:33,520 - config - INFO - Clic en radio de fila 8
2025-10-25 12:53:37,977 - config - INFO - Registro actualizado correctamente
2025-10-25 12:53:37,985 - config - INFO - Registro actualizado.
2025-10-25 12:53:39,097 - config - INFO - Intentando ir a la página 105...
2025-10-25 12:55:28,953 - config - INFO - Página 105 abierta correctamente.
2025-10-25 12:55:32,982 - config - INFO - Fila 9 - color: rgb(45, 172, 49)
2025-10-25 12:55:33,022 - config - INFO - Clic en radio de fila 9
2025-10-25 12:55:37,218 - config - INFO - Registro actualizado correctamente
2025-10-25 12:55:37,218 - config - INFO - Registro actualizado.
2025-10-25 12:55:38,268 - config - INFO - Intentando ir a la página 105...
2025-10-25 12:57:27,839 - config - INFO - Página 105 abierta correctamente.
2025-10-25 12:57:31,880 - config - INFO - Fila 10 - color: rgb(45, 172, 49)
2025-10-25 12:57:31,908 - config - INFO - Clic en radio de fila 10
2025-10-25 12:57:36,127 - config - INFO - Registro actualizado correctamente
2025-10-25 12:57:36,127 - config - INFO - Registro actualizado.
2025-10-25 12:57:37,060 - config - INFO - Intentando ir a la página 105...
2025-10-25 12:59:26,724 - config - INFO - Página 105 abierta correctamente.
2025-10-25 12:59:33,842 - config - INFO - Total de filas encontradas: 10
2025-10-25 12:59:35,866 - config - INFO - Fila 1 - color: rgb(45, 172, 49)
2025-10-25 12:59:35,949 - config - INFO - Clic en radio de fila 1
2025-10-25 12:59:40,138 - config - INFO - Registro actualizado correctamente
2025-10-25 12:59:40,138 - config - INFO - Registro actualizado.
2025-10-25 12:59:41,115 - config - INFO - Intentando ir a la página 106...
2025-10-25 13:01:32,006 - config - INFO - Página 106 abierta correctamente.
2025-10-25 13:01:36,051 - config - INFO - Fila 2 - color: rgb(45, 172, 49)
2025-10-25 13:01:36,094 - config - INFO - Clic en radio de fila 2
2025-10-25 13:01:40,273 - config - INFO - Registro actualizado correctamente
2025-10-25 13:01:40,273 - config - INFO - Registro actualizado.
2025-10-25 13:01:41,355 - config - INFO - Intentando ir a la página 106...
2025-10-25 13:03:32,458 - config - INFO - Página 106 abierta correctamente.
2025-10-25 13:03:36,493 - config - INFO - Fila 3 - color: rgb(45, 172, 49)
2025-10-25 13:03:36,527 - config - INFO - Clic en radio de fila 3
2025-10-25 13:03:40,726 - config - INFO - Registro actualizado correctamente
2025-10-25 13:03:40,726 - config - INFO - Registro actualizado.
2025-10-25 13:03:41,701 - config - INFO - Intentando ir a la página 106...
2025-10-25 13:05:32,939 - config - INFO - Página 106 abierta correctamente.
2025-10-25 13:05:36,965 - config - INFO - Fila 4 - color: rgb(45, 172, 49)
2025-10-25 13:05:36,996 - config - INFO - Clic en radio de fila 4
2025-10-25 13:05:41,224 - config - INFO - Registro actualizado correctamente
2025-10-25 13:05:41,225 - config - INFO - Registro actualizado.
2025-10-25 13:05:42,245 - config - INFO - Intentando ir a la página 106...
2025-10-25 13:07:34,274 - config - INFO - Página 106 abierta correctamente.
2025-10-25 13:07:38,321 - config - INFO - Fila 5 - color: rgb(45, 172, 49)
2025-10-25 13:07:38,369 - config - INFO - Clic en radio de fila 5
2025-10-25 13:07:42,575 - config - INFO - Registro actualizado correctamente
2025-10-25 13:07:42,575 - config - INFO - Registro actualizado.
2025-10-25 13:07:43,466 - config - INFO - Intentando ir a la página 106...
2025-10-25 13:09:34,713 - config - INFO - Página 106 abierta correctamente.
2025-10-25 13:09:38,750 - config - INFO - Fila 6 - color: rgb(45, 172, 49)
2025-10-25 13:09:38,779 - config - INFO - Clic en radio de fila 6
2025-10-25 13:09:43,013 - config - INFO - Registro actualizado correctamente
2025-10-25 13:09:43,014 - config - INFO - Registro actualizado.
2025-10-25 13:09:43,959 - config - INFO - Intentando ir a la página 106...
2025-10-25 13:11:34,912 - config - INFO - Página 106 abierta correctamente.
2025-10-25 13:11:38,938 - config - INFO - Fila 7 - color: rgb(45, 172, 49)
2025-10-25 13:11:38,984 - config - INFO - Clic en radio de fila 7
2025-10-25 13:11:43,197 - config - INFO - Registro actualizado correctamente
2025-10-25 13:11:43,197 - config - INFO - Registro actualizado.
2025-10-25 13:11:44,255 - config - INFO - Intentando ir a la página 106...
2025-10-25 13:13:35,845 - config - INFO - Página 106 abierta correctamente.
2025-10-25 13:13:39,863 - config - INFO - Fila 8 - color: rgb(45, 172, 49)
2025-10-25 13:13:39,907 - config - INFO - Clic en radio de fila 8
2025-10-25 13:13:44,113 - config - INFO - Registro actualizado correctamente
2025-10-25 13:13:44,113 - config - INFO - Registro actualizado.
2025-10-25 13:13:45,000 - config - INFO - Intentando ir a la página 106...
2025-10-25 13:15:35,830 - config - INFO - Página 106 abierta correctamente.
2025-10-25 13:15:39,861 - config - INFO - Fila 9 - color: rgb(45, 172, 49)
2025-10-25 13:15:39,904 - config - INFO - Clic en radio de fila 9
2025-10-25 13:15:44,115 - config - INFO - Registro actualizado correctamente
2025-10-25 13:15:44,115 - config - INFO - Registro actualizado.
2025-10-25 13:15:45,136 - config - INFO - Intentando ir a la página 106...
2025-10-25 13:17:35,933 - config - INFO - Página 106 abierta correctamente.
2025-10-25 13:17:39,971 - config - INFO - Fila 10 - color: rgb(45, 172, 49)
2025-10-25 13:17:40,005 - config - INFO - Clic en radio de fila 10
2025-10-25 13:17:44,222 - config - INFO - Registro actualizado correctamente
2025-10-25 13:17:44,222 - config - INFO - Registro actualizado.
2025-10-25 13:17:45,049 - config - INFO - Intentando ir a la página 106...
2025-10-25 13:19:36,635 - config - INFO - Página 106 abierta correctamente.
2025-10-25 13:19:43,735 - config - INFO - Total de filas encontradas: 10
2025-10-25 13:19:45,764 - config - INFO - Fila 1 - color: rgb(45, 172, 49)
2025-10-25 13:19:45,840 - config - INFO - Clic en radio de fila 1
2025-10-25 13:19:50,120 - config - INFO - Registro actualizado correctamente
2025-10-25 13:19:50,120 - config - INFO - Registro actualizado.
2025-10-25 13:19:50,954 - config - INFO - Intentando ir a la página 107...
2025-10-25 13:21:43,197 - config - INFO - Página 107 abierta correctamente.
2025-10-25 13:21:47,245 - config - INFO - Fila 2 - color: rgb(45, 172, 49)
2025-10-25 13:21:47,289 - config - INFO - Clic en radio de fila 2
2025-10-25 13:21:51,480 - config - INFO - Registro actualizado correctamente
2025-10-25 13:21:51,481 - config - INFO - Registro actualizado.
2025-10-25 13:21:52,566 - config - INFO - Intentando ir a la página 107...
2025-10-25 13:23:44,380 - config - INFO - Página 107 abierta correctamente.
2025-10-25 13:23:48,413 - config - INFO - Fila 3 - color: rgb(45, 172, 49)
2025-10-25 13:23:48,453 - config - INFO - Clic en radio de fila 3
2025-10-25 13:23:52,651 - config - INFO - Registro actualizado correctamente
2025-10-25 13:23:52,651 - config - INFO - Registro actualizado.
2025-10-25 13:23:53,855 - config - INFO - Intentando ir a la página 107...
2025-10-25 13:25:46,412 - config - INFO - Página 107 abierta correctamente.
2025-10-25 13:25:50,445 - config - INFO - Fila 4 - color: rgb(45, 172, 49)
2025-10-25 13:25:50,487 - config - INFO - Clic en radio de fila 4
2025-10-25 13:25:55,170 - config - INFO - Registro actualizado correctamente
2025-10-25 13:25:55,171 - config - INFO - Registro actualizado.
2025-10-25 13:25:56,082 - config - INFO - Intentando ir a la página 107...
2025-10-25 13:27:47,948 - config - INFO - Página 107 abierta correctamente.
2025-10-25 13:27:51,989 - config - INFO - Fila 5 - color: rgb(45, 172, 49)
2025-10-25 13:27:52,022 - config - INFO - Clic en radio de fila 5
2025-10-25 13:27:56,220 - config - INFO - Registro actualizado correctamente
2025-10-25 13:27:56,220 - config - INFO - Registro actualizado.
2025-10-25 13:27:57,395 - config - INFO - Intentando ir a la página 107...
2025-10-25 13:29:49,430 - config - INFO - Página 107 abierta correctamente.
2025-10-25 13:29:53,453 - config - INFO - Fila 6 - color: rgb(45, 172, 49)
2025-10-25 13:29:53,485 - config - INFO - Clic en radio de fila 6
2025-10-25 13:29:57,701 - config - INFO - Registro actualizado correctamente
2025-10-25 13:29:57,702 - config - INFO - Registro actualizado.
2025-10-25 13:29:58,675 - config - INFO - Intentando ir a la página 107...
2025-10-25 13:31:50,784 - config - INFO - Página 107 abierta correctamente.
2025-10-25 13:31:54,812 - config - INFO - Fila 7 - color: rgb(45, 172, 49)
2025-10-25 13:31:54,853 - config - INFO - Clic en radio de fila 7
2025-10-25 13:31:59,067 - config - INFO - Registro actualizado correctamente
2025-10-25 13:31:59,067 - config - INFO - Registro actualizado.
2025-10-25 13:32:00,202 - config - INFO - Intentando ir a la página 107...
2025-10-25 13:33:52,402 - config - INFO - Página 107 abierta correctamente.
2025-10-25 13:33:56,435 - config - INFO - Fila 8 - color: rgb(45, 172, 49)
2025-10-25 13:33:56,470 - config - INFO - Clic en radio de fila 8
2025-10-25 13:34:00,685 - config - INFO - Registro actualizado correctamente
2025-10-25 13:34:00,686 - config - INFO - Registro actualizado.
2025-10-25 13:34:01,773 - config - INFO - Intentando ir a la página 107...
2025-10-25 13:35:53,631 - config - INFO - Página 107 abierta correctamente.
2025-10-25 13:35:57,671 - config - INFO - Fila 9 - color: rgb(45, 172, 49)
2025-10-25 13:35:57,705 - config - INFO - Clic en radio de fila 9
2025-10-25 13:36:01,918 - config - INFO - Registro actualizado correctamente
2025-10-25 13:36:01,918 - config - INFO - Registro actualizado.
2025-10-25 13:36:03,565 - config - INFO - Intentando ir a la página 107...
2025-10-25 13:37:55,668 - config - INFO - Página 107 abierta correctamente.
2025-10-25 13:37:59,707 - config - INFO - Fila 10 - color: rgb(45, 172, 49)
2025-10-25 13:37:59,737 - config - INFO - Clic en radio de fila 10
2025-10-25 13:38:03,951 - config - INFO - Registro actualizado correctamente
2025-10-25 13:38:03,951 - config - INFO - Registro actualizado.
2025-10-25 13:38:04,897 - config - INFO - Intentando ir a la página 107...
2025-10-25 13:39:57,369 - config - INFO - Página 107 abierta correctamente.
2025-10-25 13:40:04,457 - config - INFO - Total de filas encontradas: 10
2025-10-25 13:40:06,489 - config - INFO - Fila 1 - color: rgb(45, 172, 49)
2025-10-25 13:40:06,577 - config - INFO - Clic en radio de fila 1
2025-10-25 13:40:10,762 - config - INFO - Registro actualizado correctamente
2025-10-25 13:40:10,762 - config - INFO - Registro actualizado.
2025-10-25 13:40:12,181 - config - INFO - Intentando ir a la página 108...
2025-10-25 13:42:05,481 - config - INFO - Página 108 abierta correctamente.
2025-10-25 13:42:09,513 - config - INFO - Fila 2 - color: rgb(45, 172, 49)
2025-10-25 13:42:09,552 - config - INFO - Clic en radio de fila 2
2025-10-25 13:42:13,743 - config - INFO - Registro actualizado correctamente
2025-10-25 13:42:13,744 - config - INFO - Registro actualizado.
2025-10-25 13:42:14,655 - config - INFO - Intentando ir a la página 108...
2025-10-25 13:44:07,932 - config - INFO - Página 108 abierta correctamente.
2025-10-25 13:44:11,956 - config - INFO - Fila 3 - color: rgb(45, 172, 49)
2025-10-25 13:44:12,004 - config - INFO - Clic en radio de fila 3
2025-10-25 13:44:16,194 - config - INFO - Registro actualizado correctamente
2025-10-25 13:44:16,195 - config - INFO - Registro actualizado.
2025-10-25 13:44:17,098 - config - INFO - Intentando ir a la página 108...
2025-10-25 13:46:10,913 - config - INFO - Página 108 abierta correctamente.
2025-10-25 13:46:14,949 - config - INFO - Fila 4 - color: rgb(45, 172, 49)
2025-10-25 13:46:14,986 - config - INFO - Clic en radio de fila 4
2025-10-25 13:46:19,196 - config - INFO - Registro actualizado correctamente
2025-10-25 13:46:19,196 - config - INFO - Registro actualizado.
2025-10-25 13:46:20,132 - config - INFO - Intentando ir a la página 108...
2025-10-25 13:48:13,726 - config - INFO - Página 108 abierta correctamente.
2025-10-25 13:48:17,772 - config - INFO - Fila 5 - color: rgb(45, 172, 49)
2025-10-25 13:48:17,819 - config - INFO - Clic en radio de fila 5
2025-10-25 13:48:22,012 - config - INFO - Registro actualizado correctamente
2025-10-25 13:48:22,013 - config - INFO - Registro actualizado.
2025-10-25 13:48:23,043 - config - INFO - Intentando ir a la página 108...
2025-10-25 13:50:16,726 - config - INFO - Página 108 abierta correctamente.
2025-10-25 13:50:20,771 - config - INFO - Fila 6 - color: rgb(45, 172, 49)
2025-10-25 13:50:20,817 - config - INFO - Clic en radio de fila 6
2025-10-25 13:50:25,030 - config - INFO - Registro actualizado correctamente
2025-10-25 13:50:25,030 - config - INFO - Registro actualizado.
2025-10-25 13:50:26,019 - config - INFO - Intentando ir a la página 108...
2025-10-25 13:52:19,277 - config - INFO - Página 108 abierta correctamente.
2025-10-25 13:52:23,301 - config - INFO - Fila 7 - color: rgb(45, 172, 49)
2025-10-25 13:52:23,349 - config - INFO - Clic en radio de fila 7
2025-10-25 13:52:27,560 - config - INFO - Registro actualizado correctamente
2025-10-25 13:52:27,560 - config - INFO - Registro actualizado.
2025-10-25 13:52:27,990 - config - INFO - Intentando ir a la página 108...
2025-10-25 13:54:21,560 - config - INFO - Página 108 abierta correctamente.
2025-10-25 13:54:25,593 - config - INFO - Fila 8 - color: rgb(45, 172, 49)
2025-10-25 13:54:25,630 - config - INFO - Clic en radio de fila 8
2025-10-25 13:54:29,827 - config - INFO - Registro actualizado correctamente
2025-10-25 13:54:29,827 - config - INFO - Registro actualizado.
2025-10-25 13:54:30,832 - config - INFO - Intentando ir a la página 108...
2025-10-25 13:56:24,092 - config - INFO - Página 108 abierta correctamente.
2025-10-25 13:56:28,135 - config - INFO - Fila 9 - color: rgb(45, 172, 49)
2025-10-25 13:56:28,184 - config - INFO - Clic en radio de fila 9
2025-10-25 13:56:32,396 - config - INFO - Registro actualizado correctamente
2025-10-25 13:56:32,396 - config - INFO - Registro actualizado.
2025-10-25 13:56:33,308 - config - INFO - Intentando ir a la página 108...
2025-10-25 13:58:26,622 - config - INFO - Página 108 abierta correctamente.
2025-10-25 13:58:30,658 - config - INFO - Fila 10 - color: rgb(45, 172, 49)
2025-10-25 13:58:30,697 - config - INFO - Clic en radio de fila 10
2025-10-25 13:58:34,899 - config - INFO - Registro actualizado correctamente
2025-10-25 13:58:34,900 - config - INFO - Registro actualizado.
2025-10-25 13:58:35,810 - config - INFO - Intentando ir a la página 108...
2025-10-25 14:00:29,123 - config - INFO - Página 108 abierta correctamente.
2025-10-25 14:00:36,235 - config - INFO - Total de filas encontradas: 10
2025-10-25 14:00:38,253 - config - INFO - Fila 1 - color: rgb(45, 172, 49)
2025-10-25 14:00:38,336 - config - INFO - Clic en radio de fila 1
2025-10-25 14:00:42,557 - config - INFO - Registro actualizado correctamente
2025-10-25 14:00:42,557 - config - INFO - Registro actualizado.
2025-10-25 14:00:43,654 - config - INFO - Intentando ir a la página 109...
2025-10-25 14:02:37,920 - config - INFO - Página 109 abierta correctamente.
2025-10-25 14:02:41,947 - config - INFO - Fila 2 - color: rgb(45, 172, 49)
2025-10-25 14:02:41,997 - config - INFO - Clic en radio de fila 2
2025-10-25 14:02:46,106 - config - INFO - Registro actualizado correctamente
2025-10-25 14:02:46,106 - config - INFO - Registro actualizado.
2025-10-25 14:02:46,596 - config - INFO - Intentando ir a la página 109...
2025-10-25 14:04:41,069 - config - INFO - Página 109 abierta correctamente.
2025-10-25 14:04:45,106 - config - INFO - Fila 3 - color: rgb(45, 172, 49)
2025-10-25 14:04:45,139 - config - INFO - Clic en radio de fila 3
2025-10-25 14:04:49,239 - config - INFO - Registro actualizado correctamente
2025-10-25 14:04:49,239 - config - INFO - Registro actualizado.
2025-10-25 14:04:50,196 - config - INFO - Intentando ir a la página 109...
2025-10-25 14:06:44,690 - config - INFO - Página 109 abierta correctamente.
2025-10-25 14:06:48,727 - config - INFO - Fila 4 - color: rgb(45, 172, 49)
2025-10-25 14:06:48,774 - config - INFO - Clic en radio de fila 4
2025-10-25 14:06:52,868 - config - INFO - Registro actualizado correctamente
2025-10-25 14:06:52,868 - config - INFO - Registro actualizado.
2025-10-25 14:06:53,806 - config - INFO - Intentando ir a la página 109...
2025-10-25 14:08:48,001 - config - INFO - Página 109 abierta correctamente.
2025-10-25 14:08:52,037 - config - INFO - Fila 5 - color: rgb(45, 172, 49)
2025-10-25 14:08:52,071 - config - INFO - Clic en radio de fila 5
2025-10-25 14:08:56,170 - config - INFO - Registro actualizado correctamente
2025-10-25 14:08:56,171 - config - INFO - Registro actualizado.
2025-10-25 14:08:57,005 - config - INFO - Intentando ir a la página 109...
2025-10-25 14:10:51,313 - config - INFO - Página 109 abierta correctamente.
2025-10-25 14:10:55,338 - config - INFO - Fila 6 - color: rgb(45, 172, 49)
2025-10-25 14:10:55,387 - config - INFO - Clic en radio de fila 6
2025-10-25 14:10:59,490 - config - INFO - Registro actualizado correctamente
2025-10-25 14:10:59,490 - config - INFO - Registro actualizado.
2025-10-25 14:11:00,606 - config - INFO - Intentando ir a la página 109...
2025-10-25 14:12:56,363 - config - INFO - Página 109 abierta correctamente.
2025-10-25 14:13:00,407 - config - INFO - Fila 7 - color: rgb(45, 172, 49)
2025-10-25 14:13:00,451 - config - INFO - Clic en radio de fila 7
2025-10-25 14:13:04,566 - config - INFO - Registro actualizado correctamente
2025-10-25 14:13:04,566 - config - INFO - Registro actualizado.
2025-10-25 14:13:05,924 - config - INFO - Intentando ir a la página 109...
2025-10-25 14:15:00,038 - config - INFO - Página 109 abierta correctamente.
2025-10-25 14:15:04,073 - config - INFO - Fila 8 - color: rgb(45, 172, 49)
2025-10-25 14:15:04,118 - config - INFO - Clic en radio de fila 8
2025-10-25 14:15:08,251 - config - INFO - Registro actualizado correctamente
2025-10-25 14:15:08,251 - config - INFO - Registro actualizado.
2025-10-25 14:15:09,971 - config - INFO - Intentando ir a la página 109...
2025-10-25 14:17:04,246 - config - INFO - Página 109 abierta correctamente.
2025-10-25 14:17:08,275 - config - INFO - Fila 9 - color: rgb(45, 172, 49)
2025-10-25 14:17:08,316 - config - INFO - Clic en radio de fila 9
2025-10-25 14:17:12,428 - config - INFO - Registro actualizado correctamente
2025-10-25 14:17:12,429 - config - INFO - Registro actualizado.
2025-10-25 14:17:12,870 - config - INFO - Intentando ir a la página 109...
2025-10-25 14:19:06,942 - config - INFO - Página 109 abierta correctamente.
2025-10-25 14:19:10,959 - config - INFO - Fila 10 - color: rgb(45, 172, 49)
2025-10-25 14:19:10,996 - config - INFO - Clic en radio de fila 10
2025-10-25 14:19:15,094 - config - INFO - Registro actualizado correctamente
2025-10-25 14:19:15,094 - config - INFO - Registro actualizado.
2025-10-25 14:19:16,015 - config - INFO - Intentando ir a la página 109...
2025-10-25 14:21:10,290 - config - INFO - Página 109 abierta correctamente.
2025-10-25 14:21:17,386 - config - INFO - Total de filas encontradas: 10
2025-10-25 14:21:19,411 - config - INFO - Fila 1 - color: rgb(45, 172, 49)
2025-10-25 14:21:19,480 - config - INFO - Clic en radio de fila 1
2025-10-25 14:21:23,706 - config - INFO - Registro actualizado correctamente
2025-10-25 14:21:23,706 - config - INFO - Registro actualizado.
2025-10-25 14:21:24,570 - config - INFO - Intentando ir a la página 110...
2025-10-25 14:23:19,785 - config - INFO - Página 110 abierta correctamente.
2025-10-25 14:23:23,828 - config - INFO - Fila 2 - color: rgb(45, 172, 49)
2025-10-25 14:23:23,878 - config - INFO - Clic en radio de fila 2
2025-10-25 14:23:28,088 - config - INFO - Registro actualizado correctamente
2025-10-25 14:23:28,088 - config - INFO - Registro actualizado.
2025-10-25 14:23:29,002 - config - INFO - Intentando ir a la página 110...
2025-10-25 14:25:25,036 - config - INFO - Página 110 abierta correctamente.
2025-10-25 14:25:29,067 - config - INFO - Fila 3 - color: rgb(45, 172, 49)
2025-10-25 14:25:29,104 - config - INFO - Clic en radio de fila 3
2025-10-25 14:25:33,354 - config - INFO - Registro actualizado correctamente
2025-10-25 14:25:33,354 - config - INFO - Registro actualizado.
2025-10-25 14:25:34,293 - config - INFO - Intentando ir a la página 110...
2025-10-25 14:27:29,479 - config - INFO - Página 110 abierta correctamente.
2025-10-25 14:27:33,521 - config - INFO - Fila 4 - color: rgb(45, 172, 49)
2025-10-25 14:27:33,553 - config - INFO - Clic en radio de fila 4
2025-10-25 14:27:37,768 - config - INFO - Registro actualizado correctamente
2025-10-25 14:27:37,769 - config - INFO - Registro actualizado.
2025-10-25 14:27:38,735 - config - INFO - Intentando ir a la página 110...
2025-10-25 14:29:33,979 - config - INFO - Página 110 abierta correctamente.
2025-10-25 14:29:38,011 - config - INFO - Fila 5 - color: rgb(45, 172, 49)
2025-10-25 14:29:38,055 - config - INFO - Clic en radio de fila 5
2025-10-25 14:29:42,246 - config - INFO - Registro actualizado correctamente
2025-10-25 14:29:42,246 - config - INFO - Registro actualizado.
2025-10-25 14:29:43,091 - config - INFO - Intentando ir a la página 110...
2025-10-25 14:31:38,445 - config - INFO - Página 110 abierta correctamente.
2025-10-25 14:31:42,482 - config - INFO - Fila 6 - color: rgb(45, 172, 49)
2025-10-25 14:31:42,514 - config - INFO - Clic en radio de fila 6
2025-10-25 14:31:46,710 - config - INFO - Registro actualizado correctamente
2025-10-25 14:31:46,710 - config - INFO - Registro actualizado.
2025-10-25 14:31:47,591 - config - INFO - Intentando ir a la página 110...
2025-10-25 14:33:42,847 - config - INFO - Página 110 abierta correctamente.
2025-10-25 14:33:46,863 - config - INFO - Fila 7 - color: rgb(45, 172, 49)
2025-10-25 14:33:46,896 - config - INFO - Clic en radio de fila 7
2025-10-25 14:33:51,096 - config - INFO - Registro actualizado correctamente
2025-10-25 14:33:51,097 - config - INFO - Registro actualizado.
2025-10-25 14:33:52,269 - config - INFO - Intentando ir a la página 110...
2025-10-25 14:35:47,555 - config - INFO - Página 110 abierta correctamente.
2025-10-25 14:35:51,598 - config - INFO - Fila 8 - color: rgb(45, 172, 49)
2025-10-25 14:35:51,628 - config - INFO - Clic en radio de fila 8
2025-10-25 14:35:55,842 - config - INFO - Registro actualizado correctamente
2025-10-25 14:35:55,842 - config - INFO - Registro actualizado.
2025-10-25 14:35:56,757 - config - INFO - Intentando ir a la página 110...
2025-10-25 14:37:52,171 - config - INFO - Página 110 abierta correctamente.
2025-10-25 14:37:56,268 - config - INFO - Fila 9 - color: rgb(45, 172, 49)
2025-10-25 14:37:56,499 - config - INFO - Clic en radio de fila 9
2025-10-25 14:38:00,707 - config - INFO - Registro actualizado correctamente
2025-10-25 14:38:00,707 - config - INFO - Registro actualizado.
2025-10-25 14:38:02,268 - config - INFO - Intentando ir a la página 110...
2025-10-25 14:39:57,570 - config - INFO - Página 110 abierta correctamente.
2025-10-25 14:40:01,609 - config - INFO - Fila 10 - color: rgb(45, 172, 49)
2025-10-25 14:40:01,658 - config - INFO - Clic en radio de fila 10
2025-10-25 14:40:05,870 - config - INFO - Registro actualizado correctamente
2025-10-25 14:40:05,870 - config - INFO - Registro actualizado.
2025-10-25 14:40:07,374 - config - INFO - Intentando ir a la página 110...
2025-10-25 14:42:02,564 - config - INFO - Página 110 abierta correctamente.
2025-10-25 14:42:09,666 - config - INFO - Total de filas encontradas: 10
2025-10-25 14:42:11,699 - config - INFO - Fila 1 - color: rgb(45, 172, 49)
2025-10-25 14:42:11,772 - config - INFO - Clic en radio de fila 1
2025-10-25 14:42:15,984 - config - INFO - Registro actualizado correctamente
2025-10-25 14:42:15,984 - config - INFO - Registro actualizado.
2025-10-25 14:42:17,836 - config - INFO - Intentando ir a la página 111...
2025-10-25 14:44:14,127 - config - INFO - Página 111 abierta correctamente.
2025-10-25 14:44:18,158 - config - INFO - Fila 2 - color: rgb(45, 172, 49)
2025-10-25 14:44:18,198 - config - INFO - Clic en radio de fila 2
2025-10-25 14:44:22,415 - config - INFO - Registro actualizado correctamente
2025-10-25 14:44:22,416 - config - INFO - Registro actualizado.
2025-10-25 14:44:23,193 - config - INFO - Intentando ir a la página 111...
2025-10-25 14:46:19,356 - config - INFO - Página 111 abierta correctamente.
2025-10-25 14:46:23,394 - config - INFO - Fila 3 - color: rgb(45, 172, 49)
2025-10-25 14:46:23,428 - config - INFO - Clic en radio de fila 3
2025-10-25 14:46:27,641 - config - INFO - Registro actualizado correctamente
2025-10-25 14:46:27,641 - config - INFO - Registro actualizado.
2025-10-25 14:46:28,540 - config - INFO - Intentando ir a la página 111...
2025-10-25 14:48:24,934 - config - INFO - Página 111 abierta correctamente.
2025-10-25 14:48:28,972 - config - INFO - Fila 4 - color: rgb(45, 172, 49)
2025-10-25 14:48:29,005 - config - INFO - Clic en radio de fila 4
2025-10-25 14:48:33,222 - config - INFO - Registro actualizado correctamente
2025-10-25 14:48:33,222 - config - INFO - Registro actualizado.
2025-10-25 14:48:34,087 - config - INFO - Intentando ir a la página 111...
2025-10-25 14:50:30,412 - config - INFO - Página 111 abierta correctamente.
2025-10-25 14:50:34,457 - config - INFO - Fila 5 - color: rgb(45, 172, 49)
2025-10-25 14:50:34,506 - config - INFO - Clic en radio de fila 5
2025-10-25 14:50:38,717 - config - INFO - Registro actualizado correctamente
2025-10-25 14:50:38,717 - config - INFO - Registro actualizado.
2025-10-25 14:50:40,070 - config - INFO - Intentando ir a la página 111...
2025-10-25 14:52:36,645 - config - INFO - Página 111 abierta correctamente.
2025-10-25 14:52:40,671 - config - INFO - Fila 6 - color: rgb(45, 172, 49)
2025-10-25 14:52:40,718 - config - INFO - Clic en radio de fila 6
2025-10-25 14:52:44,927 - config - INFO - Registro actualizado correctamente
2025-10-25 14:52:44,927 - config - INFO - Registro actualizado.
2025-10-25 14:52:45,849 - config - INFO - Intentando ir a la página 111...
2025-10-25 14:54:42,090 - config - INFO - Página 111 abierta correctamente.
2025-10-25 14:54:46,127 - config - INFO - Fila 7 - color: rgb(45, 172, 49)
2025-10-25 14:54:46,164 - config - INFO - Clic en radio de fila 7
2025-10-25 14:54:50,377 - config - INFO - Registro actualizado correctamente
2025-10-25 14:54:50,378 - config - INFO - Registro actualizado.
2025-10-25 14:54:51,279 - config - INFO - Intentando ir a la página 111...
2025-10-25 14:56:47,640 - config - INFO - Página 111 abierta correctamente.
2025-10-25 14:56:51,680 - config - INFO - Fila 8 - color: rgb(45, 172, 49)
2025-10-25 14:56:51,711 - config - INFO - Clic en radio de fila 8
2025-10-25 14:56:55,926 - config - INFO - Registro actualizado correctamente
2025-10-25 14:56:55,927 - config - INFO - Registro actualizado.
2025-10-25 14:56:56,835 - config - INFO - Intentando ir a la página 111...
2025-10-25 14:58:53,287 - config - INFO - Página 111 abierta correctamente.
2025-10-25 14:58:57,322 - config - INFO - Fila 9 - color: rgb(45, 172, 49)
2025-10-25 14:58:57,358 - config - INFO - Clic en radio de fila 9
2025-10-25 14:59:01,553 - config - INFO - Registro actualizado correctamente
2025-10-25 14:59:01,553 - config - INFO - Registro actualizado.
2025-10-25 14:59:02,409 - config - INFO - Intentando ir a la página 111...
2025-10-25 15:00:58,820 - config - INFO - Página 111 abierta correctamente.
2025-10-25 15:01:02,847 - config - INFO - Fila 10 - color: rgb(45, 172, 49)
2025-10-25 15:01:02,889 - config - INFO - Clic en radio de fila 10
2025-10-25 15:01:07,101 - config - INFO - Registro actualizado correctamente
2025-10-25 15:01:07,101 - config - INFO - Registro actualizado.
2025-10-25 15:01:08,067 - config - INFO - Intentando ir a la página 111...
2025-10-25 15:03:04,264 - config - INFO - Página 111 abierta correctamente.
2025-10-25 15:03:11,350 - config - INFO - Total de filas encontradas: 10
2025-10-25 15:03:13,368 - config - INFO - Fila 1 - color: rgb(45, 172, 49)
2025-10-25 15:03:13,438 - config - INFO - Clic en radio de fila 1
2025-10-25 15:03:17,666 - config - INFO - Registro actualizado correctamente
2025-10-25 15:03:17,667 - config - INFO - Registro actualizado.
2025-10-25 15:03:18,665 - config - INFO - Intentando ir a la página 112...
2025-10-25 15:05:16,324 - config - INFO - Página 112 abierta correctamente.
2025-10-25 15:05:20,367 - config - INFO - Fila 2 - color: rgb(45, 172, 49)
2025-10-25 15:05:20,417 - config - INFO - Clic en radio de fila 2
2025-10-25 15:05:24,625 - config - INFO - Registro actualizado correctamente
2025-10-25 15:05:24,625 - config - INFO - Registro actualizado.
2025-10-25 15:05:26,248 - config - INFO - Intentando ir a la página 112...
2025-10-25 15:07:23,755 - config - INFO - Página 112 abierta correctamente.
2025-10-25 15:07:27,778 - config - INFO - Fila 3 - color: rgb(45, 172, 49)
2025-10-25 15:07:27,825 - config - INFO - Clic en radio de fila 3
2025-10-25 15:07:31,939 - config - INFO - Registro actualizado correctamente
2025-10-25 15:07:31,939 - config - INFO - Registro actualizado.
2025-10-25 15:07:32,996 - config - INFO - Intentando ir a la página 112...
2025-10-25 15:09:30,652 - config - INFO - Página 112 abierta correctamente.
2025-10-25 15:09:34,682 - config - INFO - Fila 4 - color: rgb(45, 172, 49)
2025-10-25 15:09:34,718 - config - INFO - Clic en radio de fila 4
2025-10-25 15:09:38,947 - config - INFO - Registro actualizado correctamente
2025-10-25 15:09:38,948 - config - INFO - Registro actualizado.
2025-10-25 15:09:40,001 - config - INFO - Intentando ir a la página 112...
2025-10-25 15:11:37,740 - config - INFO - Página 112 abierta correctamente.
2025-10-25 15:11:41,771 - config - INFO - Fila 5 - color: rgb(45, 172, 49)
2025-10-25 15:11:41,815 - config - INFO - Clic en radio de fila 5
2025-10-25 15:11:46,029 - config - INFO - Registro actualizado correctamente
2025-10-25 15:11:46,030 - config - INFO - Registro actualizado.
2025-10-25 15:11:46,983 - config - INFO - Intentando ir a la página 112...
2025-10-25 15:13:44,508 - config - INFO - Página 112 abierta correctamente.
2025-10-25 15:13:48,547 - config - INFO - Fila 6 - color: rgb(45, 172, 49)
2025-10-25 15:13:48,584 - config - INFO - Clic en radio de fila 6
2025-10-25 15:13:52,775 - config - INFO - Registro actualizado correctamente
2025-10-25 15:13:52,775 - config - INFO - Registro actualizado.
2025-10-25 15:13:53,725 - config - INFO - Intentando ir a la página 112...
2025-10-25 15:15:51,182 - config - INFO - Página 112 abierta correctamente.
2025-10-25 15:15:55,211 - config - INFO - Fila 7 - color: rgb(45, 172, 49)
2025-10-25 15:15:55,257 - config - INFO - Clic en radio de fila 7
2025-10-25 15:15:59,469 - config - INFO - Registro actualizado correctamente
2025-10-25 15:15:59,469 - config - INFO - Registro actualizado.
2025-10-25 15:16:01,697 - config - INFO - Intentando ir a la página 112...
2025-10-25 15:17:59,048 - config - INFO - Página 112 abierta correctamente.
2025-10-25 15:18:03,082 - config - INFO - Fila 8 - color: rgb(45, 172, 49)
2025-10-25 15:18:03,126 - config - INFO - Clic en radio de fila 8
2025-10-25 15:18:07,357 - config - INFO - Registro actualizado correctamente
2025-10-25 15:18:07,358 - config - INFO - Registro actualizado.
2025-10-25 15:18:08,268 - config - INFO - Intentando ir a la página 112...
2025-10-25 15:20:06,010 - config - INFO - Página 112 abierta correctamente.
2025-10-25 15:20:10,047 - config - INFO - Fila 9 - color: rgb(45, 172, 49)
2025-10-25 15:20:10,082 - config - INFO - Clic en radio de fila 9
2025-10-25 15:20:14,374 - config - INFO - Registro actualizado correctamente
2025-10-25 15:20:14,374 - config - INFO - Registro actualizado.
2025-10-25 15:20:15,307 - config - INFO - Intentando ir a la página 112...
2025-10-25 15:22:13,057 - config - INFO - Página 112 abierta correctamente.
2025-10-25 15:22:17,092 - config - INFO - Fila 10 - color: rgb(45, 172, 49)
2025-10-25 15:22:17,152 - config - INFO - Clic en radio de fila 10
2025-10-25 15:22:21,379 - config - INFO - Registro actualizado correctamente
2025-10-25 15:22:21,379 - config - INFO - Registro actualizado.
2025-10-25 15:22:22,360 - config - INFO - Intentando ir a la página 112...
2025-10-25 15:24:20,036 - config - INFO - Página 112 abierta correctamente.
2025-10-25 15:24:27,130 - config - INFO - Total de filas encontradas: 10
2025-10-25 15:24:29,149 - config - INFO - Fila 1 - color: rgb(45, 172, 49)
2025-10-25 15:24:29,225 - config - INFO - Clic en radio de fila 1
2025-10-25 15:24:33,433 - config - INFO - Registro actualizado correctamente
2025-10-25 15:24:33,433 - config - INFO - Registro actualizado.
2025-10-25 15:24:34,350 - config - INFO - Intentando ir a la página 113...
2025-10-25 15:26:33,374 - config - INFO - Página 113 abierta correctamente.
2025-10-25 15:26:37,416 - config - INFO - Fila 2 - color: rgb(45, 172, 49)
2025-10-25 15:26:37,446 - config - INFO - Clic en radio de fila 2
2025-10-25 15:26:41,666 - config - INFO - Registro actualizado correctamente
2025-10-25 15:26:41,667 - config - INFO - Registro actualizado.
2025-10-25 15:26:42,759 - config - INFO - Intentando ir a la página 113...
2025-10-25 15:28:41,504 - config - INFO - Página 113 abierta correctamente.
2025-10-25 15:28:45,537 - config - INFO - Fila 3 - color: rgb(45, 172, 49)
2025-10-25 15:28:45,580 - config - INFO - Clic en radio de fila 3
2025-10-25 15:28:49,776 - config - INFO - Registro actualizado correctamente
2025-10-25 15:28:49,776 - config - INFO - Registro actualizado.
2025-10-25 15:28:50,941 - config - INFO - Intentando ir a la página 113...
2025-10-25 15:30:49,608 - config - INFO - Página 113 abierta correctamente.
2025-10-25 15:30:53,634 - config - INFO - Fila 4 - color: rgb(45, 172, 49)
2025-10-25 15:30:53,669 - config - INFO - Clic en radio de fila 4
2025-10-25 15:30:57,886 - config - INFO - Registro actualizado correctamente
2025-10-25 15:30:57,886 - config - INFO - Registro actualizado.
2025-10-25 15:30:59,156 - config - INFO - Intentando ir a la página 113...
2025-10-25 15:32:58,179 - config - INFO - Página 113 abierta correctamente.
2025-10-25 15:33:02,212 - config - INFO - Fila 5 - color: rgb(45, 172, 49)
2025-10-25 15:33:02,248 - config - INFO - Clic en radio de fila 5
2025-10-25 15:33:06,461 - config - INFO - Registro actualizado correctamente
2025-10-25 15:33:06,461 - config - INFO - Registro actualizado.
2025-10-25 15:33:07,450 - config - INFO - Intentando ir a la página 113...
2025-10-25 15:35:06,137 - config - INFO - Página 113 abierta correctamente.
2025-10-25 15:35:10,176 - config - INFO - Fila 6 - color: rgb(45, 172, 49)
2025-10-25 15:35:10,214 - config - INFO - Clic en radio de fila 6
2025-10-25 15:35:14,442 - config - INFO - Registro actualizado correctamente
2025-10-25 15:35:14,442 - config - INFO - Registro actualizado.
2025-10-25 15:35:16,505 - config - INFO - Intentando ir a la página 113...
2025-10-25 15:37:15,180 - config - INFO - Página 113 abierta correctamente.
2025-10-25 15:37:19,206 - config - INFO - Fila 7 - color: rgb(45, 172, 49)
2025-10-25 15:37:19,237 - config - INFO - Clic en radio de fila 7
2025-10-25 15:37:23,435 - config - INFO - Registro actualizado correctamente
2025-10-25 15:37:23,435 - config - INFO - Registro actualizado.
2025-10-25 15:37:24,403 - config - INFO - Intentando ir a la página 113...
2025-10-25 15:39:23,529 - config - INFO - Página 113 abierta correctamente.
2025-10-25 15:39:27,572 - config - INFO - Fila 8 - color: rgb(45, 172, 49)
2025-10-25 15:39:27,618 - config - INFO - Clic en radio de fila 8
2025-10-25 15:39:31,833 - config - INFO - Registro actualizado correctamente
2025-10-25 15:39:31,834 - config - INFO - Registro actualizado.
2025-10-25 15:39:32,698 - config - INFO - Intentando ir a la página 113...
2025-10-25 15:41:31,722 - config - INFO - Página 113 abierta correctamente.
2025-10-25 15:41:35,746 - config - INFO - Fila 9 - color: rgb(45, 172, 49)
2025-10-25 15:41:35,777 - config - INFO - Clic en radio de fila 9
2025-10-25 15:41:39,973 - config - INFO - Registro actualizado correctamente
2025-10-25 15:41:39,973 - config - INFO - Registro actualizado.
2025-10-25 15:41:40,977 - config - INFO - Intentando ir a la página 113...
2025-10-25 15:43:40,004 - config - INFO - Página 113 abierta correctamente.
2025-10-25 15:43:44,044 - config - INFO - Fila 10 - color: rgb(45, 172, 49)
2025-10-25 15:43:44,089 - config - INFO - Clic en radio de fila 10
2025-10-25 15:43:48,305 - config - INFO - Registro actualizado correctamente
2025-10-25 15:43:48,305 - config - INFO - Registro actualizado.
2025-10-25 15:43:49,167 - config - INFO - Intentando ir a la página 113...
2025-10-25 15:45:48,547 - config - INFO - Página 113 abierta correctamente.
2025-10-25 15:45:55,641 - config - INFO - Total de filas encontradas: 10
2025-10-25 15:45:57,664 - config - INFO - Fila 1 - color: rgb(45, 172, 49)
2025-10-25 15:45:57,698 - config - INFO - Clic en radio de fila 1
2025-10-25 15:46:01,912 - config - INFO - Registro actualizado correctamente
2025-10-25 15:46:01,912 - config - INFO - Registro actualizado.
2025-10-25 15:46:03,933 - config - INFO - Intentando ir a la página 114...
2025-10-25 15:48:04,020 - config - INFO - Página 114 abierta correctamente.
2025-10-25 15:48:08,043 - config - INFO - Fila 2 - color: rgb(45, 172, 49)
2025-10-25 15:48:08,090 - config - INFO - Clic en radio de fila 2
2025-10-25 15:48:12,308 - config - INFO - Registro actualizado correctamente
2025-10-25 15:48:12,308 - config - INFO - Registro actualizado.
2025-10-25 15:48:13,414 - config - INFO - Intentando ir a la página 114...
2025-10-25 15:50:13,500 - config - INFO - Página 114 abierta correctamente.
2025-10-25 15:50:17,536 - config - INFO - Fila 3 - color: rgb(45, 172, 49)
2025-10-25 15:50:17,585 - config - INFO - Clic en radio de fila 3
2025-10-25 15:50:21,801 - config - INFO - Registro actualizado correctamente
2025-10-25 15:50:21,801 - config - INFO - Registro actualizado.
2025-10-25 15:50:22,925 - config - INFO - Intentando ir a la página 114...
2025-10-25 15:52:23,043 - config - INFO - Página 114 abierta correctamente.
2025-10-25 15:52:27,068 - config - INFO - Fila 4 - color: rgb(45, 172, 49)
2025-10-25 15:52:27,112 - config - INFO - Clic en radio de fila 4
2025-10-25 15:52:31,326 - config - INFO - Registro actualizado correctamente
2025-10-25 15:52:31,326 - config - INFO - Registro actualizado.
2025-10-25 15:52:32,282 - config - INFO - Intentando ir a la página 114...
2025-10-25 15:54:32,417 - config - INFO - Página 114 abierta correctamente.
2025-10-25 15:54:36,448 - config - INFO - Fila 5 - color: rgb(45, 172, 49)
2025-10-25 15:54:36,488 - config - INFO - Clic en radio de fila 5
2025-10-25 15:54:40,732 - config - INFO - Registro actualizado correctamente
2025-10-25 15:54:40,732 - config - INFO - Registro actualizado.
2025-10-25 15:54:41,650 - config - INFO - Intentando ir a la página 114...
2025-10-25 15:56:41,644 - config - INFO - Página 114 abierta correctamente.
2025-10-25 15:56:45,674 - config - INFO - Fila 6 - color: rgb(45, 172, 49)
2025-10-25 15:56:45,714 - config - INFO - Clic en radio de fila 6
2025-10-25 15:56:49,929 - config - INFO - Registro actualizado correctamente
2025-10-25 15:56:49,930 - config - INFO - Registro actualizado.
2025-10-25 15:56:51,171 - config - INFO - Intentando ir a la página 114...
2025-10-25 15:58:51,239 - config - INFO - Página 114 abierta correctamente.
2025-10-25 15:58:55,266 - config - INFO - Fila 7 - color: rgb(45, 172, 49)
2025-10-25 15:58:55,313 - config - INFO - Clic en radio de fila 7
2025-10-25 15:58:59,525 - config - INFO - Registro actualizado correctamente
2025-10-25 15:58:59,525 - config - INFO - Registro actualizado.
2025-10-25 15:59:00,455 - config - INFO - Intentando ir a la página 114...
2025-10-25 16:01:00,946 - config - INFO - Página 114 abierta correctamente.
2025-10-25 16:01:04,978 - config - INFO - Fila 8 - color: rgb(45, 172, 49)
2025-10-25 16:01:05,021 - config - INFO - Clic en radio de fila 8
2025-10-25 16:01:09,233 - config - INFO - Registro actualizado correctamente
2025-10-25 16:01:09,233 - config - INFO - Registro actualizado.
2025-10-25 16:01:10,302 - config - INFO - Intentando ir a la página 114...
2025-10-25 16:03:10,193 - config - INFO - Página 114 abierta correctamente.
2025-10-25 16:03:14,231 - config - INFO - Fila 9 - color: rgb(45, 172, 49)
2025-10-25 16:03:14,265 - config - INFO - Clic en radio de fila 9
2025-10-25 16:03:18,461 - config - INFO - Registro actualizado correctamente
2025-10-25 16:03:18,461 - config - INFO - Registro actualizado.
2025-10-25 16:03:19,526 - config - INFO - Intentando ir a la página 114...
2025-10-25 16:05:19,391 - config - INFO - Página 114 abierta correctamente.
2025-10-25 16:05:23,433 - config - INFO - Fila 10 - color: rgb(45, 172, 49)
2025-10-25 16:05:23,481 - config - INFO - Clic en radio de fila 10
2025-10-25 16:05:27,691 - config - INFO - Registro actualizado correctamente
2025-10-25 16:05:27,691 - config - INFO - Registro actualizado.
2025-10-25 16:05:29,320 - config - INFO - Intentando ir a la página 114...
2025-10-25 16:07:30,900 - config - INFO - Página 114 abierta correctamente.
2025-10-25 16:07:37,990 - config - INFO - Total de filas encontradas: 10
2025-10-25 16:07:40,020 - config - INFO - Fila 1 - color: rgb(45, 172, 49)
2025-10-25 16:07:40,065 - config - INFO - Clic en radio de fila 1
2025-10-25 16:07:44,281 - config - INFO - Registro actualizado correctamente
2025-10-25 16:07:44,281 - config - INFO - Registro actualizado.
2025-10-25 16:07:45,344 - config - INFO - Intentando ir a la página 115...
2025-10-25 16:09:47,053 - config - INFO - Página 115 abierta correctamente.
2025-10-25 16:09:51,088 - config - INFO - Fila 2 - color: rgb(45, 172, 49)
2025-10-25 16:09:51,128 - config - INFO - Clic en radio de fila 2
2025-10-25 16:09:55,222 - config - INFO - Registro actualizado correctamente
2025-10-25 16:09:55,222 - config - INFO - Registro actualizado.
2025-10-25 16:09:56,184 - config - INFO - Intentando ir a la página 115...
2025-10-25 16:11:57,155 - config - INFO - Página 115 abierta correctamente.
2025-10-25 16:12:01,191 - config - INFO - Fila 3 - color: rgb(45, 172, 49)
2025-10-25 16:12:01,228 - config - INFO - Clic en radio de fila 3
2025-10-25 16:12:05,417 - config - INFO - Registro actualizado correctamente
2025-10-25 16:12:05,417 - config - INFO - Registro actualizado.
2025-10-25 16:12:06,572 - config - INFO - Intentando ir a la página 115...
2025-10-25 16:14:07,981 - config - INFO - Página 115 abierta correctamente.
2025-10-25 16:14:12,013 - config - INFO - Fila 4 - color: rgb(45, 172, 49)
2025-10-25 16:14:12,051 - config - INFO - Clic en radio de fila 4
2025-10-25 16:14:16,280 - config - INFO - Registro actualizado correctamente
2025-10-25 16:14:16,281 - config - INFO - Registro actualizado.
2025-10-25 16:14:17,244 - config - INFO - Intentando ir a la página 115...
2025-10-25 16:16:18,393 - config - INFO - Página 115 abierta correctamente.
2025-10-25 16:16:22,420 - config - INFO - Fila 5 - color: rgb(45, 172, 49)
2025-10-25 16:16:22,463 - config - INFO - Clic en radio de fila 5
2025-10-25 16:16:26,696 - config - INFO - Registro actualizado correctamente
2025-10-25 16:16:26,696 - config - INFO - Registro actualizado.
2025-10-25 16:16:27,668 - config - INFO - Intentando ir a la página 115...
2025-10-25 16:18:28,720 - config - INFO - Página 115 abierta correctamente.
2025-10-25 16:18:32,749 - config - INFO - Fila 6 - color: rgb(45, 172, 49)
2025-10-25 16:18:32,789 - config - INFO - Clic en radio de fila 6
2025-10-25 16:18:37,001 - config - INFO - Registro actualizado correctamente
2025-10-25 16:18:37,002 - config - INFO - Registro actualizado.
2025-10-25 16:18:37,924 - config - INFO - Intentando ir a la página 115...
2025-10-25 16:20:39,028 - config - INFO - Página 115 abierta correctamente.
2025-10-25 16:20:43,061 - config - INFO - Fila 7 - color: rgb(45, 172, 49)
2025-10-25 16:20:43,106 - config - INFO - Clic en radio de fila 7
2025-10-25 16:20:47,314 - config - INFO - Registro actualizado correctamente
2025-10-25 16:20:47,314 - config - INFO - Registro actualizado.
2025-10-25 16:20:49,020 - config - INFO - Intentando ir a la página 115...
2025-10-25 16:22:50,256 - config - INFO - Página 115 abierta correctamente.
2025-10-25 16:22:54,285 - config - INFO - Fila 8 - color: rgb(45, 172, 49)
2025-10-25 16:22:54,329 - config - INFO - Clic en radio de fila 8
2025-10-25 16:22:58,565 - config - INFO - Registro actualizado correctamente
2025-10-25 16:22:58,565 - config - INFO - Registro actualizado.
2025-10-25 16:22:59,403 - config - INFO - Intentando ir a la página 115...
2025-10-25 16:25:00,367 - config - INFO - Página 115 abierta correctamente.
2025-10-25 16:25:04,396 - config - INFO - Fila 9 - color: rgb(45, 172, 49)
2025-10-25 16:25:04,440 - config - INFO - Clic en radio de fila 9
2025-10-25 16:25:08,671 - config - INFO - Registro actualizado correctamente
2025-10-25 16:25:08,672 - config - INFO - Registro actualizado.
2025-10-25 16:25:09,710 - config - INFO - Intentando ir a la página 115...
2025-10-25 16:27:10,748 - config - INFO - Página 115 abierta correctamente.
2025-10-25 16:27:14,784 - config - INFO - Fila 10 - color: rgb(45, 172, 49)
2025-10-25 16:27:14,817 - config - INFO - Clic en radio de fila 10
2025-10-25 16:27:19,015 - config - INFO - Registro actualizado correctamente
2025-10-25 16:27:19,016 - config - INFO - Registro actualizado.
2025-10-25 16:27:19,912 - config - INFO - Intentando ir a la página 115...
2025-10-25 16:29:20,840 - config - INFO - Página 115 abierta correctamente.
2025-10-25 16:29:27,942 - config - INFO - Total de filas encontradas: 10
2025-10-25 16:29:29,973 - config - INFO - Fila 1 - color: rgb(45, 172, 49)
2025-10-25 16:29:30,009 - config - INFO - Clic en radio de fila 1
2025-10-25 16:29:34,223 - config - INFO - Registro actualizado correctamente
2025-10-25 16:29:34,224 - config - INFO - Registro actualizado.
2025-10-25 16:29:35,211 - config - INFO - Intentando ir a la página 116...
2025-10-25 16:31:37,132 - config - INFO - Página 116 abierta correctamente.
2025-10-25 16:31:41,173 - config - INFO - Fila 2 - color: rgb(45, 172, 49)
2025-10-25 16:31:41,206 - config - INFO - Clic en radio de fila 2
2025-10-25 16:31:45,396 - config - INFO - Registro actualizado correctamente
2025-10-25 16:31:45,397 - config - INFO - Registro actualizado.
2025-10-25 16:31:46,378 - config - INFO - Intentando ir a la página 116...
2025-10-25 16:33:48,393 - config - INFO - Página 116 abierta correctamente.
2025-10-25 16:33:52,427 - config - INFO - Fila 3 - color: rgb(45, 172, 49)
2025-10-25 16:33:52,464 - config - INFO - Clic en radio de fila 3
2025-10-25 16:33:56,715 - config - INFO - Registro actualizado correctamente
2025-10-25 16:33:56,715 - config - INFO - Registro actualizado.
2025-10-25 16:33:58,361 - config - INFO - Intentando ir a la página 116...
2025-10-25 16:36:00,252 - config - INFO - Página 116 abierta correctamente.
2025-10-25 16:36:04,286 - config - INFO - Fila 4 - color: rgb(45, 172, 49)
2025-10-25 16:36:04,323 - config - INFO - Clic en radio de fila 4
2025-10-25 16:36:08,402 - config - INFO - Registro actualizado correctamente
2025-10-25 16:36:08,402 - config - INFO - Registro actualizado.
2025-10-25 16:36:09,490 - config - INFO - Intentando ir a la página 116...
2025-10-25 16:38:11,179 - config - INFO - Página 116 abierta correctamente.
2025-10-25 16:38:15,226 - config - INFO - Fila 5 - color: rgb(45, 172, 49)
2025-10-25 16:38:15,268 - config - INFO - Clic en radio de fila 5
2025-10-25 16:38:19,481 - config - INFO - Registro actualizado correctamente
2025-10-25 16:38:19,481 - config - INFO - Registro actualizado.
2025-10-25 16:38:21,908 - config - INFO - Intentando ir a la página 116...
2025-10-25 16:40:23,803 - config - INFO - Página 116 abierta correctamente.
2025-10-25 16:40:27,847 - config - INFO - Fila 6 - color: rgb(45, 172, 49)
2025-10-25 16:40:27,894 - config - INFO - Clic en radio de fila 6
2025-10-25 16:40:32,112 - config - INFO - Registro actualizado correctamente
2025-10-25 16:40:32,112 - config - INFO - Registro actualizado.
2025-10-25 16:40:33,807 - config - INFO - Intentando ir a la página 116...
2025-10-25 16:42:35,667 - config - INFO - Página 116 abierta correctamente.
2025-10-25 16:42:39,698 - config - INFO - Fila 7 - color: rgb(45, 172, 49)
2025-10-25 16:42:39,736 - config - INFO - Clic en radio de fila 7
2025-10-25 16:42:43,934 - config - INFO - Registro actualizado correctamente
2025-10-25 16:42:43,934 - config - INFO - Registro actualizado.
2025-10-25 16:42:44,951 - config - INFO - Intentando ir a la página 116...
2025-10-25 16:44:47,492 - config - INFO - Página 116 abierta correctamente.
2025-10-25 16:44:51,536 - config - INFO - Fila 8 - color: rgb(45, 172, 49)
2025-10-25 16:44:51,583 - config - INFO - Clic en radio de fila 8
2025-10-25 16:44:55,813 - config - INFO - Registro actualizado correctamente
2025-10-25 16:44:55,813 - config - INFO - Registro actualizado.
2025-10-25 16:44:56,775 - config - INFO - Intentando ir a la página 116...
2025-10-25 16:46:58,984 - config - INFO - Página 116 abierta correctamente.
2025-10-25 16:47:03,003 - config - INFO - Fila 9 - color: rgb(45, 172, 49)
2025-10-25 16:47:03,044 - config - INFO - Clic en radio de fila 9
2025-10-25 16:47:07,255 - config - INFO - Registro actualizado correctamente
2025-10-25 16:47:07,255 - config - INFO - Registro actualizado.
2025-10-25 16:47:08,339 - config - INFO - Intentando ir a la página 116...
2025-10-25 16:49:10,464 - config - INFO - Página 116 abierta correctamente.
2025-10-25 16:49:14,489 - config - INFO - Fila 10 - color: rgb(45, 172, 49)
2025-10-25 16:49:14,533 - config - INFO - Clic en radio de fila 10
2025-10-25 16:49:18,785 - config - INFO - Registro actualizado correctamente
2025-10-25 16:49:18,785 - config - INFO - Registro actualizado.
2025-10-25 16:49:19,784 - config - INFO - Intentando ir a la página 116...
2025-10-25 16:50:51,364 - config - INFO - Error al intentar ir a la página 116: Locator.click: Timeout 30000ms exceeded.
Call log:
waiting for locator("button.p-paginator-next")
  -   locator resolved to <button pripple="" type="button" class="p-ripple p-element p-paginator-next p-paginator-element p-link">…</button>
  - attempting click action
  -   waiting for element to be visible, enabled and stable
  -   element is visible, enabled and stable
  -   scrolling into view if needed
  -   done scrolling
  -   <div _ngcontent-mjs-c183="" class="main-div ng-star-inserted">…</div> from <app-loader _nghost-mjs-c183="" _ngcontent-mjs-c184="">…</app-loader> subtree intercepts pointer events
  - retrying click action, attempt #1
  -   waiting for element to be visible, enabled and stable
  -   element is visible, enabled and stable
  -   scrolling into view if needed
  -   done scrolling
  -   <div _ngcontent-mjs-c183="" class="main-div ng-star-inserted">…</div> from <app-loader _nghost-mjs-c183="" _ngcontent-mjs-c184="">…</app-loader> subtree intercepts pointer events
  - retrying click action, attempt #2
  -   waiting 20ms
  -   waiting for element to be visible, enabled and stable
  -   element is visible, enabled and stable
  -   scrolling into view if needed
  -   done scrolling
  -   <div _ngcontent-mjs-c183="" class="main-div ng-star-inserted">…</div> from <app-loader _nghost-mjs-c183="" _ngcontent-mjs-c184="">…</app-loader> subtree intercepts pointer events
  - retrying click action, attempt #3
  -   waiting 100ms
  -   waiting for element to be visible, enabled and stable
  -   element is visible, enabled and stable
  -   scrolling into view if needed
  -   done scrolling
  -   <div _ngcontent-mjs-c183="" class="main-div ng-star-inserted">…</div> from <app-loader _nghost-mjs-c183="" _ngcontent-mjs-c184="">…</app-loader> subtree intercepts pointer events
  - retrying click action, attempt #4
  -   waiting 100ms
  -   waiting for element to be visible, enabled and stable
  -   element is visible, enabled and stable
  -   scrolling into view if needed
  -   done scrolling
  -   <div _ngcontent-mjs-c183="" class="main-div ng-star-inserted">…</div> from <app-loader _nghost-mjs-c183="" _ngcontent-mjs-c184="">…</app-loader> subtree intercepts pointer events
  - retrying click action, attempt #5
  -   waiting 500ms
  -   waiting for element to be visible, enabled and stable
  -   element is visible, enabled and stable
  -   scrolling into view if needed
  -   done scrolling
  -   <div _ngcontent-mjs-c183="" class="main-div ng-star-inserted">…</div> from <app-loader _nghost-mjs-c183="" _ngcontent-mjs-c184="">…</app-loader> subtree intercepts pointer events
  - retrying click action, attempt #6
  -   waiting 500ms
  -   waiting for element to be visible, enabled and stable
  -   element is visible, enabled and stable
  -   scrolling into view if needed
  -   done scrolling
  -   <div _ngcontent-mjs-c183="" class="main-div ng-star-inserted">…</div> from <app-loader _nghost-mjs-c183="" _ngcontent-mjs-c184="">…</app-loader> subtree intercepts pointer events
  - retrying click action, attempt #7
  -   waiting 500ms
  -   waiting for element to be visible, enabled and stable
  -   element is visible, enabled and stable
  -   scrolling into view if needed
  -   done scrolling
  -   <div _ngcontent-mjs-c183="" class="main-div ng-star-inserted">…</div> from <app-loader _nghost-mjs-c183="" _ngcontent-mjs-c184="">…</app-loader> subtree intercepts pointer events
  - retrying click action, attempt #8
  -   waiting 500ms
  -   waiting for element to be visible, enabled and stable
  -   element is visible, enabled and stable
  -   scrolling into view if needed
  -   done scrolling
  -   <div _ngcontent-mjs-c183="" class="main-div ng-star-inserted">…</div> from <app-loader _nghost-mjs-c183="" _ngcontent-mjs-c184="">…</app-loader> subtree intercepts pointer events
  - retrying click action, attempt #9
  -   waiting 500ms
  -   waiting for element to be visible, enabled and stable
  -   element is visible, enabled and stable
  -   scrolling into view if needed
  -   done scrolling
  -   <div _ngcontent-mjs-c183="" class="main-div ng-star-inserted">…</div> from <app-loader _nghost-mjs-c183="" _ngcontent-mjs-c184="">…</app-loader> subtree intercepts pointer events
  - retrying click action, attempt #10
  -   waiting 500ms
  -   waiting for element to be visible, enabled and stable
  -   element is visible, enabled and stable
  -   scrolling into view if needed
  -   done scrolling
  -   <div _ngcontent-mjs-c183="" class="main-div ng-star-inserted">…</div> from <app-loader _nghost-mjs-c183="" _ngcontent-mjs-c184="">…</app-loader> subtree intercepts pointer events
  - retrying click action, attempt #11
  -   waiting 500ms
  -   waiting for element to be visible, enabled and stable
  -   element is visible, enabled and stable
  -   scrolling into view if needed
  -   done scrolling
  -   <div _ngcontent-mjs-c183="" class="main-div ng-star-inserted">…</div> from <app-loader _nghost-mjs-c183="" _ngcontent-mjs-c184="">…</app-loader> subtree intercepts pointer events
  - retrying click action, attempt #12
  -   waiting 500ms
  -   waiting for element to be visible, enabled and stable
  -   element is visible, enabled and stable
  -   scrolling into view if needed
  -   done scrolling
  -   <div _ngcontent-mjs-c183="" class="main-div ng-star-inserted">…</div> from <app-loader _nghost-mjs-c183="" _ngcontent-mjs-c184="">…</app-loader> subtree intercepts pointer events
  - retrying click action, attempt #13
  -   waiting 500ms
  -   waiting for element to be visible, enabled and stable
  -   element is visible, enabled and stable
  -   scrolling into view if needed
  -   done scrolling
  -   <div _ngcontent-mjs-c183="" class="main-div ng-star-inserted">…</div> from <app-loader _nghost-mjs-c183="" _ngcontent-mjs-c184="">…</app-loader> subtree intercepts pointer events
  - retrying click action, attempt #14
  -   waiting 500ms
  -   waiting for element to be visible, enabled and stable
  -   element is visible, enabled and stable
  -   scrolling into view if needed
  -   done scrolling
  -   <div _ngcontent-mjs-c183="" class="main-div ng-star-inserted">…</div> from <app-loader _nghost-mjs-c183="" _ngcontent-mjs-c184="">…</app-loader> subtree intercepts pointer events
  - retrying click action, attempt #15
  -   waiting 500ms
  -   waiting for element to be visible, enabled and stable
  -   element is visible, enabled and stable
  -   scrolling into view if needed
  -   done scrolling
  -   <div _ngcontent-mjs-c183="" class="main-div ng-star-inserted">…</div> from <app-loader _nghost-mjs-c183="" _ngcontent-mjs-c184="">…</app-loader> subtree intercepts pointer events
  - retrying click action, attempt #16
  -   waiting 500ms
  -   waiting for element to be visible, enabled and stable
  -   element is visible, enabled and stable
  -   scrolling into view if needed
  -   done scrolling
  -   <div _ngcontent-mjs-c183="" class="main-div ng-star-inserted">…</div> from <app-loader _nghost-mjs-c183="" _ngcontent-mjs-c184="">…</app-loader> subtree intercepts pointer events
  - retrying click action, attempt #17
  -   waiting 500ms
  -   waiting for element to be visible, enabled and stable
  -   element is visible, enabled and stable
  -   scrolling into view if needed
  -   done scrolling
  -   <div _ngcontent-mjs-c183="" class="main-div ng-star-inserted">…</div> from <app-loader _nghost-mjs-c183="" _ngcontent-mjs-c184="">…</app-loader> subtree intercepts pointer events
  - retrying click action, attempt #18
  -   waiting 500ms
  -   waiting for element to be visible, enabled and stable
  -   element is visible, enabled and stable
  -   scrolling into view if needed
  -   done scrolling
  -   <div _ngcontent-mjs-c183="" class="main-div ng-star-inserted">…</div> from <app-loader _nghost-mjs-c183="" _ngcontent-mjs-c184="">…</app-loader> subtree intercepts pointer events
  - retrying click action, attempt #19
  -   waiting 500ms
  -   waiting for element to be visible, enabled and stable
  -   element is visible, enabled and stable
  -   scrolling into view if needed
  -   done scrolling
  -   <div _ngcontent-mjs-c183="" class="main-div ng-star-inserted">…</div> from <app-loader _nghost-mjs-c183="" _ngcontent-mjs-c184="">…</app-loader> subtree intercepts pointer events
  - retrying click action, attempt #20
  -   waiting 500ms
  -   waiting for element to be visible, enabled and stable
  -   element is visible, enabled and stable
  -   scrolling into view if needed
  -   done scrolling
  -   <div _ngcontent-mjs-c183="" class="main-div ng-star-inserted">…</div> from <app-loader _nghost-mjs-c183="" _ngcontent-mjs-c184="">…</app-loader> subtree intercepts pointer events
  - retrying click action, attempt #21
  -   waiting 500ms
  -   waiting for element to be visible, enabled and stable
  -   element is visible, enabled and stable
  -   scrolling into view if needed
  -   done scrolling
  -   <div _ngcontent-mjs-c183="" class="main-div ng-star-inserted">…</div> from <app-loader _nghost-mjs-c183="" _ngcontent-mjs-c184="">…</app-loader> subtree intercepts pointer events
  - retrying click action, attempt #22
  -   waiting 500ms
  -   waiting for element to be visible, enabled and stable
  -   element is visible, enabled and stable
  -   scrolling into view if needed
  -   done scrolling
  -   <div _ngcontent-mjs-c183="" class="main-div ng-star-inserted">…</div> from <app-loader _nghost-mjs-c183="" _ngcontent-mjs-c184="">…</app-loader> subtree intercepts pointer events
  - retrying click action, attempt #23
  -   waiting 500ms
  -   waiting for element to be visible, enabled and stable
  -   element is visible, enabled and stable
  -   scrolling into view if needed
  -   done scrolling
  -   <div _ngcontent-mjs-c183="" class="main-div ng-star-inserted">…</div> from <app-loader _nghost-mjs-c183="" _ngcontent-mjs-c184="">…</app-loader> subtree intercepts pointer events
  - retrying click action, attempt #24
  -   waiting 500ms
  -   waiting for element to be visible, enabled and stable
  -   element is visible, enabled and stable
  -   scrolling into view if needed
  -   done scrolling
  -   <div _ngcontent-mjs-c183="" class="main-div ng-star-inserted">…</div> from <app-loader _nghost-mjs-c183="" _ngcontent-mjs-c184="">…</app-loader> subtree intercepts pointer events
  - retrying click action, attempt #25
  -   waiting 500ms
  -   waiting for element to be visible, enabled and stable
  -   element is visible, enabled and stable
  -   scrolling into view if needed
  -   done scrolling
  -   <div _ngcontent-mjs-c183="" class="main-div ng-star-inserted">…</div> from <app-loader _nghost-mjs-c183="" _ngcontent-mjs-c184="">…</app-loader> subtree intercepts pointer events
  - retrying click action, attempt #26
  -   waiting 500ms
  -   waiting for element to be visible, enabled and stable
  -   element is visible, enabled and stable
  -   scrolling into view if needed
  -   done scrolling
  -   <div _ngcontent-mjs-c183="" class="main-div ng-star-inserted">…</div> from <app-loader _nghost-mjs-c183="" _ngcontent-mjs-c184="">…</app-loader> subtree intercepts pointer events
  - retrying click action, attempt #27
  -   waiting 500ms
  -   waiting for element to be visible, enabled and stable
  -   element is visible, enabled and stable
  -   scrolling into view if needed
  -   done scrolling
  -   <div _ngcontent-mjs-c183="" class="main-div ng-star-inserted">…</div> from <app-loader _nghost-mjs-c183="" _ngcontent-mjs-c184="">…</app-loader> subtree intercepts pointer events
  - retrying click action, attempt #28
  -   waiting 500ms
  -   waiting for element to be visible, enabled and stable
  -   element is visible, enabled and stable
  -   scrolling into view if needed
  -   done scrolling
  -   <div _ngcontent-mjs-c183="" class="main-div ng-star-inserted">…</div> from <app-loader _nghost-mjs-c183="" _ngcontent-mjs-c184="">…</app-loader> subtree intercepts pointer events
  - retrying click action, attempt #29
  -   waiting 500ms
  -   waiting for element to be visible, enabled and stable
  -   element is visible, enabled and stable
  -   scrolling into view if needed
  -   done scrolling
  -   <div _ngcontent-mjs-c183="" class="main-div ng-star-inserted">…</div> from <app-loader _nghost-mjs-c183="" _ngcontent-mjs-c184="">…</app-loader> subtree intercepts pointer events
  - retrying click action, attempt #30
  -   waiting 500ms
  -   waiting for element to be visible, enabled and stable
  -   element is visible, enabled and stable
  -   scrolling into view if needed
  -   done scrolling
  -   <div _ngcontent-mjs-c183="" class="main-div ng-star-inserted">…</div> from <app-loader _nghost-mjs-c183="" _ngcontent-mjs-c184="">…</app-loader> subtree intercepts pointer events
  - retrying click action, attempt #31
  -   waiting 500ms
  -   waiting for element to be visible, enabled and stable
  -   element is visible, enabled and stable
  -   scrolling into view if needed
  -   done scrolling
  -   <div _ngcontent-mjs-c183="" class="main-div ng-star-inserted">…</div> from <app-loader _nghost-mjs-c183="" _ngcontent-mjs-c184="">…</app-loader> subtree intercepts pointer events
  - retrying click action, attempt #32
  -   waiting 500ms
  -   waiting for element to be visible, enabled and stable
  -   element is visible, enabled and stable
  -   scrolling into view if needed
  -   done scrolling
  -   <div _ngcontent-mjs-c183="" class="main-div ng-star-inserted">…</div> from <app-loader _nghost-mjs-c183="" _ngcontent-mjs-c184="">…</app-loader> subtree intercepts pointer events
  - retrying click action, attempt #33
  -   waiting 500ms
  -   waiting for element to be visible, enabled and stable
  -   element is visible, enabled and stable
  -   scrolling into view if needed
  -   done scrolling
  -   <div _ngcontent-mjs-c183="" class="main-div ng-star-inserted">…</div> from <app-loader _nghost-mjs-c183="" _ngcontent-mjs-c184="">…</app-loader> subtree intercepts pointer events
  - retrying click action, attempt #34
  -   waiting 500ms
  -   waiting for element to be visible, enabled and stable
  -   element is visible, enabled and stable
  -   scrolling into view if needed
  -   done scrolling
  -   <div _ngcontent-mjs-c183="" class="main-div ng-star-inserted">…</div> from <app-loader _nghost-mjs-c183="" _ngcontent-mjs-c184="">…</app-loader> subtree intercepts pointer events
  - retrying click action, attempt #35
  -   waiting 500ms
  -   waiting for element to be visible, enabled and stable
  -   element is visible, enabled and stable
  -   scrolling into view if needed
  -   done scrolling
  -   <div _ngcontent-mjs-c183="" class="main-div ng-star-inserted">…</div> from <app-loader _nghost-mjs-c183="" _ngcontent-mjs-c184="">…</app-loader> subtree intercepts pointer events
  - retrying click action, attempt #36
  -   waiting 500ms
  -   waiting for element to be visible, enabled and stable
  -   element is visible, enabled and stable
  -   scrolling into view if needed
  -   done scrolling
  -   <div _ngcontent-mjs-c183="" class="main-div ng-star-inserted">…</div> from <app-loader _nghost-mjs-c183="" _ngcontent-mjs-c184="">…</app-loader> subtree intercepts pointer events
  - retrying click action, attempt #37
  -   waiting 500ms
  -   waiting for element to be visible, enabled and stable
  -   element is visible, enabled and stable
  -   scrolling into view if needed
  -   done scrolling
  -   <div _ngcontent-mjs-c183="" class="main-div ng-star-inserted">…</div> from <app-loader _nghost-mjs-c183="" _ngcontent-mjs-c184="">…</app-loader> subtree intercepts pointer events
  - retrying click action, attempt #38
  -   waiting 500ms
  -   waiting for element to be visible, enabled and stable
  -   element is visible, enabled and stable
  -   scrolling into view if needed
  -   done scrolling
  -   <div _ngcontent-mjs-c183="" class="main-div ng-star-inserted">…</div> from <app-loader _nghost-mjs-c183="" _ngcontent-mjs-c184="">…</app-loader> subtree intercepts pointer events
  - retrying click action, attempt #39
  -   waiting 500ms
  -   waiting for element to be visible, enabled and stable
  -   element is visible, enabled and stable
  -   scrolling into view if needed
  -   done scrolling
  -   <div _ngcontent-mjs-c183="" class="main-div ng-star-inserted">…</div> from <app-loader _nghost-mjs-c183="" _ngcontent-mjs-c184="">…</app-loader> subtree intercepts pointer events
  - retrying click action, attempt #40
  -   waiting 500ms
  -   waiting for element to be visible, enabled and stable
  -   element is visible, enabled and stable
  -   scrolling into view if needed
  -   done scrolling
  -   <div _ngcontent-mjs-c183="" class="main-div ng-star-inserted">…</div> from <app-loader _nghost-mjs-c183="" _ngcontent-mjs-c184="">…</app-loader> subtree intercepts pointer events
  - retrying click action, attempt #41
  -   waiting 500ms
  -   waiting for element to be visible, enabled and stable
  -   element is visible, enabled and stable
  -   scrolling into view if needed
  -   done scrolling
  -   <div _ngcontent-mjs-c183="" class="main-div ng-star-inserted">…</div> from <app-loader _nghost-mjs-c183="" _ngcontent-mjs-c184="">…</app-loader> subtree intercepts pointer events
  - retrying click action, attempt #42
  -   waiting 500ms
  -   waiting for element to be visible, enabled and stable
  -   element is visible, enabled and stable
  -   scrolling into view if needed
  -   done scrolling
  -   <div _ngcontent-mjs-c183="" class="main-div ng-star-inserted">…</div> from <app-loader _nghost-mjs-c183="" _ngcontent-mjs-c184="">…</app-loader> subtree intercepts pointer events
  - retrying click action, attempt #43
  -   waiting 500ms
  -   waiting for element to be visible, enabled and stable
  -   element is visible, enabled and stable
  -   scrolling into view if needed
  -   done scrolling
  -   <div _ngcontent-mjs-c183="" class="main-div ng-star-inserted">…</div> from <app-loader _nghost-mjs-c183="" _ngcontent-mjs-c184="">…</app-loader> subtree intercepts pointer events
  - retrying click action, attempt #44
  -   waiting 500ms
  -   waiting for element to be visible, enabled and stable
  -   element is visible, enabled and stable
  -   scrolling into view if needed
  -   done scrolling
  -   <div _ngcontent-mjs-c183="" class="main-div ng-star-inserted">…</div> from <app-loader _nghost-mjs-c183="" _ngcontent-mjs-c184="">…</app-loader> subtree intercepts pointer events
  - retrying click action, attempt #45
  -   waiting 500ms
  -   waiting for element to be visible, enabled and stable
  -   element is visible, enabled and stable
  -   scrolling into view if needed
  -   done scrolling
  -   <div _ngcontent-mjs-c183="" class="main-div ng-star-inserted">…</div> from <app-loader _nghost-mjs-c183="" _ngcontent-mjs-c184="">…</app-loader> subtree intercepts pointer events
  - retrying click action, attempt #46
  -   waiting 500ms
  -   waiting for element to be visible, enabled and stable
  -   element is visible, enabled and stable
  -   scrolling into view if needed
  -   done scrolling
  -   <div _ngcontent-mjs-c183="" class="main-div ng-star-inserted">…</div> from <app-loader _nghost-mjs-c183="" _ngcontent-mjs-c184="">…</app-loader> subtree intercepts pointer events
  - retrying click action, attempt #47
  -   waiting 500ms
  -   waiting for element to be visible, enabled and stable
  -   element is visible, enabled and stable
  -   scrolling into view if needed
  -   done scrolling
  -   <div _ngcontent-mjs-c183="" class="main-div ng-star-inserted">…</div> from <app-loader _nghost-mjs-c183="" _ngcontent-mjs-c184="">…</app-loader> subtree intercepts pointer events
  - retrying click action, attempt #48
  -   waiting 500ms
  -   waiting for element to be visible, enabled and stable
  -   element is visible, enabled and stable
  -   scrolling into view if needed
  -   done scrolling
  -   <div _ngcontent-mjs-c183="" class="main-div ng-star-inserted">…</div> from <app-loader _nghost-mjs-c183="" _ngcontent-mjs-c184="">…</app-loader> subtree intercepts pointer events
  - retrying click action, attempt #49
  -   waiting 500ms
  -   waiting for element to be visible, enabled and stable
  -   element is visible, enabled and stable
  -   scrolling into view if needed
  -   done scrolling
  -   <div _ngcontent-mjs-c183="" class="main-div ng-star-inserted">…</div> from <app-loader _nghost-mjs-c183="" _ngcontent-mjs-c184="">…</app-loader> subtree intercepts pointer events
  - retrying click action, attempt #50
  -   waiting 500ms
  -   waiting for element to be visible, enabled and stable
  -   element is visible, enabled and stable
  -   scrolling into view if needed
  -   done scrolling
  -   <div _ngcontent-mjs-c183="" class="main-div ng-star-inserted">…</div> from <app-loader _nghost-mjs-c183="" _ngcontent-mjs-c184="">…</app-loader> subtree intercepts pointer events
  - retrying click action, attempt #51
  -   waiting 500ms
  -   waiting for element to be visible, enabled and stable
  -   element is visible, enabled and stable
  -   scrolling into view if needed
  -   done scrolling
  -   <div _ngcontent-mjs-c183="" class="main-div ng-star-inserted">…</div> from <app-loader _nghost-mjs-c183="" _ngcontent-mjs-c184="">…</app-loader> subtree intercepts pointer events
  - retrying click action, attempt #52
  -   waiting 500ms
  -   waiting for element to be visible, enabled and stable
  -   element is visible, enabled and stable
  -   scrolling into view if needed
  -   done scrolling
  -   <div _ngcontent-mjs-c183="" class="main-div ng-star-inserted">…</div> from <app-loader _nghost-mjs-c183="" _ngcontent-mjs-c184="">…</app-loader> subtree intercepts pointer events
  - retrying click action, attempt #53
  -   waiting 500ms
  -   waiting for element to be visible, enabled and stable
  -   element is visible, enabled and stable
  -   scrolling into view if needed
  -   done scrolling
  -   <div _ngcontent-mjs-c183="" class="main-div ng-star-inserted">…</div> from <app-loader _nghost-mjs-c183="" _ngcontent-mjs-c184="">…</app-loader> subtree intercepts pointer events
  - retrying click action, attempt #54
  -   waiting 500ms
  -   waiting for element to be visible, enabled and stable
  -   element is visible, enabled and stable
  -   scrolling into view if needed
  -   done scrolling
  -   <div _ngcontent-mjs-c183="" class="main-div ng-star-inserted">…</div> from <app-loader _nghost-mjs-c183="" _ngcontent-mjs-c184="">…</app-loader> subtree intercepts pointer events
  - retrying click action, attempt #55
  -   waiting 500ms
  -   waiting for element to be visible, enabled and stable
  -   element is visible, enabled and stable
  -   scrolling into view if needed
  -   done scrolling
  -   <div _ngcontent-mjs-c183="" class="main-div ng-star-inserted">…</div> from <app-loader _nghost-mjs-c183="" _ngcontent-mjs-c184="">…</app-loader> subtree intercepts pointer events
  - retrying click action, attempt #56
  -   waiting 500ms
  -   waiting for element to be visible, enabled and stable
  -   element is visible, enabled and stable
  -   scrolling into view if needed
  -   done scrolling
  -   <div _ngcontent-mjs-c183="" class="main-div ng-star-inserted">…</div> from <app-loader _nghost-mjs-c183="" _ngcontent-mjs-c184="">…</app-loader> subtree intercepts pointer events
  - retrying click action, attempt #57
  -   waiting 500ms
  -   waiting for element to be visible, enabled and stable
  -   element is visible, enabled and stable
  -   scrolling into view if needed
  -   done scrolling
  -   <div _ngcontent-mjs-c183="" class="main-div ng-star-inserted">…</div> from <app-loader _nghost-mjs-c183="" _ngcontent-mjs-c184="">…</app-loader> subtree intercepts pointer events
  - retrying click action, attempt #58
  -   waiting 500ms
  -   waiting for element to be visible, enabled and stable
  -   element is visible, enabled and stable
  -   scrolling into view if needed
  -   done scrolling
  -   <div _ngcontent-mjs-c183="" class="main-div ng-star-inserted">…</div> from <app-loader _nghost-mjs-c183="" _ngcontent-mjs-c184="">…</app-loader> subtree intercepts pointer events
  - retrying click action, attempt #59
  -   waiting 500ms
  -   waiting for element to be visible, enabled and stable
  -   element is visible, enabled and stable
  -   scrolling into view if needed

2025-10-25 16:51:01,576 - config - INFO - Total de filas encontradas: 10
2025-10-25 16:51:03,598 - config - INFO - Fila 1 - color: rgb(45, 172, 49)
2025-10-25 16:51:03,629 - config - INFO - Clic en radio de fila 1
